Date,Open,High,Low,Close
2008-01-02,6456.9,6512.3,6402.6,6416.7
2008-01-03,6416.7,6487.8,6394.6,6479.4
2008-01-04,6479.4,6534.7,6333.2,6348.5
2008-01-07,6348.5,6376.5,6275.2,6335.7
2008-01-08,6335.7,6399.6,6335.7,6356.5
2008-01-09,6356.5,6356.5,6241.8,6272.7
2008-01-10,6272.7,6314.5,6213.0,6222.7
2008-01-11,6222.7,6251.8,6147.0,6202.0
2008-01-14,6202.0,6247.3,6173.0,6215.7
2008-01-15,6215.7,6215.7,6025.6,6025.6
2008-01-16,6025.6,6031.5,5908.5,5942.9
2008-01-17,5942.9,6028.4,5895.4,5902.4
2008-01-18,5902.4,6030.9,5856.8,5901.7
2008-01-21,5901.7,5901.7,5571.0,5578.2
2008-01-22,5578.2,5764.0,5338.7,5740.1
2008-01-23,5740.1,5844.9,5518.3,5609.3
2008-01-24,5609.3,5882.3,5609.3,5875.8
2008-01-25,5875.8,5973.3,5848.5,5869.0
2008-01-28,5869.0,5869.0,5705.1,5788.9
2008-01-29,5788.9,5885.2,5788.9,5885.2
2008-01-30,5885.2,5885.2,5818.6,5837.3
2008-01-31,5837.3,5899.5,5689.4,5879.8
2008-02-01,5879.8,6044.9,5879.8,6029.2
2008-02-04,6029.2,6071.3,6000.2,6026.2
2008-02-05,6026.2,6026.2,5852.8,5868.0
2008-02-06,5868.0,5892.6,5816.4,5875.4
2008-02-07,5875.4,5875.4,5708.8,5724.1
2008-02-08,5724.1,5805.3,5703.1,5784.0
2008-02-11,5784.0,5789.6,5681.5,5707.7
2008-02-12,5707.7,5910.0,5707.7,5910.0
2008-02-13,5910.0,5915.0,5814.8,5880.1
2008-02-14,5880.1,5938.5,5859.4,5879.3
2008-02-15,5879.3,5915.0,5763.5,5787.6
2008-02-18,5787.6,5951.9,5787.6,5946.6
2008-02-19,5946.6,6033.7,5884.8,5966.9
2008-02-20,5966.9,5966.9,5847.4,5893.6
2008-02-21,5893.6,6004.4,5893.6,5932.2
2008-02-22,5932.2,5970.9,5863.8,5888.5
2008-02-25,5888.5,6011.7,5888.5,5999.5
2008-02-26,5999.5,6092.5,5991.6,6087.4
2008-02-27,6087.4,6104.5,5989.0,6076.5
2008-02-28,6076.5,6090.8,5960.3,5965.7
2008-02-29,5965.7,5986.2,5859.3,5884.3
2008-03-03,5884.3,5884.3,5770.1,5818.6
2008-03-04,5818.6,5872.9,5719.8,5767.7
2008-03-05,5767.7,5860.5,5763.9,5853.5
2008-03-06,5853.5,5871.1,5753.1,5766.4
2008-03-07,5766.4,5766.4,5655.7,5699.9
2008-03-10,5699.9,5718.8,5616.6,5629.1
2008-03-11,5629.1,5783.4,5629.1,5690.4
2008-03-12,5690.4,5812.7,5690.4,5776.4
2008-03-13,5776.4,5776.4,5628.9,5692.4
2008-03-14,5692.4,5782.0,5595.8,5631.7
2008-03-17,5631.7,5631.7,5414.4,5414.4
2008-03-18,5414.4,5610.0,5414.4,5605.8
2008-03-19,5605.8,5653.6,5524.8,5545.6
2008-03-20,5545.6,5545.6,5461.9,5495.2
2008-03-25,5495.2,5704.3,5495.2,5689.1
2008-03-26,5689.1,5689.1,5639.1,5660.4
2008-03-27,5660.4,5735.0,5650.9,5717.5
2008-03-28,5717.5,5747.2,5673.7,5692.9
2008-03-31,5702.1,5702.1,5702.1,5702.1
2008-04-01,5852.6,5852.6,5852.6,5852.6
2008-04-02,5852.6,5920.1,5827.2,5915.9
2008-04-03,5891.3,5891.3,5891.3,5891.3
2008-04-04,5891.3,5948.0,5888.0,5947.1
2008-04-07,6014.8,6014.8,6014.8,6014.8
2008-04-08,6014.8,6014.8,5942.2,5990.2
2008-04-09,5983.9,5983.9,5983.9,5983.9
2008-04-10,5983.9,6003.2,5881.9,5965.1
2008-04-11,5965.1,6016.3,5866.1,5895.5
2008-04-14,5831.6,5831.6,5831.6,5831.6
2008-04-15,5906.9,5906.9,5906.9,5906.9
2008-04-16,5906.9,6046.2,5906.9,6046.2
2008-04-17,6046.2,6086.4,5973.9,5980.4
2008-04-18,5980.4,6062.1,5974.3,6056.5
2008-04-21,6056.5,6089.5,6021.2,6053.0
2008-04-22,6053.0,6072.0,6007.5,6034.7
2008-04-23,6034.7,6083.6,5978.8,6083.6
2008-04-24,6083.6,6083.6,5951.9,6050.7
2008-04-25,6050.7,6098.8,6045.5,6091.4
2008-04-28,6091.4,6134.5,6083.5,6090.4
2008-04-29,6090.4,6133.5,6051.6,6089.4
2008-04-30,6089.4,6120.3,6035.8,6087.3
2008-05-01,6087.3,6118.2,6066.0,6087.3
2008-05-02,6087.3,6223.9,6087.3,6215.5
2008-05-06,6215.5,6233.7,6155.9,6215.2
2008-05-07,6215.2,6275.0,6214.1,6261.0
2008-05-08,6256.5,6273.3,6217.0,6270.8
2008-05-09,6270.8,6270.8,6167.6,6204.7
2008-05-12,6204.7,6251.9,6184.8,6220.6
2008-05-13,6220.6,6268.1,6142.3,6211.9
2008-05-14,6211.9,6253.1,6167.9,6216.0
2008-05-15,6216.0,6258.5,6168.8,6251.8
2008-05-16,6251.8,6348.6,6251.8,6304.3
2008-05-19,6304.3,6377.0,6302.8,6376.5
2008-05-20,6376.5,6376.5,6191.6,6191.6
2008-05-21,6191.6,6257.3,6183.5,6198.1
2008-05-22,6198.1,6226.2,6159.4,6181.6
2008-05-23,6181.6,6182.9,6087.3,6087.3
2008-05-27,6087.3,6141.7,6048.7,6058.5
2008-05-28,6058.5,6122.2,6052.5,6069.6
2008-05-29,6069.6,6130.5,6041.1,6068.1
2008-05-30,6068.1,6111.6,6044.7,6053.5
2008-06-02,6053.5,6060.8,5978.4,6007.6
2008-06-03,6007.6,6059.0,5993.3,6057.7
2008-06-04,6057.7,6057.7,5933.3,5970.1
2008-06-05,5970.1,6005.1,5941.0,5995.3
2008-06-06,5995.3,6074.5,5906.5,5906.8
2008-06-09,5906.8,5938.5,5869.6,5877.6
2008-06-10,5877.6,5877.6,5813.4,5827.3
2008-06-11,5827.3,5859.4,5708.3,5723.3
2008-06-12,5723.3,5797.8,5719.8,5790.5
2008-06-13,5761.7,5818.3,5719.5,5802.8
2008-06-16,5794.6,5794.6,5794.6,5794.6
2008-06-17,5861.9,5861.9,5861.9,5861.9
2008-06-18,5756.9,5756.9,5756.9,5756.9
2008-06-19,5755.5,5786.4,5708.4,5708.4
2008-06-20,5620.8,5620.8,5620.8,5620.8
2008-06-23,5620.8,5679.2,5603.2,5667.2
2008-06-24,5667.2,5693.8,5581.6,5634.7
2008-06-25,5634.7,5669.6,5634.7,5666.1
2008-06-26,5666.1,5666.1,5518.2,5518.2
2008-06-27,5518.2,5555.2,5470.9,5529.9
2008-06-30,5529.9,5625.9,5520.2,5625.9
2008-07-01,5625.9,5625.9,5466.3,5479.9
2008-07-02,5479.9,5566.8,5426.3,5426.3
2008-07-03,5426.3,5490.6,5358.5,5476.6
2008-07-04,5476.6,5490.2,5394.0,5412.8
2008-07-07,5412.8,5516.4,5400.1,5512.7
2008-07-08,5512.7,5512.7,5358.7,5440.5
2008-07-09,5440.5,5538.2,5440.5,5529.6
2008-07-10,5529.6,5529.6,5392.6,5406.8
2008-07-11,5406.8,5461.8,5261.6,5261.6
2008-07-14,5261.6,5373.2,5261.6,5300.4
2008-07-15,5300.4,5300.4,5119.0,5171.9
2008-07-16,5171.9,5210.1,5071.1,5150.6
2008-07-17,5150.6,5320.5,5150.6,5286.3
2008-07-18,5286.3,5376.4,5216.6,5376.4
2008-07-21,5376.4,5445.8,5334.6,5404.3
2008-07-22,5404.3,5404.3,5282.8,5364.1
2008-07-23,5364.1,5467.2,5364.1,5449.9
2008-07-24,5449.9,5463.7,5345.1,5362.3
2008-07-25,5362.3,5375.2,5291.4,5352.6
2008-07-28,5352.6,5365.8,5308.4,5312.6
2008-07-29,5312.6,5354.6,5261.4,5319.2
2008-07-30,5319.2,5435.9,5319.2,5420.7
2008-07-31,5420.7,5456.1,5371.3,5411.9
2008-08-01,5411.9,5411.9,5321.3,5354.7
2008-08-04,5354.7,5414.7,5310.3,5320.2
2008-08-05,5320.2,5454.5,5299.7,5454.5
2008-08-06,5454.5,5498.6,5440.1,5486.1
2008-08-07,5486.1,5539.3,5450.9,5477.5
2008-08-08,5477.5,5507.2,5410.8,5489.2
2008-08-11,5489.2,5541.8,5477.7,5541.8
2008-08-12,5541.8,5569.2,5491.3,5534.5
2008-08-13,5534.5,5534.5,5437.1,5448.6
2008-08-14,5448.6,5539.6,5445.6,5497.4
2008-08-15,5497.4,5538.8,5432.2,5454.8
2008-08-18,5454.8,5498.7,5425.3,5450.2
2008-08-19,5450.2,5450.2,5317.1,5320.4
2008-08-20,5320.4,5384.2,5320.4,5371.8
2008-08-21,5371.8,5408.0,5311.4,5370.2
2008-08-22,5370.2,5505.6,5368.0,5505.6
2008-08-26,5505.6,5505.6,5369.3,5470.7
2008-08-27,5528.1,5528.1,5528.1,5528.1
2008-08-28,5528.1,5634.0,5496.9,5601.2
2008-08-29,5601.2,5649.1,5587.4,5636.6
2008-09-01,5602.8,5602.8,5602.8,5602.8
2008-09-02,5620.7,5620.7,5620.7,5620.7
2008-09-03,5620.7,5620.7,5492.1,5499.7
2008-09-04,5362.1,5362.1,5362.1,5362.1
2008-09-05,5362.1,5362.1,5227.6,5240.7
2008-09-08,5240.7,5447.6,5240.7,5446.3
2008-09-09,5415.6,5415.6,5415.6,5415.6
2008-09-10,5415.6,5419.5,5327.8,5366.2
2008-09-11,5366.2,5377.9,5258.1,5318.4
2008-09-12,5318.4,5416.7,5318.4,5416.7
2008-09-15,5416.7,5416.7,5124.9,5204.2
2008-09-16,5204.2,5204.2,4961.2,5025.6
2008-09-17,4912.4,4912.4,4912.4,4912.4
2008-09-18,4880.0,4880.0,4880.0,4880.0
2008-09-19,4880.0,5351.2,4857.1,5311.3
2008-09-22,5236.26,5236.26,5236.26,5236.26
2008-09-23,5136.12,5136.12,5136.12,5136.12
2008-09-24,5095.57,5095.57,5095.57,5095.57
2008-09-25,5095.57,5211.64,5060.74,5197.02
2008-09-26,5197.02,5197.02,5057.33,5088.47
2008-09-29,5088.47,5088.47,4818.77,4818.77
2008-09-30,4902.45,4902.45,4902.45,4902.45
2008-10-01,4902.45,5012.24,4891.46,4959.59
2008-10-02,4959.59,5052.0,4862.11,4870.34
2008-10-03,4870.34,5003.9,4832.1,4980.25
2008-10-06,4980.25,4980.25,4549.66,4589.19
2008-10-07,4589.19,4745.01,4517.47,4605.22
2008-10-08,4605.22,4654.18,4245.29,4366.69
2008-10-09,4366.69,4512.45,4274.4,4313.8
2008-10-10,4313.8,4313.8,3873.99,3932.06
2008-10-13,3932.06,4256.9,3932.06,4256.9
2008-10-14,4256.9,4534.35,4256.9,4394.21
2008-10-15,4079.59,4079.59,4079.59,4079.59
2008-10-16,3861.39,3861.39,3861.39,3861.39
2008-10-17,4063.01,4063.01,4063.01,4063.01
2008-10-20,4063.01,4282.67,4063.01,4282.67
2008-10-21,4282.67,4347.69,4212.37,4229.73
2008-10-22,4040.89,4040.89,4040.89,4040.89
2008-10-23,4040.89,4108.36,3927.57,4087.83
2008-10-24,4087.83,4087.83,3715.24,3883.36
2008-10-27,3883.36,3911.61,3665.21,3852.59
2008-10-28,3852.59,4034.02,3847.55,3926.38
2008-10-29,3926.38,4242.54,3926.38,4242.54
2008-10-30,4242.54,4352.47,4200.24,4291.65
2008-10-31,4291.65,4383.9,4195.15,4377.34
2008-11-03,4377.34,4443.28,4348.29,4443.28
2008-11-04,4639.5,4639.5,4639.5,4639.5
2008-11-05,4639.5,4639.5,4495.7,4530.73
2008-11-06,4530.73,4530.73,4260.26,4272.41
2008-11-07,4364.96,4364.96,4364.96,4364.96
2008-11-10,4364.96,4524.87,4364.96,4403.92
2008-11-11,4403.92,4403.92,4231.49,4246.69
2008-11-12,4246.69,4333.37,4134.51,4182.02
2008-11-13,4182.02,4198.67,4079.62,4169.21
2008-11-14,4169.21,4342.29,4169.21,4232.97
2008-11-17,4232.97,4236.41,4110.68,4132.16
2008-11-18,4132.16,4208.55,4033.4,4208.55
2008-11-19,4208.55,4213.2,3999.13,4005.68
2008-11-20,4005.68,4005.68,3812.19,3874.99
2008-11-21,3874.99,3946.67,3734.07,3780.96
2008-11-24,3780.96,4153.08,3780.96,4152.96
2008-11-25,4152.96,4268.34,4069.34,4171.25
2008-11-26,4171.25,4198.74,4050.67,4152.69
2008-11-27,4152.69,4241.7,4152.69,4226.1
2008-11-28,4226.1,4288.01,4192.46,4288.01
2008-12-01,4288.01,4288.01,4038.45,4065.49
2008-12-02,4065.49,4137.11,3973.26,4122.86
2008-12-03,4122.86,4190.93,4042.31,4169.96
2008-12-04,4169.96,4261.07,4090.04,4163.61
2008-12-05,4163.61,4163.61,4002.21,4049.37
2008-12-08,4300.06,4300.06,4300.06,4300.06
2008-12-09,4300.06,4412.96,4232.62,4381.26
2008-12-10,4381.26,4407.13,4329.95,4367.28
2008-12-11,4367.28,4430.28,4307.83,4388.69
2008-12-12,4388.69,4388.69,4201.86,4280.35
2008-12-15,4280.35,4340.7,4238.87,4277.56
2008-12-16,4277.56,4330.13,4246.1,4309.08
2008-12-17,4309.08,4341.12,4231.13,4324.19
2008-12-18,4324.19,4352.68,4282.6,4330.66
2008-12-19,4330.66,4330.66,4200.71,4286.93
2008-12-22,4286.93,4305.43,4219.82,4249.16
2008-12-23,4249.16,4307.09,4244.17,4255.98
2008-12-29,4216.59,4326.25,4216.59,4319.35
2008-12-30,4319.35,4406.07,4319.35,4392.68
2009-01-02,4434.17,4561.79,4430.02,4561.79
2009-01-05,4561.79,4618.11,4520.76,4579.64
2009-01-06,4579.64,4675.68,4562.01,4638.92
2009-01-07,4638.92,4638.92,4477.99,4507.51
2009-01-08,4507.51,4514.71,4410.48,4505.37
2009-01-09,4505.37,4534.81,4431.88,4448.54
2009-01-12,4448.54,4471.34,4402.29,4426.19
2009-01-13,4426.19,4426.19,4321.34,4399.15
2009-01-14,4399.15,4426.47,4115.43,4180.64
2009-01-15,4180.64,4199.39,4090.87,4121.11
2009-01-16,4121.11,4251.68,4121.11,4147.06
2009-01-19,4147.06,4251.92,4032.39,4108.47
2009-01-20,4108.47,4184.25,4060.57,4091.4
2009-01-21,4091.4,4112.84,4001.35,4059.88
2009-01-22,4059.88,4153.88,4046.37,4052.23
2009-01-23,4052.23,4070.75,3956.67,4052.47
2009-01-26,4097.46,4225.21,4076.86,4209.01
2009-01-27,4209.01,4211.03,4130.79,4194.41
2009-01-28,4194.41,4317.61,4194.41,4295.2
2009-01-29,4295.2,4295.2,4147.7,4190.11
2009-01-30,4190.11,4228.0,4125.2,4149.64
2009-02-02,4149.64,4149.64,4036.93,4077.78
2009-02-03,4077.78,4173.24,4043.37,4164.46
2009-02-04,4164.46,4262.73,4160.43,4228.6
2009-02-05,4228.6,4235.28,4133.52,4228.93
2009-02-06,4228.93,4330.73,4225.62,4291.87
2009-02-09,4291.87,4333.97,4244.04,4307.61
2009-02-10,4307.61,4309.49,4210.46,4213.08
2009-02-11,4213.08,4244.53,4182.1,4234.26
2009-02-12,4234.26,4234.26,4135.07,4202.24
2009-02-13,4202.24,4291.57,4168.01,4189.59
2009-02-16,4165.52,4189.05,4127.26,4134.75
2009-02-17,4097.47,4101.11,3995.39,4034.13
2009-02-18,4034.13,4056.48,3938.12,4006.83
2009-02-19,4006.83,4045.2,3983.91,4018.37
2009-02-20,4018.37,4018.37,3877.76,3889.06
2009-02-23,3889.06,3959.98,3844.9,3850.73
2009-02-24,3850.73,3852.25,3772.45,3816.44
2009-02-25,3816.44,3884.06,3803.92,3848.98
2009-02-26,3848.98,3948.22,3848.98,3915.64
2009-02-27,3915.64,3915.64,3760.7,3830.09
2009-03-02,3830.09,3830.09,3625.83,3625.83
2009-03-03,3625.83,3676.86,3497.27,3512.09
2009-03-04,3512.09,3649.5,3512.09,3645.87
2009-03-05,3645.87,3645.87,3526.41,3529.86
2009-03-06,3529.86,3590.22,3492.1,3530.73
2009-03-09,3530.73,3564.75,3460.71,3542.4
2009-03-10,3542.4,3726.31,3516.3,3715.23
2009-03-11,3715.23,3763.24,3652.01,3693.81
2009-03-12,3693.81,3725.6,3616.5,3712.06
2009-03-13,3712.06,3816.02,3712.06,3753.68
2009-03-16,3753.68,3863.99,3753.68,3863.99
2009-03-17,3863.99,3863.99,3793.13,3857.1
2009-03-18,3857.1,3901.65,3768.5,3804.99
2009-03-19,3804.99,3912.64,3793.7,3816.93
2009-03-20,3816.93,3854.87,3777.73,3842.85
2009-03-23,3952.81,3952.81,3952.81,3952.81
2009-03-24,3911.46,3911.46,3911.46,3911.46
2009-03-25,3900.25,3900.25,3900.25,3900.25
2009-03-26,3925.2,3925.2,3925.2,3925.2
2009-03-27,3925.2,3950.32,3877.55,3898.85
2009-03-30,3762.91,3762.91,3762.91,3762.91
2009-03-31,3926.14,3926.14,3926.14,3926.14
2009-04-01,3955.61,3955.61,3955.61,3955.61
2009-04-02,4124.97,4124.97,4124.97,4124.97
2009-04-03,4124.97,4132.93,4015.59,4029.67
2009-04-06,3993.54,3993.54,3993.54,3993.54
2009-04-07,3930.52,3930.52,3930.52,3930.52
2009-04-08,3925.52,3925.52,3925.52,3925.52
2009-04-09,3983.71,3983.71,3983.71,3983.71
2009-04-13,3983.71,3983.71,3983.71,3983.71
2009-04-14,3988.99,3988.99,3988.99,3988.99
2009-04-15,3988.99,4023.35,3941.61,3968.4
2009-04-16,3968.4,4052.98,3963.57,4052.98
2009-04-17,4052.98,4114.32,4043.21,4092.8
2009-04-20,4072.96,4112.75,3962.87,3990.86
2009-04-21,3990.86,4019.16,3897.25,3987.46
2009-04-22,3987.46,4036.03,3948.22,4030.66
2009-04-23,4030.66,4082.31,3999.06,4018.23
2009-04-24,4018.23,4155.99,4018.23,4155.99
2009-04-27,4155.99,4179.17,4088.67,4167.01
2009-04-28,4167.01,4167.01,4058.73,4096.4
2009-04-29,4096.4,4193.32,4089.46,4189.59
2009-04-30,4189.59,4293.63,4189.59,4243.71
2009-05-01,4243.71,4251.57,4210.75,4243.22
2009-05-05,4243.22,4375.35,4243.22,4336.94
2009-05-06,4336.94,4437.61,4317.05,4396.49
2009-05-07,4396.49,4520.82,4380.27,4398.68
2009-05-08,4398.68,4487.5,4398.68,4462.09
2009-05-11,4462.09,4470.05,4401.52,4435.5
2009-05-12,4435.5,4457.46,4397.41,4425.54
2009-05-13,4425.54,4447.96,4328.17,4331.37
2009-05-14,4331.37,4371.28,4295.19,4362.58
2009-05-15,4362.58,4400.72,4317.23,4348.11
2009-05-18,4348.11,4446.45,4307.72,4446.45
2009-05-19,4446.45,4512.7,4445.48,4482.25
2009-05-20,4482.25,4504.2,4445.09,4468.41
2009-05-21,4468.41,4468.41,4325.77,4345.47
2009-05-22,4365.29,4365.29,4365.29,4365.29
2009-05-26,4411.72,4411.72,4411.72,4411.72
2009-05-27,4416.23,4416.23,4416.23,4416.23
2009-05-28,4416.23,4416.23,4341.08,4387.54
2009-05-29,4387.54,4469.43,4387.54,4417.94
2009-06-01,4417.94,4517.6,4417.94,4506.19
2009-06-02,4506.19,4506.19,4435.92,4477.02
2009-06-03,4477.02,4477.18,4359.33,4383.42
2009-06-04,4383.42,4436.25,4359.66,4386.94
2009-06-05,4386.94,4495.94,4386.94,4438.56
2009-06-08,4438.56,4438.56,4370.55,4405.22
2009-06-09,4405.22,4445.54,4387.34,4404.79
2009-06-10,4404.79,4505.89,4404.79,4436.75
2009-06-11,4436.75,4478.42,4409.15,4461.87
2009-06-12,4441.95,4441.95,4441.95,4441.95
2009-06-15,4441.95,4441.95,4319.79,4326.01
2009-06-16,4326.01,4372.85,4321.56,4328.57
2009-06-17,4328.57,4328.69,4254.62,4278.46
2009-06-18,4278.46,4305.43,4239.74,4280.86
2009-06-19,4280.86,4370.26,4279.85,4345.93
2009-06-22,4345.93,4345.93,4234.05,4234.05
2009-06-23,4234.05,4264.0,4214.88,4230.02
2009-06-24,4230.02,4293.0,4218.39,4279.98
2009-06-25,4279.98,4290.36,4213.4,4252.57
2009-06-26,4252.57,4307.16,4216.46,4241.01
2009-06-29,4241.01,4303.55,4235.19,4294.03
2009-06-30,4294.03,4311.23,4230.63,4249.21
2009-07-01,4249.21,4353.03,4249.21,4340.71
2009-07-02,4340.71,4340.71,4230.76,4234.27
2009-07-03,4234.27,4264.81,4221.19,4236.28
2009-07-06,4236.28,4236.28,4172.33,4194.91
2009-07-07,4194.91,4242.07,4184.36,4187.0
2009-07-08,4187.0,4197.55,4130.56,4140.23
2009-07-09,4140.23,4186.41,4140.23,4158.66
2009-07-10,4158.66,4160.48,4123.49,4127.17
2009-07-13,4127.17,4209.25,4096.08,4202.13
2009-07-14,4202.13,4256.37,4198.74,4237.68
2009-07-15,4237.68,4346.46,4237.68,4346.46
2009-07-16,4346.46,4385.15,4329.43,4361.84
2009-07-17,4361.84,4411.91,4361.84,4388.75
2009-07-20,4388.75,4464.81,4388.75,4443.62
2009-07-21,4443.62,4502.12,4437.81,4481.17
2009-07-22,4481.17,4497.98,4449.19,4493.73
2009-07-23,4493.73,4566.77,4472.07,4559.8
2009-07-24,4559.8,4603.21,4536.45,4576.61
2009-07-27,4576.61,4615.12,4553.09,4586.13
2009-07-28,4586.13,4616.44,4520.26,4528.84
2009-07-29,4528.84,4581.78,4512.1,4547.53
2009-07-30,4547.53,4646.86,4547.53,4631.61
2009-07-31,4631.61,4645.5,4599.72,4608.36
2009-08-03,4608.36,4710.23,4595.58,4682.46
2009-08-04,4682.46,4682.46,4627.71,4665.39
2009-08-05,4671.37,4696.64,4630.63,4647.13
2009-08-06,4647.13,4729.58,4647.13,4690.53
2009-08-07,4690.53,4743.62,4632.16,4731.56
2009-08-10,4731.56,4731.56,4688.77,4722.2
2009-08-11,4722.2,4744.11,4657.78,4671.34
2009-08-12,4671.34,4722.55,4631.7,4716.76
2009-08-13,4716.76,4789.98,4716.76,4755.46
2009-08-14,4755.46,4790.18,4699.5,4713.97
2009-08-17,4713.97,4713.97,4610.34,4645.01
2009-08-18,4645.01,4688.22,4645.01,4685.78
2009-08-19,4685.78,4698.5,4625.44,4689.67
2009-08-20,4689.67,4766.85,4689.67,4756.58
2009-08-21,4756.58,4858.53,4735.78,4850.89
2009-08-24,4850.89,4911.41,4850.89,4896.23
2009-08-25,4896.23,4923.28,4858.94,4916.8
2009-08-26,4916.8,4927.05,4872.35,4890.58
2009-08-27,4890.58,4906.2,4855.32,4869.35
2009-08-28,4869.35,4944.16,4869.35,4908.9
2009-09-01,4819.7,4819.7,4819.7,4819.7
2009-09-02,4817.55,4821.91,4776.5,4817.55
2009-09-03,4817.55,4841.51,4788.89,4796.75
2009-09-04,4796.75,4873.78,4796.75,4851.7
2009-09-07,4851.7,4941.7,4851.7,4933.18
2009-09-08,4933.18,4971.99,4926.05,4947.34
2009-09-09,4947.34,5004.3,4928.39,5004.3
2009-09-10,5004.3,5035.34,4956.56,4987.68
2009-09-11,4987.68,5038.76,4987.68,5011.47
2009-09-14,5011.47,5020.86,4953.71,5018.85
2009-09-15,5018.85,5062.69,4996.52,5042.13
2009-09-16,5042.13,5131.26,5042.13,5124.13
2009-09-17,5124.13,5173.13,5124.13,5163.95
2009-09-18,5163.95,5183.88,5147.13,5172.89
2009-09-21,5172.89,5182.23,5107.71,5134.36
2009-09-22,5134.36,5189.88,5134.36,5142.6
2009-09-23,5142.6,5175.1,5126.6,5139.37
2009-09-24,5139.37,5165.41,5073.35,5079.27
2009-09-25,5082.2,5082.2,5082.2,5082.2
2009-09-28,5082.2,5170.81,5050.78,5165.7
2009-09-29,5165.7,5184.05,5136.49,5159.72
2009-09-30,5159.72,5190.0,5092.75,5133.9
2009-10-01,5133.9,5164.37,5043.98,5047.81
2009-10-02,5047.81,5047.81,4954.98,4988.7
2009-10-05,4988.7,5024.33,4976.88,5024.33
2009-10-06,5024.33,5149.9,5024.33,5137.98
2009-10-07,5137.98,5156.21,5104.49,5108.9
2009-10-08,5108.9,5172.82,5108.9,5154.64
2009-10-09,5154.64,5171.53,5130.37,5161.87
2009-10-12,5161.87,5231.19,5161.87,5210.17
2009-10-13,5210.17,5221.65,5154.15,5154.15
2009-10-14,5154.15,5261.26,5154.15,5256.1
2009-10-15,5256.1,5267.9,5218.92,5222.95
2009-10-16,5222.95,5272.92,5176.38,5190.24
2009-10-19,5190.24,5281.54,5190.24,5281.54
2009-10-20,5281.54,5298.54,5243.4,5243.4
2009-10-21,5243.4,5267.98,5174.48,5257.85
2009-10-22,5257.85,5257.85,5166.46,5207.36
2009-10-23,5207.36,5299.57,5207.36,5242.57
2009-10-26,5242.57,5281.12,5166.44,5191.74
2009-10-27,5191.74,5230.57,5181.91,5200.97
2009-10-28,5200.97,5200.97,5074.11,5080.42
2009-10-29,5080.42,5145.58,5042.66,5137.72
2009-10-30,5137.72,5169.85,5024.43,5044.55
2009-11-02,5044.55,5115.7,5022.52,5104.5
2009-11-03,5104.5,5104.5,4985.09,5037.21
2009-11-04,5037.21,5120.82,5037.21,5107.89
2009-11-05,5107.14,5154.63,5036.91,5125.64
2009-11-06,5125.64,5159.04,5077.86,5142.72
2009-11-09,5142.72,5240.02,5142.72,5235.18
2009-11-10,5235.18,5264.32,5221.51,5230.55
2009-11-11,5266.75,5266.75,5266.75,5266.75
2009-11-12,5266.75,5304.94,5254.11,5276.5
2009-11-13,5276.5,5297.44,5251.27,5296.38
2009-11-16,5296.38,5396.96,5296.38,5382.67
2009-11-17,5382.67,5382.67,5337.01,5345.93
2009-11-18,5345.93,5372.1,5331.64,5342.13
2009-11-19,5342.13,5343.82,5254.18,5267.7
2009-11-20,5267.7,5309.39,5224.01,5251.41
2009-11-23,5251.41,5379.48,5251.41,5355.5
2009-11-24,5355.5,5374.89,5309.13,5323.96
2009-11-25,5323.96,5372.22,5323.96,5364.81
2009-11-26,5364.81,5364.81,5189.38,5194.13
2009-11-27,5194.13,5270.99,5103.78,5245.73
2009-11-30,5245.73,5270.36,5190.68,5190.68
2009-12-01,5190.68,5312.17,5190.68,5312.17
2009-12-02,5312.17,5348.15,5283.5,5327.39
2009-12-03,5327.39,5372.18,5312.08,5313.0
2009-12-04,5313.0,5373.21,5272.89,5322.36
2009-12-07,5322.36,5328.28,5251.76,5310.66
2009-12-08,5310.66,5323.26,5206.57,5223.13
2009-12-09,5223.13,5245.05,5177.44,5203.89
2009-12-10,5203.89,5254.21,5194.49,5244.37
2009-12-11,5244.37,5311.22,5244.37,5261.57
2009-12-14,5261.57,5329.71,5261.57,5315.34
2009-12-15,5315.34,5327.53,5251.31,5285.77
2009-12-16,5285.77,5334.71,5283.91,5320.26
2009-12-17,5320.26,5320.26,5217.61,5217.61
2009-12-18,5217.61,5287.55,5196.81,5196.81
2009-12-21,5196.81,5319.92,5196.81,5293.99
2009-12-22,5293.99,5361.73,5293.99,5328.66
2009-12-23,5328.66,5386.46,5328.66,5372.38
2009-12-24,5372.38,5402.41,5368.1,5402.41
2009-12-29,5402.41,5445.17,5402.41,5437.61
2009-12-30,5437.61,5442.41,5390.58,5397.86
2009-12-31,5397.86,5431.9,5390.6,5412.88
2010-01-04,5412.88,5500.34,5412.88,5500.34
2010-01-05,5500.34,5536.32,5480.8,5522.5
2010-01-06,5522.5,5536.43,5497.76,5530.04
2010-01-07,5530.04,5551.66,5500.35,5526.72
2010-01-08,5526.72,5549.17,5494.79,5534.24
2010-01-11,5534.24,5600.4,5527.9,5538.07
2010-01-12,5538.07,5549.56,5460.23,5498.71
2010-01-13,5498.71,5509.59,5451.13,5473.48
2010-01-14,5473.48,5520.69,5473.48,5498.2
2010-01-15,5498.2,5526.91,5451.0,5455.37
2010-01-18,5455.37,5504.0,5454.31,5494.39
2010-01-19,5494.39,5531.93,5431.25,5513.14
2010-01-20,5513.14,5513.14,5404.03,5420.8
2010-01-21,5420.8,5468.38,5331.56,5335.1
2010-01-22,5335.1,5345.6,5253.04,5302.99
2010-01-25,5302.99,5330.61,5252.92,5260.31
2010-01-26,5260.31,5276.85,5215.73,5276.85
2010-01-27,5276.85,5276.85,5192.58,5217.47
2010-01-28,5217.47,5280.36,5145.74,5145.74
2010-01-29,5145.74,5230.16,5145.74,5188.52
2010-02-01,5188.52,5250.07,5163.57,5247.41
2010-02-02,5247.41,5289.05,5208.21,5283.31
2010-02-03,5283.31,5305.41,5237.72,5253.15
2010-02-04,5253.15,5262.22,5123.86,5139.31
2010-02-05,5139.31,5139.31,5033.78,5060.92
2010-02-08,5060.92,5118.12,5033.01,5092.33
2010-02-09,5092.33,5132.93,5084.75,5111.84
2010-02-10,5111.84,5181.21,5105.3,5131.99
2010-02-11,5131.99,5201.82,5114.53,5161.48
2010-02-12,5161.48,5207.73,5117.38,5142.45
2010-02-15,5194.29,5194.29,5167.47,5167.47
2010-02-16,5167.47,5248.08,5167.47,5244.06
2010-02-17,5244.06,5304.54,5244.06,5276.64
2010-02-18,5276.64,5326.42,5261.71,5325.09
2010-02-19,5325.09,5366.14,5281.41,5358.17
2010-02-22,5387.03,5387.03,5352.07,5352.07
2010-02-23,5352.07,5395.48,5302.03,5315.09
2010-02-24,5315.09,5357.87,5298.23,5342.92
2010-02-25,5278.22,5278.22,5278.22,5278.22
2010-02-26,5278.22,5367.75,5278.22,5354.52
2010-03-01,5420.83,5420.83,5405.94,5405.94
2010-03-02,5405.94,5485.01,5403.73,5484.06
2010-03-03,5484.06,5541.81,5465.29,5533.21
2010-03-04,5533.21,5544.23,5501.08,5527.16
2010-03-05,5527.16,5605.38,5527.16,5599.76
2010-03-08,5599.76,5621.15,5579.16,5606.72
2010-03-09,5606.72,5618.43,5563.14,5602.3
2010-03-10,5602.3,5645.25,5585.35,5640.57
2010-03-11,5640.57,5642.87,5594.74,5617.26
2010-03-12,5617.26,5646.68,5612.39,5625.65
2010-03-15,5625.65,5627.02,5588.2,5593.85
2010-03-16,5593.85,5637.7,5593.85,5620.43
2010-03-17,5620.43,5657.77,5620.43,5644.63
2010-03-18,5644.63,5660.99,5619.17,5642.62
2010-03-19,5650.12,5650.12,5650.12,5650.12
2010-03-22,5650.12,5650.12,5583.49,5644.54
2010-03-23,5644.54,5695.94,5644.54,5673.63
2010-03-24,5673.63,5698.87,5636.01,5677.88
2010-03-25,5677.88,5737.1,5673.14,5727.65
2010-03-26,5727.65,5727.65,5695.5,5703.02
2010-03-29,5703.02,5733.11,5684.62,5710.66
2010-03-30,5710.66,5742.75,5662.84,5672.32
2010-03-31,5672.32,5698.47,5646.29,5679.64
2010-04-01,5679.64,5744.89,5679.48,5744.89
2010-04-06,5744.89,5790.4,5744.59,5780.35
2010-04-07,5780.35,5782.25,5753.42,5762.06
2010-04-08,5762.06,5762.06,5684.52,5712.7
2010-04-09,5712.7,5773.6,5712.7,5770.98
2010-04-12,5770.98,5803.71,5755.78,5777.65
2010-04-13,5777.65,5778.92,5741.92,5761.66
2010-04-14,5761.66,5812.84,5761.66,5796.25
2010-04-15,5796.25,5832.34,5778.37,5825.01
2010-04-16,5825.01,5833.73,5726.35,5743.96
2010-04-19,5743.96,5748.33,5697.24,5727.91
2010-04-20,5727.91,5796.61,5727.91,5783.69
2010-04-21,5783.69,5796.99,5721.28,5723.43
2010-04-22,5723.43,5761.36,5652.35,5665.33
2010-04-23,5665.33,5740.88,5665.33,5723.65
2010-04-26,5723.65,5800.66,5723.65,5753.85
2010-04-27,5753.85,5758.64,5603.52,5603.52
2010-04-28,5603.52,5639.98,5533.6,5586.61
2010-04-29,5586.61,5638.82,5579.69,5617.84
2010-04-30,5617.84,5643.87,5540.6,5553.29
2010-05-04,5553.29,5565.99,5398.86,5411.11
2010-05-05,5411.11,5428.77,5304.61,5341.93
2010-05-06,5341.93,5371.54,5251.28,5260.99
2010-05-07,5260.99,5264.48,5045.35,5123.02
2010-05-10,5123.02,5399.75,5123.02,5387.42
2010-05-11,5387.42,5387.42,5257.15,5334.21
2010-05-12,5334.21,5401.02,5284.65,5383.45
2010-05-13,5383.45,5435.99,5381.55,5433.73
2010-05-14,5433.73,5433.73,5245.38,5262.85
2010-05-17,5262.85,5327.46,5231.6,5262.54
2010-05-18,5262.54,5341.41,5262.54,5307.34
2010-05-19,5307.34,5307.34,5158.08,5158.08
2010-05-20,5158.08,5230.18,5000.76,5073.13
2010-05-21,5073.13,5083.96,4957.06,5062.93
2010-05-24,5062.93,5109.44,5021.6,5069.61
2010-05-25,5069.61,5069.61,4898.49,4940.68
2010-05-26,4940.68,5097.91,4940.48,5038.08
2010-05-27,5038.08,5195.37,5038.08,5195.17
2010-05-28,5195.17,5240.27,5186.04,5188.43
2010-06-01,5188.43,5192.08,5063.2,5163.3
2010-06-02,5163.3,5163.3,5072.53,5151.32
2010-06-03,5151.32,5262.5,5151.32,5211.18
2010-06-04,5211.18,5261.71,5102.05,5126.0
2010-06-07,5126.0,5126.0,5040.26,5069.06
2010-06-08,5069.06,5084.13,4984.66,5028.15
2010-06-09,5028.15,5085.86,4998.06,5085.86
2010-06-10,5085.86,5149.69,5030.93,5132.5
2010-06-11,5132.5,5184.37,5116.72,5163.68
2010-06-14,5163.68,5215.22,5163.68,5202.13
2010-06-15,5202.13,5242.08,5149.13,5217.82
2010-06-16,5217.82,5257.26,5209.39,5237.92
2010-06-17,5237.92,5293.76,5233.2,5253.89
2010-06-18,5253.89,5289.14,5239.37,5250.84
2010-06-21,5250.84,5331.46,5250.84,5299.11
2010-06-22,5299.11,5299.11,5210.02,5246.98
2010-06-23,5246.98,5247.85,5165.82,5178.52
2010-06-24,5178.52,5211.8,5090.96,5100.23
2010-06-25,5100.23,5130.5,5031.72,5046.47
2010-06-28,5046.47,5085.65,5024.7,5071.68
2010-06-29,5071.68,5071.68,4899.02,4914.22
2010-06-30,4914.22,4961.9,4898.51,4916.87
2010-07-01,4916.87,4916.87,4790.04,4805.75
2010-07-02,4805.75,4880.88,4805.75,4838.09
2010-07-05,4838.09,4863.35,4821.09,4823.53
2010-07-06,4823.53,4967.65,4823.53,4965.0
2010-07-07,4965.0,5014.82,4891.97,5014.82
2010-07-08,5014.82,5123.53,5014.82,5105.45
2010-07-09,5105.45,5150.64,5098.79,5132.94
2010-07-12,5132.94,5193.22,5128.6,5167.02
2010-07-13,5167.02,5272.3,5167.01,5271.02
2010-07-14,5271.02,5287.28,5205.78,5253.52
2010-07-15,5253.52,5268.41,5187.46,5211.29
2010-07-16,5211.29,5273.58,5153.3,5158.85
2010-07-19,5158.85,5196.77,5111.89,5148.28
2010-07-20,5148.28,5179.99,5090.57,5139.46
2010-07-21,5139.46,5244.88,5139.46,5214.64
2010-07-22,5214.64,5319.48,5180.98,5313.81
2010-07-23,5313.81,5328.51,5272.67,5312.62
2010-07-26,5312.62,5351.92,5301.29,5351.12
2010-07-27,5351.12,5411.45,5351.12,5365.67
2010-07-28,5365.67,5398.1,5314.57,5319.68
2010-07-29,5319.68,5375.23,5313.95,5313.95
2010-07-30,5313.95,5322.67,5245.52,5258.02
2010-08-02,5258.02,5401.69,5258.02,5397.11
2010-08-03,5397.11,5397.26,5353.49,5396.48
2010-08-04,5396.48,5406.83,5318.79,5386.16
2010-08-05,5386.16,5416.76,5356.83,5365.78
2010-08-06,5365.78,5408.06,5307.6,5332.39
2010-08-09,5332.39,5418.58,5332.39,5410.52
2010-08-10,5410.52,5411.56,5348.11,5376.41
2010-08-11,5376.41,5376.41,5245.03,5245.21
2010-08-12,5245.21,5272.5,5210.55,5266.06
2010-08-13,5266.06,5308.84,5225.91,5275.44
2010-08-16,5275.44,5304.64,5228.64,5276.1
2010-08-17,5276.1,5351.45,5276.1,5350.55
2010-08-18,5350.55,5350.55,5296.93,5302.87
2010-08-19,5302.87,5336.35,5205.64,5211.29
2010-08-20,5211.29,5233.02,5160.43,5195.28
2010-08-23,5195.28,5268.43,5186.92,5234.84
2010-08-24,5234.84,5234.84,5109.88,5155.95
2010-08-25,5155.95,5168.46,5070.94,5109.4
2010-08-26,5109.4,5167.76,5109.4,5155.84
2010-08-27,5155.84,5211.58,5121.0,5201.56
2010-08-31,5201.56,5225.22,5129.66,5225.22
2010-09-01,5225.22,5366.41,5225.22,5366.41
2010-09-02,5366.41,5383.72,5346.96,5371.04
2010-09-03,5371.04,5454.01,5371.04,5428.15
2010-09-06,5428.15,5459.4,5428.15,5439.19
2010-09-07,5439.19,5439.21,5381.07,5407.82
2010-09-08,5407.82,5445.62,5361.42,5429.74
2010-09-09,5429.74,5505.66,5412.48,5494.16
2010-09-10,5494.16,5511.52,5475.94,5501.64
2010-09-13,5501.64,5571.39,5501.64,5565.53
2010-09-14,5565.53,5582.46,5541.5,5567.41
2010-09-15,5567.41,5578.69,5535.95,5555.56
2010-09-16,5555.56,5564.46,5533.96,5540.14
2010-09-17,5540.14,5612.89,5508.45,5508.45
2010-09-20,5508.45,5607.31,5508.45,5602.54
2010-09-21,5602.54,5635.72,5576.19,5576.19
2010-09-22,5576.19,5597.55,5516.86,5551.91
2010-09-23,5551.91,5588.79,5471.69,5547.08
2010-09-24,5547.08,5612.54,5516.46,5598.48
2010-09-27,5598.48,5615.78,5569.89,5573.42
2010-09-28,5573.42,5582.05,5506.07,5578.44
2010-09-29,5578.44,5624.5,5544.72,5569.27
2010-09-30,5569.27,5650.33,5539.06,5548.62
2010-10-01,5548.62,5615.14,5547.55,5592.9
2010-10-04,5592.9,5601.22,5550.79,5555.97
2010-10-05,5555.97,5646.08,5550.57,5635.76
2010-10-06,5635.76,5695.51,5635.76,5681.39
2010-10-07,5681.39,5707.33,5650.78,5662.13
2010-10-08,5662.13,5663.74,5606.6,5657.61
2010-10-11,5657.61,5685.95,5655.7,5672.4
2010-10-12,5672.4,5677.02,5597.46,5661.59
2010-10-13,5661.59,5760.49,5661.59,5747.35
2010-10-14,5747.35,5770.92,5712.88,5727.21
2010-10-15,5727.21,5743.92,5665.95,5703.37
2010-10-18,5703.37,5748.81,5670.07,5742.52
2010-10-19,5742.52,5761.93,5690.58,5703.89
2010-10-20,5703.89,5729.96,5680.43,5728.93
2010-10-21,5728.93,5786.73,5698.02,5757.86
2010-10-22,5757.86,5758.01,5724.31,5741.37
2010-10-25,5741.37,5794.31,5741.37,5751.98
2010-10-26,5751.98,5754.2,5677.2,5707.3
2010-10-27,5707.3,5707.3,5630.85,5646.02
2010-10-28,5646.02,5711.82,5645.96,5677.89
2010-10-29,5677.89,5699.23,5647.05,5675.16
2010-11-01,5675.16,5733.01,5667.39,5694.62
2010-11-02,5694.62,5771.63,5690.44,5757.43
2010-11-03,5757.43,5773.73,5730.47,5748.97
2010-11-04,5748.97,5876.03,5748.97,5862.79
2010-11-05,5862.79,5899.37,5834.03,5875.35
2010-11-08,5875.35,5880.99,5841.29,5849.96
2010-11-09,5849.96,5902.11,5847.43,5875.19
2010-11-10,5875.19,5876.97,5796.23,5816.94
2010-11-11,5816.94,5846.45,5792.56,5815.23
2010-11-12,5815.23,5831.81,5711.73,5796.87
2010-11-15,5796.87,5832.88,5755.68,5820.41
2010-11-16,5820.41,5820.43,5680.87,5681.9
2010-11-17,5681.9,5704.39,5659.65,5692.56
2010-11-18,5692.56,5782.98,5692.56,5768.71
2010-11-19,5768.71,5774.07,5684.49,5732.83
2010-11-22,5732.83,5783.14,5668.48,5680.83
2010-11-23,5680.83,5681.06,5581.28,5581.28
2010-11-24,5581.28,5671.87,5573.33,5657.1
2010-11-25,5657.1,5707.92,5654.7,5698.93
2010-11-26,5698.93,5699.02,5599.29,5668.7
2010-11-29,5668.7,5722.7,5550.95,5550.95
2010-11-30,5550.95,5597.0,5519.19,5528.27
2010-12-01,5528.27,5656.22,5528.27,5642.5
2010-12-02,5642.5,5770.94,5642.5,5767.56
2010-12-03,5767.56,5784.26,5720.2,5745.32
2010-12-06,5745.32,5785.7,5728.46,5770.28
2010-12-07,5770.28,5850.4,5769.67,5808.45
2010-12-08,5808.45,5826.59,5774.28,5794.53
2010-12-09,5794.53,5837.96,5794.53,5807.96
2010-12-10,5807.96,5827.59,5794.51,5812.95
2010-12-13,5812.95,5873.71,5812.94,5860.75
2010-12-14,5860.75,5891.21,5847.15,5891.21
2010-12-15,5891.21,5898.04,5858.11,5882.18
2010-12-16,5882.18,5907.1,5862.86,5881.12
2010-12-17,5881.12,5902.53,5857.33,5871.75
2010-12-20,5871.75,5913.83,5865.51,5891.61
2010-12-21,5891.61,5953.94,5891.14,5951.8
2010-12-22,5951.8,5991.9,5936.3,5983.49
2010-12-23,5983.49,6000.55,5982.16,5996.07
2010-12-24,5996.07,6008.92,5978.24,6008.92
2010-12-29,6008.92,6021.46,5976.98,5996.36
2010-12-30,5996.36,6009.84,5969.71,5971.01
2010-12-31,5971.01,5985.7,5899.94,5899.94
2011-01-04,5899.94,6049.45,5899.94,6013.87
2011-01-05,6013.87,6043.86,5964.43,6043.86
2011-01-06,6043.86,6090.49,6004.56,6019.51
2011-01-07,6019.51,6023.7,5973.41,5984.33
2011-01-10,5984.33,5984.33,5939.89,5956.3
2011-01-11,5956.3,6035.89,5956.3,6014.03
2011-01-12,6014.03,6050.72,6013.87,6050.72
2011-01-13,6050.72,6055.47,6005.51,6023.88
2011-01-14,6023.88,6031.74,5948.47,6002.07
2011-01-17,6002.07,6013.4,5975.64,5985.7
2011-01-18,5985.7,6065.71,5985.48,6056.43
2011-01-19,6056.43,6077.06,5974.79,5976.7
2011-01-20,5976.7,5977.5,5867.29,5867.91
2011-01-21,5867.91,5939.33,5867.91,5896.25
2011-01-24,5896.25,5960.55,5887.6,5943.85
2011-01-25,5943.85,5964.69,5904.33,5917.71
2011-01-26,5917.71,6003.28,5917.71,5969.21
2011-01-27,5969.21,5997.33,5950.72,5965.08
2011-01-28,5965.08,5965.84,5877.88,5881.37
2011-01-31,5881.37,5881.72,5815.44,5862.94
2011-02-01,5862.94,5963.72,5862.94,5957.82
2011-02-02,5957.82,6020.46,5957.82,6000.07
2011-02-03,6000.07,6000.29,5951.82,5983.34
2011-02-04,5983.34,6023.41,5983.33,5997.38
2011-02-07,5997.38,6054.09,5996.61,6051.03
2011-02-08,6051.03,6091.33,6032.88,6091.33
2011-02-09,6091.33,6091.33,6049.5,6052.29
2011-02-10,6052.29,6052.29,5986.48,6020.01
2011-02-11,6020.01,6071.4,5973.44,6062.9
2011-02-14,6062.9,6091.48,6042.1,6060.09
2011-02-15,6060.09,6072.07,6023.77,6037.08
2011-02-16,6037.08,6095.76,6033.51,6085.27
2011-02-17,6085.27,6101.42,6066.71,6087.38
2011-02-18,6087.38,6096.78,6048.83,6082.99
2011-02-21,6082.99,6105.77,6013.14,6014.8
2011-02-22,6014.8,6028.56,5926.55,5996.76
2011-02-23,5996.76,5996.76,5915.52,5923.53
2011-02-24,5923.53,5936.68,5860.95,5919.98
2011-02-25,5919.98,6011.5,5919.98,6001.2
2011-02-28,6001.2,6022.33,5963.58,5994.01
2011-03-01,5994.01,6040.43,5927.43,5935.76
2011-03-02,5935.76,5941.82,5865.92,5914.89
2011-03-03,5914.89,6017.08,5914.89,6005.09
2011-03-04,6005.09,6052.08,5983.21,5990.39
2011-03-07,5990.39,6043.12,5967.68,5973.78
2011-03-08,5973.78,5999.93,5911.0,5974.76
2011-03-09,5974.76,5979.33,5922.66,5937.3
2011-03-10,5937.3,5937.3,5833.23,5845.29
2011-03-11,5845.29,5845.29,5796.44,5828.67
2011-03-14,5828.67,5842.04,5769.04,5775.24
2011-03-15,5775.24,5775.24,5591.59,5695.28
2011-03-16,5695.28,5720.92,5598.23,5598.23
2011-03-17,5598.23,5707.68,5598.23,5696.11
2011-03-18,5696.11,5758.17,5696.11,5718.13
2011-03-21,5718.13,5798.78,5718.13,5786.09
2011-03-22,5786.09,5813.81,5742.62,5762.71
2011-03-23,5762.71,5802.44,5731.4,5795.88
2011-03-24,5795.88,5888.7,5780.41,5880.87
2011-03-25,5880.87,5918.73,5878.22,5900.76
2011-03-28,5900.76,5922.99,5900.6,5904.49
2011-03-29,5904.49,5932.73,5879.9,5932.17
2011-03-30,5932.17,5970.98,5932.17,5948.3
2011-03-31,5948.3,5972.8,5908.76,5908.76
2011-04-01,5908.76,6014.77,5908.76,6009.92
2011-04-04,6009.92,6035.12,5987.7,6016.98
2011-04-05,6016.98,6026.3,5989.05,6007.06
2011-04-06,6007.06,6056.37,6007.06,6041.13
2011-04-07,6041.13,6053.12,6007.37,6007.37
2011-04-08,6007.37,6066.39,6007.37,6055.75
2011-04-11,6055.75,6070.78,6044.52,6053.44
2011-04-12,6053.44,6053.63,5958.28,5964.47
2011-04-13,5964.47,6043.36,5964.47,6010.44
2011-04-14,6010.44,6010.48,5943.75,5963.8
2011-04-15,5963.8,5996.76,5963.55,5996.01
2011-04-18,5996.01,5997.46,5858.32,5870.08
2011-04-19,5870.08,5922.21,5870.08,5896.87
2011-04-20,5896.87,6033.79,5896.87,6022.26
2011-04-21,6022.26,6049.37,6005.76,6018.3
2011-04-26,6018.3,6070.59,6006.95,6069.36
2011-04-27,6069.36,6089.4,6045.87,6068.16
2011-04-28,6068.16,6091.75,6051.04,6069.9
2011-05-03,6069.9,6103.73,6050.71,6082.88
2011-05-04,6082.88,6083.84,5972.83,5984.07
2011-05-05,5984.07,6009.1,5912.61,5919.98
2011-05-06,5919.98,5984.92,5871.57,5976.77
2011-05-09,5976.77,5999.9,5922.23,5942.69
2011-05-10,5942.69,6023.11,5940.06,6018.89
2011-05-11,6018.89,6040.24,5965.26,5976.0
2011-05-12,5976.0,5976.44,5882.39,5944.96
2011-05-13,5944.96,6001.33,5919.91,5925.87
2011-05-16,5925.87,5936.19,5862.16,5923.69
2011-05-17,5923.69,5942.81,5861.0,5861.0
2011-05-18,5861.0,5934.51,5860.65,5923.49
2011-05-19,5963.4,6003.92,5955.99,5955.99
2011-05-20,5955.99,6017.56,5927.74,5948.49
2011-05-23,5948.49,5948.49,5833.44,5835.89
2011-05-24,5835.89,5884.66,5835.89,5858.41
2011-05-25,5858.41,5881.18,5810.46,5870.14
2011-05-26,5870.14,5910.77,5866.67,5880.99
2011-05-27,5880.99,5951.37,5880.99,5938.87
2011-05-31,5938.87,6009.98,5938.87,5989.99
2011-06-01,5989.99,5995.22,5911.68,5928.61
2011-06-02,5928.61,5928.61,5847.92,5847.92
2011-06-03,5847.92,5868.19,5802.67,5855.01
2011-06-06,5855.01,5881.06,5827.51,5863.16
2011-06-07,5863.16,5890.58,5849.23,5864.65
2011-06-08,5864.65,5864.65,5791.8,5808.89
2011-06-09,5808.89,5861.17,5795.0,5856.34
2011-06-10,5856.34,5866.95,5758.33,5765.8
2011-06-13,5765.8,5793.84,5763.42,5773.46
2011-06-14,5773.46,5822.6,5773.46,5803.13
2011-06-15,5803.13,5803.35,5742.55,5742.55
2011-06-16,5742.55,5742.55,5644.38,5698.81
2011-06-17,5698.81,5733.2,5644.98,5714.94
2011-06-20,5714.94,5714.94,5647.23,5693.39
2011-06-21,5693.39,5778.07,5692.97,5775.31
2011-06-22,5775.31,5789.12,5741.82,5772.99
2011-06-23,5772.99,5772.99,5663.3,5674.38
2011-06-24,5674.38,5768.54,5674.38,5697.72
2011-06-27,5697.72,5728.43,5679.6,5722.34
2011-06-28,5722.34,5795.1,5722.34,5766.88
2011-06-29,5766.88,5860.92,5766.88,5855.95
2011-06-30,5855.95,5945.71,5855.95,5945.71
2011-07-01,5945.71,5999.04,5936.96,5989.76
2011-07-04,5989.76,6030.82,5985.69,6017.54
2011-07-05,6017.54,6036.31,6011.07,6024.03
2011-07-06,6024.03,6026.48,5973.82,6002.92
2011-07-07,6002.92,6071.67,6002.92,6054.55
2011-07-08,6054.55,6084.08,5981.73,5990.58
2011-07-11,5990.58,5998.58,5900.75,5929.16
2011-07-12,5929.16,5929.16,5793.04,5868.96
2011-07-13,5868.96,5911.0,5850.96,5906.43
2011-07-14,5906.43,5906.43,5841.17,5846.95
2011-07-15,5846.95,5863.57,5805.99,5843.66
2011-07-18,5843.66,5843.66,5752.81,5752.81
2011-07-19,5752.81,5801.99,5752.81,5789.99
2011-07-20,5789.99,5856.36,5789.99,5853.82
2011-07-21,5853.82,5934.28,5797.48,5899.89
2011-07-22,5899.89,5966.84,5899.89,5935.02
2011-07-25,5935.02,5938.55,5892.64,5925.26
2011-07-26,5925.26,5951.34,5895.58,5929.73
2011-07-27,5929.73,5932.0,5841.03,5856.58
2011-07-28,5856.58,5882.56,5801.58,5873.21
2011-07-29,5873.21,5873.21,5772.43,5815.19
2011-08-01,5815.19,5913.46,5767.06,5774.43
2011-08-02,5774.43,5778.92,5705.34,5718.39
2011-08-03,5718.39,5718.39,5557.74,5584.51
2011-08-04,5584.51,5644.05,5393.14,5393.14
2011-08-05,5393.14,5393.14,5202.62,5246.99
2011-08-08,5246.99,5295.78,5062.42,5068.95
2011-08-09,5068.95,5175.6,4791.01,5164.92
2011-08-10,5164.92,5262.72,4990.79,5007.16
2011-08-11,5007.16,5172.66,4943.01,5162.83
2011-08-15,5320.03,5377.23,5319.38,5350.58
2011-08-16,5350.58,5362.15,5265.83,5357.63
2011-08-17,5357.63,5371.08,5279.93,5331.6
2011-08-18,5331.6,5331.6,5041.59,5092.23
2011-08-19,5092.23,5107.91,4929.55,5040.76
2011-08-22,5040.76,5182.98,4993.34,5095.3
2011-08-23,5095.3,5193.17,5076.74,5129.42
2011-08-24,5129.42,5250.59,5098.14,5205.85
2011-08-25,5205.85,5254.17,5102.06,5131.1
2011-08-26,5131.1,5149.51,5014.79,5129.92
2011-08-30,5129.92,5283.6,5129.92,5268.66
2011-08-31,5268.66,5411.6,5258.62,5394.53
2011-09-01,5394.53,5449.67,5346.7,5418.65
2011-09-02,5418.65,5418.65,5258.5,5292.03
2011-09-05,5292.03,5292.03,5097.71,5102.58
2011-09-06,5102.58,5190.27,5086.79,5156.84
2011-09-07,5156.84,5322.21,5156.84,5318.59
2011-09-08,5318.59,5369.82,5269.7,5340.38
2011-09-09,5340.38,5352.03,5202.24,5214.65
2011-09-12,5214.65,5214.65,5059.22,5129.62
2011-09-13,5129.62,5203.07,5069.52,5174.25
2011-09-14,5174.25,5270.42,5146.39,5227.02
2011-09-15,5227.02,5366.74,5227.02,5337.54
2011-09-16,5337.54,5406.1,5337.54,5368.41
2011-09-19,5368.41,5368.41,5231.62,5259.56
2011-09-20,5259.56,5377.39,5219.09,5363.71
2011-09-21,5363.71,5366.09,5268.82,5288.41
2011-09-22,5288.41,5288.41,5013.55,5041.61
2011-09-23,5041.61,5105.38,4928.14,5066.81
2011-09-26,5066.81,5148.81,4974.03,5089.37
2011-09-27,5089.37,5294.05,5089.37,5294.05
2011-09-28,5294.05,5314.29,5191.36,5217.63
2011-09-29,5217.63,5250.18,5160.77,5196.84
2011-09-30,5196.84,5197.33,5068.63,5128.48
2011-10-03,5128.48,5128.48,4983.28,5075.5
2011-10-04,5075.5,5075.5,4868.6,4944.44
2011-10-05,4944.44,5121.4,4944.44,5102.17
2011-10-06,5102.17,5291.26,5102.17,5291.26
2011-10-07,5291.26,5370.89,5261.43,5303.4
2011-10-10,5303.4,5413.43,5303.4,5399.0
2011-10-11,5399.0,5399.0,5330.42,5395.7
2011-10-12,5395.7,5458.02,5348.16,5441.8
2011-10-13,5441.8,5456.09,5368.37,5403.38
2011-10-14,5403.38,5501.39,5395.57,5466.36
2011-10-17,5466.36,5543.72,5405.2,5436.7
2011-10-18,5436.7,5436.7,5348.64,5410.35
2011-10-19,5410.35,5483.79,5410.35,5450.49
2011-10-20,5450.49,5450.49,5363.16,5384.68
2011-10-21,5384.68,5500.54,5384.68,5488.65
2011-10-24,5488.65,5552.79,5487.21,5548.06
2011-10-25,5548.06,5574.13,5465.52,5525.54
2011-10-26,5525.54,5576.63,5498.51,5553.24
2011-10-27,5553.24,5747.33,5553.24,5713.82
2011-10-28,5713.82,5746.88,5684.95,5702.24
2011-10-31,5702.24,5702.24,5544.22,5544.22
2011-11-01,5544.22,5544.22,5338.36,5421.57
2011-11-02,5421.57,5493.29,5383.37,5484.1
2011-11-03,5484.1,5564.54,5402.63,5545.64
2011-11-04,5545.64,5599.46,5495.38,5527.16
2011-11-07,5527.16,5557.76,5432.16,5510.82
2011-11-08,5510.82,5616.0,5509.57,5567.34
2011-11-09,5567.34,5615.84,5426.25,5460.38
2011-11-10,5460.38,5497.2,5360.19,5444.82
2011-11-11,5444.82,5548.75,5439.81,5545.38
2011-11-14,5545.38,5575.19,5489.25,5519.04
2011-11-15,5519.04,5551.38,5428.6,5517.44
2011-11-16,5517.44,5562.91,5450.24,5509.02
2011-11-17,5509.02,5509.02,5366.12,5423.14
2011-11-18,5423.14,5423.14,5347.89,5362.94
2011-11-21,5362.94,5362.94,5221.69,5222.6
2011-11-22,5222.6,5281.95,5206.82,5206.82
2011-11-23,5206.82,5206.82,5139.78,5139.78
2011-11-24,5139.78,5184.26,5098.99,5127.57
2011-11-25,5127.57,5200.31,5075.22,5164.65
2011-11-28,5164.65,5327.76,5164.65,5312.76
2011-11-29,5312.76,5344.18,5272.44,5337.0
2011-11-30,5337.0,5538.96,5274.95,5505.42
2011-12-01,5505.42,5553.89,5486.87,5489.34
2011-12-02,5489.34,5595.54,5489.07,5552.29
2011-12-05,5552.29,5602.8,5545.93,5567.96
2011-12-06,5567.96,5592.95,5521.91,5568.72
2011-12-07,5568.72,5631.88,5497.96,5546.91
2011-12-08,5546.91,5605.27,5483.77,5483.77
2011-12-09,5483.77,5540.52,5440.86,5529.21
2011-12-12,5529.21,5529.21,5427.86,5427.86
2011-12-13,5427.86,5525.96,5413.7,5490.15
2011-12-14,5490.15,5490.15,5366.8,5366.8
2011-12-15,5366.8,5434.02,5366.8,5400.85
2011-12-16,5400.85,5452.65,5387.34,5387.34
2011-12-19,5387.34,5410.06,5343.08,5364.99
2011-12-20,5364.99,5426.28,5328.67,5419.6
2011-12-21,5419.6,5479.19,5371.65,5389.74
2011-12-22,5389.74,5469.03,5389.74,5456.97
2011-12-23,5456.97,5516.63,5456.97,5512.7
2011-12-28,5512.7,5567.86,5490.96,5507.4
2011-12-29,5507.4,5566.77,5496.87,5566.77
2011-12-30,5566.77,5588.39,5535.2,5572.28
2012-01-03,5572.28,5699.91,5572.28,5699.91
2012-01-04,5699.91,5719.83,5646.36,5668.45
2012-01-05,5668.45,5689.33,5614.38,5624.26
2012-01-06,5624.26,5682.78,5623.36,5649.68
2012-01-09,5649.68,5673.82,5604.62,5612.26
2012-01-10,5612.26,5711.89,5612.26,5696.7
2012-01-11,5696.7,5700.75,5644.75,5670.82
2012-01-12,5670.82,5699.57,5640.3,5662.42
2012-01-13,5662.42,5709.22,5583.45,5636.64
2012-01-16,5636.64,5662.88,5609.87,5657.44
2012-01-17,5657.44,5724.41,5657.44,5693.95
2012-01-18,5693.95,5709.87,5647.92,5702.37
2012-01-19,5702.37,5743.93,5693.16,5741.15
2012-01-20,5741.15,5749.77,5721.61,5728.55
2012-01-23,5728.55,5789.85,5723.09,5782.56
2012-01-24,5782.56,5782.56,5719.86,5751.9
2012-01-25,5751.9,5777.69,5694.05,5723.0
2012-01-26,5723.0,5806.24,5722.83,5795.2
2012-01-27,5795.2,5795.2,5728.96,5733.45
2012-01-30,5733.45,5733.45,5651.56,5671.09
2012-01-31,5671.09,5730.32,5671.09,5681.61
2012-02-01,5681.61,5790.72,5680.67,5790.72
2012-02-02,5790.72,5809.82,5765.72,5796.07
2012-02-03,5796.07,5901.07,5784.23,5901.07
2012-02-06,5901.07,5901.07,5863.55,5892.2
2012-02-07,5892.2,5906.65,5850.49,5890.26
2012-02-08,5890.26,5916.2,5871.33,5875.93
2012-02-09,5875.93,5916.31,5870.55,5895.47
2012-02-10,5895.47,5895.47,5839.85,5852.39
2012-02-13,5852.39,5920.09,5852.39,5905.7
2012-02-14,5905.7,5920.61,5877.21,5899.87
2012-02-15,5899.87,5923.78,5880.62,5892.16
2012-02-16,5892.16,5892.36,5829.38,5885.38
2012-02-17,5885.38,5923.62,5885.38,5905.07
2012-02-20,5905.07,5956.33,5905.07,5945.25
2012-02-21,5945.25,5948.84,5916.58,5928.2
2012-02-22,5928.2,5937.96,5894.6,5916.55
2012-02-23,5916.55,5952.47,5900.5,5937.89
2012-02-24,5937.89,5964.02,5925.47,5935.13
2012-02-27,5935.13,5935.13,5865.85,5915.55
2012-02-28,5915.55,5937.02,5899.99,5927.91
2012-02-29,5927.91,5944.75,5871.51,5871.51
2012-03-01,5871.51,5936.07,5858.85,5931.25
2012-03-02,5931.25,5939.97,5908.48,5911.13
2012-03-05,5911.13,5911.13,5865.38,5874.82
2012-03-06,5874.82,5874.82,5758.42,5765.8
2012-03-07,5765.8,5801.12,5755.69,5791.41
2012-03-08,5791.41,5874.34,5791.41,5859.73
2012-03-09,5859.73,5897.6,5842.94,5887.49
2012-03-12,5887.49,5894.07,5860.42,5892.75
2012-03-13,5892.75,5957.94,5892.75,5955.91
2012-03-14,5955.91,5989.07,5945.43,5945.43
2012-03-15,5945.43,5958.17,5919.21,5940.72
2012-03-16,5940.72,5974.05,5940.72,5965.58
2012-03-19,5965.58,5968.89,5928.45,5961.11
2012-03-20,5961.11,5961.11,5876.42,5891.41
2012-03-21,5891.41,5921.68,5880.79,5891.95
2012-03-22,5891.95,5891.95,5825.91,5845.65
2012-03-23,5845.65,5875.73,5801.72,5854.89
2012-03-26,5854.89,5913.06,5854.47,5902.7
2012-03-27,5902.7,5941.9,5863.83,5869.55
2012-03-28,5869.55,5877.94,5808.99,5808.99
2012-03-29,5808.99,5812.17,5726.5,5742.03
2012-03-30,5742.03,5782.71,5742.03,5768.45
2012-04-02,5768.45,5874.89,5748.63,5874.89
2012-04-03,5874.89,5890.16,5838.34,5838.34
2012-04-04,5838.34,5838.34,5685.65,5703.77
2012-04-05,5703.77,5731.67,5663.32,5723.67
2012-04-10,5723.67,5723.67,5595.55,5595.55
2012-04-11,5595.55,5655.87,5576.37,5634.74
2012-04-12,5634.74,5727.87,5602.56,5710.46
2012-04-13,5710.46,5710.82,5643.51,5651.79
2012-04-16,5651.79,5707.96,5641.07,5666.28
2012-04-17,5666.28,5773.73,5651.53,5766.95
2012-04-18,5766.95,5783.88,5730.91,5745.29
2012-04-19,5745.29,5792.07,5738.11,5744.55
2012-04-20,5744.55,5775.67,5724.2,5772.15
2012-04-23,5772.15,5772.15,5637.73,5665.57
2012-04-24,5665.57,5714.17,5658.49,5709.49
2012-04-25,5709.49,5745.0,5703.21,5718.89
2012-04-26,5718.89,5761.14,5691.72,5748.72
2012-04-27,5748.72,5788.99,5707.95,5777.11
2012-04-30,5777.11,5792.97,5728.87,5737.78
2012-05-01,5737.78,5819.0,5732.16,5812.23
2012-05-02,5812.23,5819.93,5736.64,5758.11
2012-05-03,5758.11,5800.81,5745.23,5766.55
2012-05-04,5766.55,5766.55,5639.79,5655.06
2012-05-08,5655.06,5668.09,5550.09,5554.55
2012-05-09,5554.55,5571.71,5464.41,5530.05
2012-05-10,5530.05,5566.14,5490.54,5543.95
2012-05-11,5543.95,5585.5,5499.27,5575.52
2012-05-14,5575.52,5575.65,5436.69,5465.52
2012-05-15,5465.52,5507.65,5411.82,5437.62
2012-05-16,5437.62,5448.38,5354.0,5405.25
2012-05-17,5405.25,5413.32,5309.75,5338.38
2012-05-18,5338.38,5338.38,5256.61,5267.62
2012-05-21,5267.62,5324.36,5253.92,5304.48
2012-05-22,5304.48,5408.65,5304.48,5403.28
2012-05-23,5403.28,5403.67,5262.9,5266.41
2012-05-24,5266.41,5371.75,5266.41,5350.05
2012-05-25,5350.05,5385.17,5312.2,5351.53
2012-05-28,5351.53,5413.83,5341.34,5356.34
2012-05-29,5356.34,5404.66,5342.46,5391.14
2012-05-30,5391.14,5391.14,5284.42,5297.28
2012-05-31,5320.86,5320.86,5320.86,5320.86
2012-06-01,5320.86,5354.45,5229.76,5260.19
2012-06-06,5260.19,5388.03,5260.19,5384.11
2012-06-07,5384.11,5494.54,5384.11,5447.79
2012-06-08,5447.79,5447.79,5381.83,5435.08
2012-06-11,5435.08,5536.27,5419.56,5432.37
2012-06-12,5432.37,5478.63,5414.64,5473.74
2012-06-13,5473.74,5507.65,5436.67,5483.81
2012-06-14,5483.81,5483.81,5424.4,5467.05
2012-06-15,5467.05,5522.87,5465.09,5478.81
2012-06-18,5478.81,5555.32,5461.08,5491.09
2012-06-19,5491.09,5603.14,5491.03,5586.31
2012-06-20,5586.31,5623.85,5566.0,5622.29
2012-06-21,5622.29,5622.29,5564.79,5566.36
2012-06-22,5566.36,5566.36,5499.97,5513.69
2012-06-25,5513.69,5513.69,5435.46,5450.65
2012-06-26,5450.65,5476.5,5436.27,5446.96
2012-06-27,5446.96,5525.14,5446.96,5523.92
2012-06-28,5523.92,5533.75,5436.5,5493.06
2012-06-29,5493.06,5619.65,5493.06,5571.15
2012-07-02,5571.15,5640.64,5571.15,5640.64
2012-07-03,5640.64,5689.0,5636.05,5687.73
2012-07-04,5687.73,5699.85,5669.73,5684.47
2012-07-05,5684.47,5727.45,5662.48,5692.63
2012-07-06,5692.63,5695.06,5647.47,5662.63
2012-07-09,5662.63,5669.75,5610.71,5627.33
2012-07-10,5627.33,5688.66,5622.29,5664.07
2012-07-11,5664.07,5674.65,5625.6,5664.48
2012-07-12,5664.48,5664.48,5588.84,5608.25
2012-07-13,5608.25,5675.62,5608.25,5666.13
2012-07-16,5666.13,5670.6,5640.88,5662.43
2012-07-17,5662.43,5676.47,5621.19,5629.09
2012-07-18,5629.09,5688.29,5624.54,5685.77
2012-07-19,5685.77,5718.61,5685.77,5714.19
2012-07-20,5714.19,5714.19,5644.93,5651.77
2012-07-23,5651.77,5651.77,5510.92,5533.87
2012-07-24,5533.87,5556.63,5486.99,5499.23
2012-07-25,5499.23,5526.09,5478.02,5498.32
2012-07-26,5498.32,5594.51,5478.04,5573.16
2012-07-27,5573.16,5631.0,5550.9,5627.21
2012-07-30,5627.21,5706.47,5625.67,5693.63
2012-07-31,5693.63,5695.54,5635.28,5635.28
2012-08-01,5635.28,5712.82,5632.97,5712.82
2012-08-02,5712.82,5765.81,5657.25,5662.3
2012-08-03,5662.3,5794.01,5662.3,5787.28
2012-08-06,5787.28,5837.61,5767.1,5808.77
2012-08-07,5808.77,5841.24,5785.01,5841.24
2012-08-08,5841.24,5845.92,5801.08,5845.92
2012-08-09,5845.92,5860.16,5828.44,5851.51
2012-08-10,5851.51,5858.56,5827.71,5847.11
2012-08-13,5847.11,5852.79,5813.63,5831.88
2012-08-14,5831.88,5876.22,5831.88,5864.78
2012-08-15,5864.78,5864.78,5822.25,5833.04
2012-08-16,5833.04,5846.7,5811.31,5834.51
2012-08-17,5834.51,5854.72,5834.39,5852.42
2012-08-20,5852.42,5857.5,5802.91,5824.37
2012-08-21,5824.37,5872.59,5824.37,5857.52
2012-08-22,5857.52,5857.52,5771.22,5774.2
2012-08-23,5774.2,5809.26,5764.02,5776.6
2012-08-24,5776.6,5791.39,5739.41,5776.6
2012-08-28,5776.6,5779.49,5749.75,5775.71
2012-08-29,5775.71,5775.76,5739.23,5743.53
2012-08-30,5743.53,5743.53,5705.65,5719.45
2012-08-31,5719.45,5763.77,5707.99,5711.48
2012-09-03,5711.48,5758.41,5701.06,5758.41
2012-09-04,5758.41,5758.41,5658.34,5672.01
2012-09-05,5672.01,5675.91,5634.88,5657.86
2012-09-06,5657.86,5785.98,5657.86,5777.34
2012-09-07,5777.34,5807.57,5772.87,5794.8
2012-09-10,5794.8,5806.79,5777.07,5793.2
2012-09-11,5793.2,5796.56,5764.22,5792.19
2012-09-12,5792.19,5821.24,5757.58,5782.08
2012-09-13,5782.08,5826.57,5770.26,5819.92
2012-09-14,5819.92,5932.62,5819.92,5915.55
2012-09-17,5915.55,5915.68,5883.22,5893.52
2012-09-18,5893.52,5893.52,5837.52,5868.16
2012-09-19,5868.16,5894.39,5861.01,5888.48
2012-09-20,5888.48,5888.48,5824.36,5854.64
2012-09-21,5854.64,5887.57,5838.86,5852.62
2012-09-24,5852.62,5852.62,5806.09,5838.84
2012-09-25,5838.84,5869.17,5828.34,5859.71
2012-09-26,5859.71,5859.71,5751.35,5768.09
2012-09-27,5768.09,5804.09,5762.98,5779.42
2012-09-28,5779.42,5807.82,5740.52,5742.07
2012-10-01,5742.07,5843.54,5738.59,5820.45
2012-10-02,5820.45,5840.36,5781.42,5809.45
2012-10-03,5809.45,5832.48,5785.0,5825.81
2012-10-04,5825.81,5854.16,5803.22,5827.78
2012-10-05,5827.78,5885.57,5827.61,5871.02
2012-10-08,5871.02,5871.02,5818.76,5841.74
2012-10-09,5841.74,5856.42,5795.18,5810.25
2012-10-10,5810.25,5810.52,5776.71,5776.71
2012-10-11,5776.71,5846.3,5766.69,5829.75
2012-10-12,5829.75,5829.75,5793.32,5793.32
2012-10-15,5793.32,5827.87,5786.03,5805.61
2012-10-16,5805.61,5878.09,5805.61,5870.54
2012-10-17,5870.54,5915.59,5868.68,5910.91
2012-10-18,5910.91,5928.27,5896.49,5917.05
2012-10-19,5917.05,5919.73,5892.23,5896.15
2012-10-22,5896.15,5911.03,5869.88,5882.91
2012-10-23,5882.91,5893.43,5788.96,5797.91
2012-10-24,5797.91,5823.24,5776.64,5804.78
2012-10-25,5804.78,5840.57,5802.22,5805.05
2012-10-26,5805.05,5817.94,5753.31,5806.71
2012-10-29,5806.71,5812.67,5763.51,5795.1
2012-10-30,5795.1,5852.17,5794.92,5849.9
2012-10-31,5849.9,5866.67,5782.7,5782.7
2012-11-01,5782.7,5866.76,5777.96,5861.92
2012-11-02,5861.92,5890.11,5844.3,5868.55
2012-11-05,5868.55,5868.55,5825.55,5839.06
2012-11-06,5839.06,5885.16,5839.06,5884.9
2012-11-07,5884.9,5921.78,5789.43,5791.63
2012-11-08,5791.63,5824.36,5770.7,5776.05
2012-11-09,5776.05,5786.43,5715.23,5769.68
2012-11-12,5769.68,5795.25,5762.01,5767.27
2012-11-13,5767.27,5786.25,5710.99,5786.25
2012-11-14,5786.25,5786.25,5719.61,5722.01
2012-11-15,5722.01,5722.01,5674.26,5677.75
2012-11-16,5677.75,5682.68,5605.59,5605.59
2012-11-19,5605.59,5739.74,5605.59,5737.66
2012-11-20,5737.66,5751.82,5706.7,5748.1
2012-11-21,5748.1,5760.12,5727.86,5752.03
2012-11-22,5752.03,5796.47,5752.03,5791.03
2012-11-23,5791.03,5830.53,5781.43,5819.14
2012-11-26,5819.14,5819.14,5773.86,5786.72
2012-11-27,5786.72,5823.18,5786.72,5799.71
2012-11-28,5799.71,5808.34,5755.23,5803.28
2012-11-29,5803.28,5883.98,5803.28,5870.3
2012-11-30,5870.3,5904.39,5860.27,5866.82
2012-12-03,5866.82,5902.0,5859.56,5871.24
2012-12-04,5871.24,5885.36,5852.88,5869.04
2012-12-05,5869.04,5902.66,5869.04,5892.08
2012-12-06,5892.08,5923.91,5889.65,5901.42
2012-12-07,5901.42,5923.11,5889.92,5914.4
2012-12-10,5914.4,5923.97,5891.33,5921.63
2012-12-11,5921.63,5937.93,5908.32,5924.97
2012-12-12,5924.97,5948.5,5915.91,5945.85
2012-12-13,5945.85,5947.85,5918.57,5929.61
2012-12-14,5929.61,5944.5,5915.34,5921.76
2012-12-17,5921.76,5923.92,5881.01,5912.15
2012-12-18,5912.15,5946.41,5911.1,5935.9
2012-12-19,5935.9,5977.82,5935.9,5961.59
2012-12-20,5961.59,5970.87,5950.07,5958.34
2012-12-21,5958.34,5958.34,5894.1,5939.99
2012-12-24,5939.99,5957.69,5937.1,5954.18
2012-12-27,5954.18,5997.04,5942.44,5954.3
2012-12-28,5954.3,5975.97,5915.32,5925.37
2012-12-31,5925.37,5925.43,5873.43,5897.81
2013-01-02,5897.81,6044.57,5897.81,6027.37
2013-01-03,6027.37,6051.3,6016.8,6047.34
2013-01-04,6047.34,6089.84,6038.02,6089.84
2013-01-07,6089.84,6091.5,6060.75,6064.58
2013-01-08,6064.58,6088.18,6053.63,6053.63
2013-01-09,6053.63,6112.27,6053.63,6098.65
2013-01-10,6098.65,6118.3,6090.61,6101.51
2013-01-11,6101.51,6121.58,6095.07,6121.58
2013-01-14,6121.58,6134.17,6104.9,6107.86
2013-01-15,6107.86,6117.31,6086.21,6117.31
2013-01-16,6117.31,6117.33,6076.12,6103.98
2013-01-17,6103.98,6135.89,6087.49,6132.36
2013-01-18,6132.36,6172.49,6131.93,6154.41
2013-01-21,6154.41,6182.23,6154.41,6180.98
2013-01-22,6180.98,6188.58,6149.18,6179.17
2013-01-23,6179.17,6200.49,6178.47,6197.64
2013-01-24,6197.64,6271.4,6186.48,6264.91
2013-01-25,6264.91,6284.45,6247.33,6284.45
2013-01-28,6284.45,6311.26,6277.04,6294.41
2013-01-29,6294.41,6346.37,6285.77,6339.19
2013-01-30,6339.19,6354.46,6316.29,6323.11
2013-01-31,6323.11,6451.01,6142.02,6276.88
2013-02-01,6276.88,6353.95,6275.5,6347.24
2013-02-04,6347.24,6347.26,6236.66,6246.84
2013-02-05,6246.84,6296.47,6244.07,6282.76
2013-02-06,6282.76,6321.45,6265.55,6295.34
2013-02-07,6295.34,6313.0,6216.72,6228.42
2013-02-08,6228.42,6278.07,6228.42,6263.93
2013-02-11,6263.93,6294.81,6252.31,6277.06
2013-02-12,6277.06,6338.38,6259.82,6338.38
2013-02-13,6338.38,6384.7,6311.59,6359.11
2013-02-14,6359.11,6364.72,6302.0,6327.36
2013-02-15,6327.36,6352.2,6309.78,6328.26
2013-02-18,6328.26,6330.17,6306.83,6318.19
2013-02-19,6318.19,6385.14,6304.4,6379.07
2013-02-20,6379.07,6412.44,6368.2,6395.37
2013-02-21,6395.37,6395.37,6277.96,6291.54
2013-02-22,6291.54,6347.25,6291.49,6335.7
2013-02-25,6335.7,6390.09,6323.98,6355.37
2013-02-26,6355.37,6355.37,6258.62,6270.44
2013-02-27,6270.44,6335.9,6269.26,6325.88
2013-02-28,6325.88,6372.0,6325.88,6360.81
2013-03-01,6360.81,6391.67,6308.56,6378.6
2013-03-04,6378.6,6379.29,6333.17,6345.63
2013-03-05,6345.63,6437.34,6344.78,6431.95
2013-03-06,6431.95,6460.96,6418.72,6427.64
2013-03-07,6427.64,6459.68,6427.31,6439.16
2013-03-08,6439.16,6489.54,6439.16,6483.58
2013-03-11,6483.58,6505.3,6473.56,6503.63
2013-03-12,6503.63,6533.99,6491.75,6510.62
2013-03-13,6510.62,6510.62,6437.61,6481.5
2013-03-14,6481.5,6532.57,6478.54,6529.41
2013-03-15,6529.41,6533.78,6470.1,6489.65
2013-03-18,6489.65,6489.65,6386.17,6457.92
2013-03-19,6457.92,6474.57,6414.45,6441.32
2013-03-20,6441.32,6475.61,6421.29,6432.7
2013-03-21,6432.7,6435.59,6364.0,6388.55
2013-03-22,6388.55,6426.45,6374.51,6392.76
2013-03-25,6392.76,6458.53,6366.62,6378.38
2013-03-26,6378.38,6404.52,6369.58,6399.37
2013-03-27,6399.37,6420.9,6344.19,6387.56
2013-03-28,6387.56,6447.86,6381.99,6411.74
2013-04-02,6411.74,6501.78,6408.84,6490.66
2013-04-03,6490.66,6491.84,6416.67,6420.28
2013-04-04,6420.28,6426.37,6341.43,6344.12
2013-04-05,6344.12,6346.82,6214.36,6249.78
2013-04-08,6249.78,6289.59,6249.78,6276.94
2013-04-09,6276.94,6326.54,6276.94,6313.21
2013-04-10,6313.21,6405.2,6313.2,6387.37
2013-04-11,6387.37,6423.56,6377.54,6416.14
2013-04-12,6416.14,6416.14,6368.2,6384.39
2013-04-15,6384.39,6384.42,6300.12,6343.6
2013-04-16,6343.6,6343.6,6297.53,6304.58
2013-04-17,6304.58,6334.44,6225.16,6244.21
2013-04-18,6244.21,6277.79,6225.86,6243.67
2013-04-19,6243.67,6288.7,6243.67,6286.59
2013-04-22,6286.59,6341.98,6258.98,6280.62
2013-04-23,6280.62,6406.14,6278.48,6406.12
2013-04-24,6406.12,6438.93,6396.19,6431.76
2013-04-25,6431.76,6467.11,6411.94,6442.59
2013-04-26,6442.59,6442.59,6399.37,6426.42
2013-04-29,6426.42,6458.02,6419.27,6458.02
2013-04-30,6458.02,6483.08,6412.69,6430.12
2013-05-01,6430.12,6475.87,6429.8,6451.29
2013-05-02,6451.29,6470.34,6409.81,6460.71
2013-05-03,6460.71,6541.69,6451.5,6521.46
2013-05-07,6521.46,6563.9,6521.43,6557.3
2013-05-08,6557.3,6587.39,6547.0,6583.48
2013-05-09,6583.48,6597.26,6571.73,6592.74
2013-05-10,6592.74,6637.84,6591.58,6624.98
2013-05-13,6624.98,6633.26,6602.82,6631.76
2013-05-14,6631.76,6686.06,6618.36,6686.06
2013-05-15,6686.06,6701.68,6669.04,6693.55
2013-05-16,6693.55,6714.48,6677.15,6687.8
2013-05-17,6687.8,6726.9,6669.93,6723.06
2013-05-20,6723.06,6755.63,6709.14,6755.63
2013-05-21,6755.63,6803.87,6744.2,6803.87
2013-05-22,6803.87,6875.62,6781.45,6840.27
2013-05-23,6840.27,6840.27,6658.77,6696.79
2013-05-24,6696.79,6720.08,6640.08,6654.34
2013-05-28,6654.34,6790.7,6654.34,6762.01
2013-05-29,6762.01,6762.01,6620.82,6627.17
2013-05-30,6627.17,6656.99,6611.03,6656.99
2013-05-31,6656.99,6657.07,6577.75,6583.09
2013-06-03,6583.09,6583.09,6514.08,6525.12
2013-06-04,6525.12,6577.0,6525.12,6558.58
2013-06-05,6558.58,6558.58,6419.31,6419.31
2013-06-06,6419.31,6435.39,6336.11,6336.11
2013-06-07,6336.11,6421.37,6313.6,6411.99
2013-06-10,6411.99,6421.24,6379.62,6400.45
2013-06-11,6400.45,6401.18,6280.08,6340.08
2013-06-12,6340.08,6364.26,6295.92,6299.45
2013-06-13,6299.45,6310.95,6205.71,6304.63
2013-06-14,6304.63,6343.51,6290.62,6308.26
2013-06-17,6308.26,6370.75,6308.26,6330.49
2013-06-18,6330.49,6397.33,6311.35,6374.21
2013-06-19,6374.21,6383.61,6327.01,6348.82
2013-06-20,6348.82,6348.82,6144.98,6159.51
2013-06-21,6159.51,6244.17,6116.17,6116.17
2013-06-24,6116.17,6136.11,6023.44,6029.1
2013-06-25,6029.1,6114.61,6029.1,6101.91
2013-06-26,6101.91,6177.92,6089.21,6165.48
2013-06-27,6165.48,6271.8,6165.45,6243.4
2013-06-28,6243.4,6268.84,6207.72,6215.47
2013-07-01,6215.47,6317.02,6215.44,6307.78
2013-07-02,6307.78,6314.13,6266.5,6303.94
2013-07-03,6303.94,6303.94,6185.21,6229.87
2013-07-04,6229.87,6431.41,6229.87,6421.67
2013-07-05,6421.67,6498.59,6364.38,6375.52
2013-07-08,6375.52,6476.09,6375.52,6450.07
2013-07-09,6450.07,6530.86,6450.07,6513.08
2013-07-10,6513.08,6535.91,6472.41,6504.96
2013-07-11,6504.96,6585.74,6504.96,6543.41
2013-07-12,6543.41,6583.9,6540.24,6544.94
2013-07-15,6544.94,6605.9,6544.94,6586.11
2013-07-16,6586.11,6606.42,6556.35,6556.35
2013-07-17,6556.35,6595.62,6517.38,6571.93
2013-07-18,6571.93,6657.38,6555.82,6634.36
2013-07-19,6634.36,6635.22,6592.1,6630.67
2013-07-22,6630.67,6645.01,6608.17,6623.17
2013-07-23,6623.17,6657.66,6597.44,6597.44
2013-07-24,6597.44,6662.19,6581.61,6620.43
2013-07-25,6620.43,6625.35,6540.42,6587.95
2013-07-26,6587.95,6629.89,6535.18,6554.79
2013-07-29,6554.79,6606.36,6544.14,6560.25
2013-07-30,6560.25,6600.72,6560.25,6570.95
2013-07-31,6570.95,6659.35,6556.65,6621.06
2013-08-01,6621.06,6681.98,6607.27,6681.98
2013-08-02,6681.98,6696.63,6623.85,6647.87
2013-08-05,6647.87,6684.95,6590.1,6619.58
2013-08-06,6619.58,6630.14,6562.32,6604.21
2013-08-07,6604.21,6624.99,6511.21,6511.21
2013-08-08,6511.21,6558.59,6507.24,6529.68
2013-08-09,6529.68,6601.21,6529.48,6583.39
2013-08-12,6583.39,6598.39,6547.0,6574.34
2013-08-13,6574.34,6620.43,6568.44,6611.94
2013-08-14,6611.94,6627.96,6582.58,6587.43
2013-08-15,6587.43,6587.88,6460.12,6483.34
2013-08-16,6483.34,6502.27,6461.3,6499.99
2013-08-19,6499.99,6506.59,6457.73,6465.73
2013-08-20,6465.73,6465.73,6398.63,6453.46
2013-08-21,6453.46,6453.55,6386.72,6390.84
2013-08-22,6390.84,6468.88,6390.62,6446.87
2013-08-23,6446.87,6516.71,6422.35,6492.1
2013-08-27,6492.1,6494.2,6424.0,6440.97
2013-08-28,6440.97,6440.97,6393.65,6430.06
2013-08-29,6430.06,6500.51,6429.95,6483.05
2013-08-30,6483.05,6502.19,6409.6,6412.93
2013-09-02,6412.93,6532.3,6412.93,6506.19
2013-09-03,6506.19,6523.16,6456.95,6468.41
2013-09-04,6468.41,6486.4,6423.51,6474.74
2013-09-05,6474.74,6543.22,6461.68,6532.44
2013-09-06,6532.44,6568.18,6492.49,6547.33
2013-09-09,6547.33,6555.86,6508.76,6530.74
2013-09-10,6530.74,6599.51,6530.74,6583.99
2013-09-11,6583.99,6589.85,6559.72,6588.43
2013-09-12,6588.43,6606.12,6558.61,6588.98
2013-09-13,6588.98,6588.98,6561.78,6583.8
2013-09-16,6583.8,6652.66,6583.8,6622.86
2013-09-17,6622.86,6623.04,6570.17,6570.17
2013-09-18,6570.17,6587.58,6532.5,6558.82
2013-09-19,6558.82,6659.12,6558.82,6625.39
2013-09-20,6625.39,6629.93,6594.17,6596.43
2013-09-23,6596.43,6601.53,6542.67,6557.37
2013-09-24,6557.37,6585.4,6549.92,6571.46
2013-09-25,6571.46,6587.97,6526.42,6551.53
2013-09-26,6551.53,6580.94,6535.78,6565.59
2013-09-27,6565.59,6568.94,6487.3,6512.66
2013-09-30,6512.66,6512.66,6438.72,6462.22
2013-10-01,6462.22,6466.3,6424.37,6460.01
2013-10-02,6460.01,6460.01,6386.18,6437.5
2013-10-03,6437.5,6472.43,6436.21,6449.04
2013-10-04,6449.04,6473.58,6428.96,6453.88
2013-10-07,6453.88,6453.88,6391.47,6437.28
2013-10-08,6437.28,6437.73,6364.97,6365.83
2013-10-09,6365.83,6372.63,6316.91,6337.91
2013-10-10,6337.91,6446.22,6337.91,6430.49
2013-10-11,6430.49,6489.16,6430.47,6487.19
2013-10-14,6487.19,6507.8,6464.44,6507.65
2013-10-15,6507.65,6569.28,6507.65,6549.11
2013-10-16,6549.11,6584.39,6504.27,6571.59
2013-10-17,6571.59,6576.16,6529.16,6576.16
2013-10-18,6576.16,6622.7,6576.16,6622.58
2013-10-21,6622.58,6654.2,6617.81,6654.2
2013-10-22,6654.2,6719.27,6653.7,6695.66
2013-10-23,6695.66,6695.92,6655.2,6674.48
2013-10-24,6674.48,6719.25,6674.16,6713.18
2013-10-25,6713.18,6729.74,6700.37,6721.34
2013-10-28,6721.34,6739.66,6704.15,6725.82
2013-10-29,6725.82,6777.16,6718.85,6774.73
2013-10-30,6774.73,6819.86,6763.66,6777.7
2013-10-31,6777.7,6778.27,6719.51,6731.43
2013-11-01,6731.43,6760.87,6715.3,6734.74
2013-11-04,6734.74,6780.11,6734.56,6763.62
2013-11-05,6763.62,6773.86,6708.52,6746.84
2013-11-06,6746.84,6768.16,6735.64,6741.69
2013-11-07,6741.69,6779.18,6679.99,6697.22
2013-11-08,6697.22,6713.9,6643.86,6708.42
2013-11-11,6708.42,6744.77,6702.01,6728.37
2013-11-12,6728.37,6728.37,6693.26,6726.79
2013-11-13,6726.79,6726.81,6613.98,6630.0
2013-11-14,6630.0,6696.16,6630.0,6666.13
2013-11-15,6666.13,6703.12,6665.45,6693.44
2013-11-18,6693.44,6732.1,6671.63,6723.46
2013-11-19,6723.46,6723.46,6677.85,6698.01
2013-11-20,6698.01,6711.42,6661.7,6681.08
2013-11-21,6681.08,6697.69,6643.47,6681.33
2013-11-22,6681.33,6711.03,6661.04,6674.3
2013-11-25,6674.3,6709.08,6674.3,6694.62
2013-11-26,6694.62,6696.95,6636.22,6636.22
2013-11-27,6636.22,6664.14,6635.71,6649.47
2013-11-28,6649.47,6679.51,6642.57,6654.47
2013-11-29,6654.47,6681.57,6648.53,6650.57
2013-12-02,6650.57,6657.41,6595.2,6595.33
2013-12-03,6595.33,6595.48,6531.34,6532.43
2013-12-04,6532.43,6544.7,6479.73,6509.97
2013-12-05,6509.97,6518.88,6487.15,6498.33
2013-12-06,6498.33,6555.73,6496.33,6551.99
2013-12-09,6551.99,6568.44,6534.74,6559.48
2013-12-10,6559.48,6571.91,6519.0,6523.31
2013-12-11,6523.31,6555.57,6507.72,6507.72
2013-12-12,6507.72,6507.72,6435.99,6445.25
2013-12-13,6445.25,6462.76,6433.51,6439.96
2013-12-16,6439.96,6531.16,6422.23,6522.2
2013-12-17,6522.2,6522.2,6482.59,6486.19
2013-12-18,6486.19,6524.46,6486.19,6492.08
2013-12-19,6492.08,6584.7,6492.08,6584.7
2013-12-20,6584.7,6616.8,6576.79,6606.58
2013-12-23,6606.58,6678.61,6606.2,6678.61
2013-12-24,6678.61,6712.1,6672.22,6694.17
2013-12-27,6694.17,6754.11,6694.17,6750.87
2013-12-30,6750.87,6768.44,6718.16,6731.27
2013-12-31,6731.27,6756.98,6731.25,6749.09
2014-01-02,6749.09,6759.37,6707.48,6717.91
2014-01-03,6717.91,6747.33,6699.27,6730.67
2014-01-06,6730.67,6751.98,6714.64,6730.73
2014-01-07,6730.73,6768.89,6718.07,6755.45
2014-01-08,6755.45,6755.53,6713.39,6721.78
2014-01-09,6721.78,6746.41,6679.31,6691.34
2014-01-10,6691.34,6769.94,6691.34,6739.94
2014-01-13,6739.94,6765.6,6730.97,6757.15
2014-01-14,6757.15,6772.63,6694.08,6766.86
2014-01-15,6766.86,6825.2,6766.86,6819.86
2014-01-16,6819.86,6831.74,6811.16,6815.42
2014-01-17,6815.42,6840.5,6800.0,6829.3
2014-01-20,6829.3,6837.53,6810.62,6836.73
2014-01-21,6836.73,6867.42,6822.31,6834.26
2014-01-22,6834.26,6864.87,6821.8,6826.33
2014-01-23,6826.33,6837.21,6760.63,6773.28
2014-01-24,6773.28,6784.42,6654.86,6663.74
2014-01-27,6663.74,6665.39,6539.33,6550.66
2014-01-28,6550.66,6590.66,6550.65,6572.33
2014-01-29,6572.33,6645.23,6482.74,6544.28
2014-01-30,6544.28,6573.92,6503.25,6538.45
2014-01-31,6538.45,6548.46,6421.26,6510.44
2014-02-03,6510.44,6538.3,6459.95,6465.66
2014-02-04,6465.66,6478.16,6416.72,6449.27
2014-02-05,6449.27,6483.73,6423.79,6457.89
2014-02-06,6457.89,6566.01,6457.89,6558.28
2014-02-07,6558.28,6596.28,6540.81,6571.68
2014-02-10,6571.68,6597.0,6565.3,6591.55
2014-02-11,6591.55,6672.66,6591.55,6672.66
2014-02-12,6672.66,6708.17,6669.06,6675.03
2014-02-13,6675.03,6675.24,6608.09,6659.42
2014-02-14,6659.42,6672.21,6646.47,6663.62
2014-02-17,6663.62,6745.63,6661.47,6736.0
2014-02-18,6736.0,6802.89,6716.64,6796.43
2014-02-19,6796.43,6810.48,6759.86,6796.71
2014-02-20,6796.71,6812.99,6732.03,6812.99
2014-02-21,6812.99,6859.91,6812.99,6838.06
2014-02-24,6838.06,6865.86,6797.83,6865.86
2014-02-25,6862.73,6866.35,6790.93,6830.5
2014-02-26,6830.5,6834.09,6785.28,6799.15
2014-02-27,6799.15,6819.24,6733.54,6810.27
2014-02-28,6810.27,6833.82,6785.54,6809.7
2014-03-03,6809.7,6809.7,6671.89,6708.35
2014-03-04,6708.35,6827.22,6708.35,6823.77
2014-03-05,6823.77,6824.16,6771.5,6775.42
2014-03-06,6775.42,6806.62,6770.95,6788.49
2014-03-07,6788.49,6800.66,6706.38,6712.67
2014-03-10,6712.67,6757.0,6671.62,6689.45
2014-03-11,6689.45,6718.3,6660.59,6685.52
2014-03-12,6685.52,6685.52,6598.36,6620.9
2014-03-13,6620.9,6631.38,6552.46,6553.78
2014-03-14,6553.78,6553.78,6500.37,6527.89
2014-03-17,6527.89,6592.37,6527.87,6568.35
2014-03-18,6568.35,6628.2,6534.86,6605.28
2014-03-19,6605.28,6609.46,6566.85,6573.13
2014-03-20,6573.13,6573.13,6492.62,6542.44
2014-03-21,6542.44,6572.09,6537.89,6557.17
2014-03-24,6557.17,6568.96,6506.42,6520.39
2014-03-25,6520.39,6604.89,6520.39,6604.89
2014-03-26,6604.89,6643.58,6601.78,6605.3
2014-03-27,6605.3,6605.3,6561.39,6588.32
2014-03-28,6588.32,6631.48,6585.73,6615.58
2014-03-31,6615.58,6658.4,6583.09,6598.37
2014-04-01,6598.37,6660.27,6598.37,6652.61
2014-04-02,6652.61,6672.73,6639.63,6659.04
2014-04-03,6659.04,6680.78,6638.52,6649.14
2014-04-04,6649.14,6706.34,6649.14,6695.55
2014-04-07,6695.55,6695.55,6614.73,6622.84
2014-04-08,6622.84,6625.19,6549.75,6590.69
2014-04-09,6590.69,6654.05,6590.41,6635.61
2014-04-10,6635.61,6688.28,6620.39,6641.97
2014-04-11,6641.97,6641.97,6538.75,6561.7
2014-04-14,6561.7,6583.76,6507.08,6583.76
2014-04-15,6583.76,6594.24,6534.2,6541.61
2014-04-16,6541.61,6596.99,6541.61,6584.17
2014-04-17,6584.17,6627.25,6559.35,6625.25
2014-04-22,6625.25,6706.19,6625.25,6681.76
2014-04-23,6681.76,6694.82,6661.42,6674.74
2014-04-24,6674.74,6724.58,6667.65,6703.0
2014-04-25,6703.0,6704.37,6657.3,6685.69
2014-04-28,6685.69,6720.33,6682.9,6700.16
2014-04-29,6700.16,6769.91,6700.1,6769.91
2014-04-30,6769.91,6794.88,6748.76,6780.03
2014-05-01,6780.03,6811.64,6773.69,6808.87
2014-05-02,6808.87,6838.17,6798.61,6822.42
2014-05-06,6822.42,6828.62,6785.32,6798.56
2014-05-07,6798.56,6799.34,6766.84,6796.44
2014-05-08,6796.44,6840.37,6796.44,6839.25
2014-05-09,6839.25,6839.42,6805.39,6814.57
2014-05-12,6814.57,6851.75,6814.57,6851.75
2014-05-13,6851.75,6877.39,6845.95,6873.08
2014-05-14,6873.08,6880.07,6854.02,6878.49
2014-05-15,6878.49,6894.88,6821.66,6840.89
2014-05-16,6840.89,6855.94,6813.5,6855.81
2014-05-19,6855.81,6862.2,6804.31,6844.55
2014-05-20,6844.55,6848.36,6792.51,6802.0
2014-05-21,6802.0,6821.04,6782.8,6821.04
2014-05-22,6821.04,6846.57,6810.19,6820.56
2014-05-23,6820.56,6825.53,6793.47,6815.75
2014-05-27,6815.75,6857.1,6815.37,6844.94
2014-05-28,6844.94,6855.83,6833.61,6851.22
2014-05-29,6851.22,6882.14,6848.06,6871.29
2014-05-30,6871.29,6874.33,6831.99,6844.51
2014-06-02,6844.51,6874.38,6844.51,6864.1
2014-06-03,6864.1,6865.38,6817.96,6836.3
2014-06-04,6836.3,6840.6,6800.1,6818.63
2014-06-05,6818.63,6847.0,6795.27,6813.49
2014-06-06,6813.49,6862.91,6813.49,6858.21
2014-06-09,6858.21,6878.96,6857.7,6875.0
2014-06-10,6875.0,6875.24,6835.8,6873.55
2014-06-11,6873.55,6873.55,6825.24,6838.87
2014-06-12,6838.87,6853.18,6827.03,6843.11
2014-06-13,6843.11,6843.11,6758.15,6777.85
2014-06-16,6777.85,6779.4,6748.04,6754.64
2014-06-17,6754.64,6774.87,6736.11,6766.77
2014-06-18,6766.77,6799.59,6766.77,6778.56
2014-06-19,6778.56,6837.57,6778.56,6808.11
2014-06-20,6808.11,6840.62,6791.2,6825.2
2014-06-23,6825.2,6829.76,6785.83,6800.56
2014-06-24,6800.56,6824.45,6776.8,6787.07
2014-06-25,6787.07,6787.07,6716.35,6733.62
2014-06-26,6733.62,6753.25,6701.59,6735.12
2014-06-27,6735.12,6767.63,6735.12,6757.77
2014-06-30,6757.77,6777.11,6730.45,6743.94
2014-07-01,6743.94,6805.9,6743.94,6802.92
2014-07-02,6802.92,6829.49,6796.61,6816.37
2014-07-03,6816.37,6866.56,6815.45,6865.21
2014-07-04,6865.21,6875.31,6856.35,6866.05
2014-07-07,6866.05,6866.37,6817.6,6823.51
2014-07-08,6823.51,6831.02,6738.45,6738.45
2014-07-09,6738.45,6740.82,6692.77,6718.04
2014-07-10,6718.04,6724.8,6643.62,6672.37
2014-07-11,6672.37,6696.1,6663.67,6690.17
2014-07-14,6690.17,6760.73,6690.17,6746.14
2014-07-15,6746.14,6764.0,6709.15,6710.45
2014-07-16,6710.45,6792.55,6710.45,6784.67
2014-07-17,6784.67,6784.67,6727.71,6738.32
2014-07-18,6738.32,6749.89,6690.9,6749.45
2014-07-21,6749.45,6753.42,6715.78,6728.44
2014-07-22,6728.44,6801.84,6728.44,6795.34
2014-07-23,6795.34,6822.65,6773.11,6798.15
2014-07-24,6798.15,6821.46,6767.33,6821.46
2014-07-25,6821.46,6830.77,6780.65,6791.55
2014-07-28,6791.55,6809.61,6761.77,6788.07
2014-07-29,6788.07,6833.67,6784.04,6807.75
2014-07-30,6807.75,6815.29,6758.24,6773.44
2014-07-31,6773.44,6797.09,6716.29,6730.11
2014-08-01,6730.11,6730.11,6624.72,6679.18
2014-08-04,6679.18,6715.56,6669.93,6677.52
2014-08-05,6677.52,6713.52,6671.46,6682.48
2014-08-06,6682.48,6682.48,6588.43,6636.16
2014-08-07,6636.16,6649.05,6589.78,6597.37
2014-08-08,6597.37,6597.37,6528.73,6567.36
2014-08-11,6567.36,6645.83,6567.36,6632.82
2014-08-12,6632.82,6643.7,6612.52,6632.42
2014-08-13,6632.42,6664.34,6625.98,6656.68
2014-08-14,6656.68,6694.64,6641.81,6685.26
2014-08-15,6685.26,6742.82,6685.26,6689.08
2014-08-18,6689.08,6745.72,6689.08,6741.25
2014-08-19,6741.25,6782.9,6740.65,6779.31
2014-08-20,6779.31,6781.23,6739.76,6755.48
2014-08-21,6755.48,6780.73,6752.7,6777.66
2014-08-22,6777.66,6784.63,6746.37,6775.25
2014-08-26,6775.25,6827.32,6775.25,6822.76
2014-08-27,6822.76,6830.66,6813.24,6830.66
2014-08-28,6830.66,6831.19,6796.86,6805.8
2014-08-29,6805.8,6828.92,6782.63,6819.75
2014-09-01,6819.75,6825.31,6798.33,6825.31
2014-09-02,6825.31,6849.28,6812.31,6829.17
2014-09-03,6829.17,6898.62,6826.73,6873.58
2014-09-04,6873.58,6904.86,6866.25,6877.97
2014-09-05,6877.97,6884.96,6829.1,6855.1
2014-09-08,6855.1,6855.1,6773.78,6834.77
2014-09-09,6834.77,6846.18,6812.5,6829.0
2014-09-10,6829.0,6847.79,6800.04,6830.11
2014-09-11,6830.11,6857.54,6764.86,6799.62
2014-09-12,6799.62,6832.16,6799.39,6806.96
2014-09-15,6806.96,6813.87,6771.69,6804.21
2014-09-16,6804.21,6804.34,6748.09,6792.24
2014-09-17,6792.24,6816.89,6780.9,6780.9
2014-09-18,6780.9,6822.6,6769.58,6819.29
2014-09-19,6819.29,6876.0,6819.29,6837.92
2014-09-22,6837.92,6838.35,6766.89,6773.63
2014-09-23,6773.63,6777.27,6647.21,6676.08
2014-09-24,6676.08,6707.26,6651.98,6706.27
2014-09-25,6706.27,6726.4,6621.48,6639.71
2014-09-26,6639.71,6664.0,6615.12,6649.39
2014-09-29,6649.39,6653.94,6608.66,6646.6
2014-09-30,6646.6,6658.91,6601.62,6622.72
2014-10-01,6622.72,6622.81,6539.73,6557.52
2014-10-02,6557.52,6557.67,6446.39,6446.39
2014-10-03,6446.39,6542.87,6446.39,6527.91
2014-10-06,6527.91,6588.31,6527.91,6563.65
2014-10-07,6563.65,6563.84,6495.58,6495.58
2014-10-08,6495.58,6502.36,6453.81,6482.24
2014-10-09,6482.24,6544.21,6425.17,6431.85
2014-10-10,6431.85,6431.85,6328.39,6339.97
2014-10-13,6339.97,6387.36,6294.64,6366.24
2014-10-14,6366.24,6403.43,6304.27,6392.68
2014-10-15,6392.68,6404.96,6211.64,6211.64
2014-10-16,6211.64,6282.95,6072.68,6195.91
2014-10-17,6195.91,6312.97,6188.04,6310.29
2014-10-20,6310.29,6320.31,6238.6,6267.07
2014-10-21,6267.07,6372.33,6229.4,6372.33
2014-10-22,6372.33,6401.51,6341.39,6399.73
2014-10-23,6399.73,6430.32,6313.32,6419.15
2014-10-24,6419.15,6419.15,6372.43,6388.73
2014-10-27,6388.73,6443.76,6336.06,6363.46
2014-10-28,6363.46,6412.0,6363.46,6402.17
2014-10-29,6402.17,6475.35,6402.17,6453.87
2014-10-30,6453.87,6483.24,6378.15,6463.55
2014-10-31,6463.55,6553.37,6463.55,6546.47
2014-11-03,6546.47,6559.56,6478.49,6487.97
2014-11-04,6487.97,6510.31,6444.89,6453.97
2014-11-05,6453.97,6539.14,6453.97,6539.14
2014-11-06,6539.14,6580.21,6503.81,6551.15
2014-11-07,6551.15,6608.23,6551.15,6567.24
2014-11-10,6567.24,6611.25,6566.78,6611.25
2014-11-11,6611.25,6632.57,6605.34,6627.4
2014-11-12,6627.4,6629.33,6588.93,6611.04
2014-11-13,6611.04,6645.9,6596.89,6635.45
2014-11-14,6635.45,6654.37,6610.13,6654.37
2014-11-17,6654.37,6681.55,6616.12,6671.97
2014-11-18,6671.97,6714.12,6671.75,6709.13
2014-11-19,6709.13,6718.88,6678.13,6696.6
2014-11-20,6696.6,6696.82,6641.14,6678.9
2014-11-21,6678.9,6773.14,6678.9,6750.76
2014-11-24,6750.76,6763.97,6720.09,6729.79
2014-11-25,6729.79,6750.87,6709.31,6731.14
2014-11-26,6731.14,6765.01,6718.53,6729.17
2014-11-27,6729.17,6749.91,6713.76,6723.42
2014-11-28,6723.42,6734.71,6667.08,6722.62
2014-12-01,6722.62,6722.62,6637.39,6656.37
2014-12-02,6656.37,6744.31,6656.37,6742.1
2014-12-03,6742.1,6753.19,6713.81,6716.63
2014-12-04,6716.63,6733.96,6672.67,6679.37
2014-12-05,6679.37,6751.32,6679.37,6742.84
2014-12-08,6742.84,6742.84,6672.15,6672.15
2014-12-09,6672.15,6672.15,6529.47,6529.47
2014-12-10,6529.47,6565.77,6500.04,6500.04
2014-12-11,6500.04,6521.66,6441.28,6461.7
2014-12-12,6461.7,6461.7,6297.44,6300.63
2014-12-15,6300.63,6356.34,6182.72,6182.72
2014-12-16,6182.72,6331.83,6144.72,6331.83
2014-12-17,6331.83,6359.68,6240.32,6336.48
2014-12-18,6336.48,6466.0,6336.48,6466.0
2014-12-19,6466.0,6566.9,6466.0,6545.27
2014-12-22,6545.27,6620.95,6545.27,6576.74
2014-12-23,6576.74,6620.47,6576.74,6598.18
2014-12-24,6598.18,6618.09,6586.05,6609.93
2014-12-29,6609.93,6651.96,6587.87,6633.51
2014-12-30,6633.51,6633.51,6528.89,6547.0
2014-12-31,6547.0,6578.24,6547.0,6566.09
2015-01-02,6566.09,6607.89,6510.6,6547.8
2015-01-05,6547.8,6576.74,6404.49,6417.16
2015-01-06,6417.16,6452.66,6328.59,6366.51
2015-01-07,6366.51,6459.74,6366.51,6419.83
2015-01-08,6419.83,6580.82,6419.83,6569.96
2015-01-09,6569.96,6570.24,6471.38,6501.14
2015-01-12,6501.14,6542.43,6447.91,6501.42
2015-01-13,6501.42,6558.83,6465.19,6542.2
2015-01-14,6542.2,6542.2,6353.65,6388.46
2015-01-15,6388.46,6498.78,6298.15,6498.78
2015-01-16,6498.78,6553.2,6443.28,6550.27
2015-01-19,6550.27,6598.89,6548.0,6585.53
2015-01-20,6585.53,6640.44,6585.53,6620.1
2015-01-21,6620.1,6728.04,6620.1,6728.04
2015-01-22,6728.04,6808.18,6726.24,6796.63
2015-01-23,6796.63,6841.73,6796.58,6832.83
2015-01-26,6832.83,6855.92,6790.13,6852.4
2015-01-27,6852.4,6864.97,6773.54,6811.61
2015-01-28,6811.61,6863.0,6777.08,6825.94
2015-01-29,6825.94,6825.94,6750.22,6810.6
2015-01-30,6810.6,6843.98,6749.4,6749.4
2015-02-02,6749.4,6795.52,6731.99,6782.55
2015-02-03,6782.55,6886.31,6782.39,6871.8
2015-02-04,6871.8,6883.49,6804.1,6860.02
2015-02-05,6860.02,6870.1,6808.19,6865.93
2015-02-06,6865.93,6886.22,6835.48,6853.44
2015-02-09,6853.44,6853.44,6777.99,6837.15
2015-02-10,6837.15,6843.9,6788.89,6829.12
2015-02-11,6829.12,6838.33,6786.12,6818.17
2015-02-12,6818.17,6854.62,6817.23,6828.11
2015-02-13,6828.11,6887.57,6828.11,6873.52
2015-02-16,6873.52,6878.66,6851.77,6857.05
2015-02-17,6857.05,6898.13,6819.78,6898.13
2015-02-18,6898.13,6921.32,6876.3,6898.08
2015-02-19,6898.08,6907.3,6858.67,6888.9
2015-02-20,6888.9,6920.51,6884.77,6915.2
2015-02-23,6915.2,6943.61,6885.89,6912.16
2015-02-24,6912.16,6958.89,6899.59,6949.63
2015-02-25,6949.63,6955.41,6904.88,6935.38
2015-02-26,6935.38,6949.98,6920.54,6949.73
2015-02-27,6949.73,6967.24,6929.84,6946.66
2015-03-02,6946.66,6974.26,6924.33,6940.64
2015-03-03,6940.64,6963.55,6889.13,6889.13
2015-03-04,6889.13,6919.24,6862.87,6919.24
2015-03-05,6919.24,6968.64,6914.06,6961.14
2015-03-06,6961.14,6961.23,6911.8,6911.8
2015-03-09,6911.8,6911.8,6859.81,6876.47
2015-03-10,6876.47,6876.86,6702.84,6702.84
2015-03-11,6702.84,6738.95,6693.8,6721.51
2015-03-12,6721.51,6799.84,6721.51,6761.07
2015-03-13,6761.07,6777.77,6713.5,6740.58
2015-03-16,6740.58,6809.08,6740.58,6804.08
2015-03-17,6804.08,6846.9,6798.47,6837.61
2015-03-18,6837.61,6945.2,6837.26,6945.2
2015-03-19,6945.2,6982.79,6929.73,6962.32
2015-03-20,6962.32,7024.21,6960.81,7022.51
2015-03-23,7022.51,7037.67,6991.43,7037.67
2015-03-24,7037.67,7065.08,7012.51,7019.68
2015-03-25,7019.68,7035.11,6983.94,6990.97
2015-03-26,6990.97,6990.97,6876.84,6895.33
2015-03-27,6895.33,6910.55,6839.88,6855.02
2015-03-30,6855.02,6914.6,6855.02,6891.43
2015-03-31,6891.43,6910.07,6765.05,6773.04
2015-04-01,6773.04,6856.43,6765.4,6809.5
2015-04-02,6809.5,6849.91,6801.27,6833.46
2015-04-07,6833.46,6967.69,6833.46,6961.77
2015-04-08,6961.77,7012.06,6931.59,6937.41
2015-04-09,6937.41,7016.99,6937.41,7015.36
2015-04-10,7015.36,7095.36,7015.36,7089.77
2015-04-13,7089.77,7089.84,7046.68,7064.3
2015-04-14,7064.3,7086.06,7044.6,7075.26
2015-04-15,7075.26,7111.72,7058.34,7096.78
2015-04-16,7096.78,7119.35,7057.74,7060.45
2015-04-17,7060.45,7093.52,6979.32,6994.63
2015-04-20,6994.63,7067.84,6994.63,7052.13
2015-04-21,7052.13,7105.13,7030.0,7062.93
2015-04-22,7062.93,7092.34,6997.15,7028.24
2015-04-23,7028.24,7055.15,6995.79,7053.67
2015-04-24,7053.67,7102.59,7051.17,7070.7
2015-04-27,7070.7,7122.74,7025.27,7103.98
2015-04-28,7103.98,7103.99,6983.97,7030.53
2015-04-29,7030.53,7058.19,6945.56,6946.28
2015-04-30,6946.28,6970.34,6906.24,6960.63
2015-05-01,6960.63,6995.41,6919.39,6985.95
2015-05-05,6985.95,7053.18,6927.58,6927.58
2015-05-06,6927.58,6974.82,6913.46,6933.74
2015-05-07,6933.74,6933.74,6810.05,6886.95
2015-05-08,6886.95,7046.82,6885.79,7046.82
2015-05-11,7046.82,7083.72,7025.17,7029.85
2015-05-12,7029.85,7029.85,6887.52,6933.8
2015-05-13,6933.8,6989.91,6920.65,6949.63
2015-05-14,6949.63,6977.93,6884.63,6973.04
2015-05-15,6973.04,7009.41,6937.12,6960.49
2015-05-18,6960.49,7015.49,6931.64,6968.87
2015-05-19,6968.87,7011.35,6968.87,6995.1
2015-05-20,6995.1,7018.7,6962.06,7007.26
2015-05-21,7007.26,7026.01,6994.26,7013.47
2015-05-22,7013.47,7061.66,7013.47,7031.72
2015-05-26,7031.72,7039.55,6930.28,6948.99
2015-05-27,6948.99,7054.14,6948.62,7033.33
2015-05-28,7033.33,7049.62,7005.88,7040.92
2015-05-29,7040.92,7069.93,6967.92,6984.43
2015-06-01,6984.43,7037.58,6942.66,6953.58
2015-06-02,6953.58,6972.25,6872.12,6928.27
2015-06-03,6928.27,6985.69,6901.79,6950.46
2015-06-04,6950.46,6950.46,6838.95,6859.24
2015-06-05,6859.24,6859.24,6785.15,6804.6
2015-06-08,6804.6,6827.16,6781.66,6790.04
2015-06-09,6790.04,6803.75,6736.88,6753.8
2015-06-10,6753.8,6843.57,6734.15,6830.27
2015-06-11,6830.27,6870.19,6807.29,6846.74
2015-06-12,6846.74,6846.74,6760.06,6784.92
2015-06-15,6784.92,6784.92,6708.5,6710.52
2015-06-16,6710.52,6723.49,6656.9,6710.1
2015-06-17,6710.1,6731.54,6665.95,6680.55
2015-06-18,6680.55,6707.88,6625.16,6707.88
2015-06-19,6707.88,6759.29,6691.82,6710.45
2015-06-22,6710.45,6825.67,6710.45,6825.67
2015-06-23,6825.67,6856.49,6825.67,6834.87
2015-06-24,6834.87,6873.43,6834.32,6844.8
2015-06-25,6844.8,6869.04,6798.8,6807.82
2015-06-26,6807.82,6807.82,6731.13,6753.7
2015-06-29,6753.7,6753.7,6598.64,6620.48
2015-06-30,6620.48,6620.75,6520.98,6520.98
2015-07-01,6520.98,6637.34,6520.98,6608.59
2015-07-02,6608.59,6647.7,6600.37,6630.47
2015-07-03,6630.47,6630.75,6572.46,6585.78
2015-07-06,6585.78,6585.78,6506.71,6535.68
2015-07-07,6535.68,6543.8,6432.21,6432.21
2015-07-08,6432.21,6515.06,6430.36,6490.7
2015-07-09,6490.7,6594.18,6490.7,6581.63
2015-07-10,6581.63,6687.57,6581.63,6673.38
2015-07-13,6673.38,6743.05,6673.38,6737.95
2015-07-14,6737.95,6753.75,6710.62,6753.75
2015-07-15,6753.75,6775.91,6728.49,6753.75
2015-07-16,6753.75,6805.14,6752.09,6796.45
2015-07-17,6796.45,6799.78,6764.8,6775.08
2015-07-20,6775.08,6813.41,6772.09,6788.69
2015-07-21,6788.69,6800.13,6758.75,6769.07
2015-07-22,6769.07,6769.07,6653.39,6667.34
2015-07-23,6667.34,6711.49,6644.85,6655.01
2015-07-24,6655.01,6684.81,6573.96,6579.81
2015-07-27,6579.81,6589.48,6495.67,6505.13
2015-07-28,6505.13,6569.45,6505.13,6555.28
2015-07-29,6555.28,6634.04,6555.28,6631.0
2015-07-30,6631.0,6697.4,6631.0,6668.87
2015-07-31,6668.87,6705.42,6646.26,6696.28
2015-08-03,6696.28,6710.79,6668.18,6688.62
2015-08-04,6688.62,6715.51,6644.65,6686.57
2015-08-05,6686.57,6764.82,6686.57,6752.41
2015-08-06,6752.41,6763.34,6717.49,6747.09
2015-08-07,6747.09,6754.77,6718.49,6718.49
2015-08-10,6718.49,6751.49,6653.65,6736.22
2015-08-11,6736.22,6736.22,6663.98,6664.54
2015-08-12,6664.54,6664.54,6536.41,6571.19
2015-08-13,6571.19,6634.71,6553.45,6568.33
2015-08-14,6568.33,6603.17,6544.42,6550.74
2015-08-17,6550.74,6585.88,6507.76,6550.3
2015-08-18,6550.3,6564.55,6505.69,6526.29
2015-08-19,6526.29,6526.52,6403.45,6403.45
2015-08-20,6403.45,6408.61,6359.71,6367.89
2015-08-21,6367.89,6367.89,6187.65,6187.65
2015-08-24,6187.65,6187.65,5768.22,5898.87
2015-08-25,5898.87,6115.74,5898.87,6081.34
2015-08-26,6081.34,6095.05,5949.94,5979.2
2015-08-27,5979.2,6212.48,5979.2,6192.03
2015-08-28,6192.03,6247.94,6152.01,6247.94
2015-09-01,6247.94,6247.94,6028.71,6058.54
2015-09-02,6058.54,6161.68,6021.36,6083.31
2015-09-03,6083.31,6215.74,6083.31,6194.1
2015-09-04,6194.1,6194.1,6040.49,6042.92
2015-09-07,6042.92,6125.67,6042.92,6074.52
2015-09-08,6074.52,6196.47,6074.52,6146.1
2015-09-09,6146.1,6284.17,6146.1,6229.01
2015-09-10,6229.01,6229.01,6127.52,6155.81
2015-09-11,6155.81,6174.28,6113.1,6117.76
2015-09-14,6117.76,6191.82,6065.43,6084.59
2015-09-15,6084.59,6158.08,6019.92,6137.6
2015-09-16,6137.6,6244.94,6137.6,6229.21
2015-09-17,6229.21,6239.86,6182.63,6186.99
2015-09-18,6186.99,6188.74,6053.87,6104.11
2015-09-21,6104.11,6168.74,6083.64,6108.71
2015-09-22,6108.71,6111.57,5935.84,5935.84
2015-09-23,5935.84,6067.56,5933.23,6032.24
2015-09-24,6032.24,6055.64,5947.19,5961.49
2015-09-25,5961.49,6120.67,5961.49,6109.01
2015-09-28,6109.01,6110.31,5958.86,5958.86
2015-09-29,5958.86,5958.86,5877.08,5909.24
2015-09-30,5909.24,6061.61,5909.24,6061.61
2015-10-01,6061.61,6172.78,6053.26,6072.47
2015-10-02,6072.47,6176.2,6051.62,6129.98
2015-10-05,6129.98,6301.05,6129.98,6298.92
2015-10-06,6298.92,6343.71,6255.1,6326.16
2015-10-07,6326.16,6396.34,6319.77,6336.35
2015-10-08,6336.35,6380.3,6303.46,6374.82
2015-10-09,6374.82,6453.22,6374.82,6416.16
2015-10-12,6416.16,6416.16,6351.34,6371.18
2015-10-13,6371.18,6371.18,6303.02,6342.28
2015-10-14,6342.28,6342.28,6268.29,6269.61
2015-10-15,6269.61,6351.43,6269.61,6338.67
2015-10-16,6338.67,6398.23,6338.67,6378.04
2015-10-19,6378.04,6408.09,6336.27,6352.33
2015-10-20,6352.33,6367.75,6319.25,6345.13
2015-10-21,6345.13,6387.29,6316.3,6348.42
2015-10-22,6348.42,6387.28,6321.65,6376.28
2015-10-23,6376.28,6487.89,6376.28,6444.08
2015-10-26,6444.08,6453.0,6405.38,6417.02
2015-10-27,6417.02,6419.62,6365.27,6365.27
2015-10-28,6365.27,6448.46,6355.78,6437.8
2015-10-29,6437.8,6437.85,6358.16,6395.8
2015-10-30,6395.8,6410.28,6337.65,6361.09
2015-11-02,6361.09,6364.42,6317.29,6361.8
2015-11-03,6361.8,6383.61,6344.7,6383.61
2015-11-04,6383.61,6459.46,6383.04,6412.88
2015-11-05,6412.88,6421.81,6358.12,6364.9
2015-11-06,6364.9,6395.19,6332.73,6353.83
2015-11-09,6353.83,6380.42,6292.05,6295.16
2015-11-10,6295.16,6329.69,6250.31,6275.28
2015-11-11,6275.28,6327.16,6272.69,6297.2
2015-11-12,6297.2,6300.9,6178.68,6178.68
2015-11-13,6178.68,6178.95,6088.76,6118.28
2015-11-16,6118.28,6161.9,6079.79,6146.38
2015-11-17,6146.38,6269.44,6146.38,6268.76
2015-11-18,6268.76,6283.9,6228.15,6278.97
2015-11-19,6278.97,6366.85,6278.97,6329.93
2015-11-20,6329.93,6360.73,6311.76,6334.63
2015-11-23,6334.63,6334.63,6267.05,6305.49
2015-11-24,6305.49,6305.49,6221.33,6277.23
2015-11-25,6277.23,6348.05,6277.23,6337.64
2015-11-26,6337.64,6395.33,6333.92,6393.13
2015-11-27,6393.13,6393.13,6345.3,6375.15
2015-11-30,6375.15,6387.11,6329.92,6356.09
2015-12-01,6356.09,6402.36,6356.09,6395.65
2015-12-02,6395.65,6447.34,6395.2,6420.93
2015-12-03,6420.93,6444.72,6275.0,6275.0
2015-12-04,6275.0,6277.59,6219.5,6238.29
2015-12-07,6238.29,6287.23,6215.17,6223.52
2015-12-08,6223.52,6224.86,6120.68,6135.22
2015-12-09,6135.22,6175.75,6101.22,6126.68
2015-12-10,6126.68,6127.09,6079.96,6088.05
2015-12-11,6088.05,6088.05,5949.84,5952.78
2015-12-14,5952.78,6009.92,5871.88,5874.06
2015-12-15,5874.06,6036.68,5874.06,6017.79
2015-12-16,6017.79,6089.31,6016.25,6061.19
2015-12-17,6061.19,6160.78,6061.19,6102.54
2015-12-18,6102.54,6105.57,6051.74,6052.42
2015-12-21,6052.42,6113.96,6034.84,6034.84
2015-12-22,6034.84,6090.58,6031.82,6083.1
2015-12-23,6083.1,6248.5,6083.1,6240.98
2015-12-24,6240.98,6259.86,6236.85,6254.64
2015-12-29,6254.64,6314.57,6245.24,6314.57
2015-12-30,6314.57,6314.57,6261.48,6274.05
2015-12-31,6274.05,6278.31,6233.03,6242.32
2016-01-04,6242.32,6242.32,6071.01,6093.43
2016-01-05,6093.43,6166.26,6079.23,6137.24
2016-01-06,6137.24,6137.24,6018.65,6073.38
2016-01-07,6073.38,6073.38,5887.97,5954.08
2016-01-08,5954.08,6013.38,5912.44,5912.44
2016-01-11,5912.44,5941.93,5871.83,5871.83
2016-01-12,5871.83,5985.8,5866.67,5929.24
2016-01-13,5929.24,6011.13,5929.24,5960.97
2016-01-14,5960.97,5960.97,5829.26,5918.23
2016-01-15,5918.23,5934.62,5769.23,5804.1
2016-01-18,5804.1,5852.09,5766.5,5779.92
2016-01-19,5779.92,5915.69,5779.92,5876.8
2016-01-20,5876.8,5876.8,5639.88,5673.58
2016-01-21,5673.58,5781.24,5659.15,5773.79
2016-01-22,5773.79,5926.94,5773.79,5900.01
2016-01-25,5900.01,5933.47,5851.83,5877.0
2016-01-26,5877.0,5919.17,5771.37,5911.46
2016-01-27,5911.46,5990.37,5870.75,5990.37
2016-01-28,5990.37,6020.54,5889.37,5931.78
2016-01-29,5931.78,6083.79,5931.78,6083.79
2016-02-01,6083.79,6115.11,5993.84,6060.1
2016-02-02,6060.1,6060.45,5889.6,5922.01
2016-02-03,5922.01,5924.58,5791.04,5837.14
2016-02-04,5837.14,5938.12,5831.12,5898.76
2016-02-05,5898.76,5945.9,5839.36,5848.06
2016-02-08,5848.06,5882.43,5666.13,5689.36
2016-02-09,5689.36,5739.25,5596.26,5632.19
2016-02-10,5632.19,5712.78,5616.88,5672.3
2016-02-11,5672.3,5672.3,5499.51,5536.97
2016-02-12,5536.97,5707.6,5536.97,5707.6
2016-02-15,5707.6,5844.53,5707.6,5824.28
2016-02-16,5824.28,5880.72,5812.49,5862.17
2016-02-17,5862.17,6030.32,5862.17,6030.32
2016-02-18,6030.32,6036.46,5948.25,5971.95
2016-02-19,5971.95,6001.22,5916.26,5950.23
2016-02-22,5950.23,6065.81,5950.23,6037.73
2016-02-23,6037.73,6037.73,5954.18,5962.31
2016-02-24,5962.31,5966.73,5845.55,5867.18
2016-02-25,5867.18,6028.97,5867.18,6012.81
2016-02-26,6012.81,6115.37,6012.81,6096.01
2016-02-29,6096.01,6104.98,6033.21,6097.09
2016-03-01,6097.09,6153.75,6070.51,6152.88
2016-03-02,6152.88,6194.01,6097.77,6147.06
2016-03-03,6147.06,6173.7,6108.35,6130.46
2016-03-04,6130.46,6204.14,6130.46,6199.43
2016-03-07,6199.43,6216.1,6125.64,6182.4
2016-03-08,6182.4,6182.45,6101.89,6125.44
2016-03-09,6125.44,6174.82,6118.23,6146.32
2016-03-10,6146.32,6203.4,6036.7,6036.7
2016-03-11,6036.7,6150.88,6036.7,6139.79
2016-03-14,6139.79,6197.83,6139.79,6174.57
2016-03-15,6174.57,6174.57,6114.77,6139.97
2016-03-16,6139.97,6186.18,6134.27,6175.49
2016-03-17,6175.49,6220.02,6125.7,6201.12
2016-03-18,6201.12,6237.02,6186.24,6189.64
2016-03-21,6189.64,6215.3,6154.12,6184.58
2016-03-22,6184.58,6193.47,6110.39,6192.74
2016-03-23,6192.74,6216.76,6171.13,6199.11
2016-03-24,6199.11,6199.11,6090.03,6106.48
2016-03-29,6106.48,6156.67,6070.77,6105.9
2016-03-30,6105.9,6221.8,6105.9,6203.17
2016-03-31,6203.17,6203.39,6149.82,6174.9
2016-04-01,6174.9,6174.9,6076.89,6146.05
2016-04-04,6146.05,6201.95,6132.9,6164.72
2016-04-05,6164.72,6164.74,6061.85,6091.23
2016-04-06,6091.23,6161.63,6091.23,6161.63
2016-04-07,6161.63,6204.11,6119.38,6136.89
2016-04-08,6136.89,6216.28,6136.89,6204.41
2016-04-11,6204.41,6229.66,6165.46,6200.12
2016-04-12,6200.12,6248.27,6176.28,6242.39
2016-04-13,6242.39,6362.89,6242.39,6362.89
2016-04-14,6362.89,6373.93,6335.4,6365.1
2016-04-15,6365.1,6372.52,6328.19,6343.75
2016-04-18,6343.75,6354.88,6261.71,6353.52
2016-04-19,6353.52,6418.25,6353.49,6405.35
2016-04-20,6405.35,6421.91,6367.36,6410.26
2016-04-21,6410.26,6427.32,6352.93,6381.44
2016-04-22,6381.44,6381.58,6289.34,6310.44
2016-04-25,6310.44,6324.6,6249.34,6260.92
2016-04-26,6260.92,6297.88,6260.92,6284.52
2016-04-27,6284.52,6319.91,6255.2,6319.91
2016-04-28,6319.91,6322.4,6224.47,6322.4
2016-04-29,6322.4,6322.4,6241.89,6241.89
2016-05-03,6241.89,6270.03,6159.86,6185.59
2016-05-04,6185.59,6185.59,6100.76,6112.02
2016-05-05,6112.02,6152.59,6102.29,6117.25
2016-05-06,6117.25,6129.9,6054.74,6125.7
2016-05-09,6125.7,6177.6,6108.37,6114.81
2016-05-10,6114.81,6180.19,6114.81,6156.65
2016-05-11,6156.65,6172.72,6131.22,6162.49
2016-05-12,6162.49,6193.21,6094.14,6104.19
2016-05-13,6104.19,6138.5,6060.1,6138.5
2016-05-16,6138.5,6157.24,6092.21,6151.4
2016-05-17,6151.4,6215.88,6147.16,6167.77
2016-05-18,6167.77,6169.33,6115.99,6165.8
2016-05-19,6165.8,6165.8,6050.21,6053.35
2016-05-20,6053.35,6156.5,6053.35,6156.32
2016-05-23,6156.32,6173.06,6122.57,6136.43
2016-05-24,6136.43,6231.85,6109.58,6219.26
2016-05-25,6219.26,6270.25,6219.26,6262.85
2016-05-26,6262.85,6281.73,6243.49,6265.65
2016-05-27,6265.65,6275.9,6250.27,6270.79
2016-05-31,6270.79,6290.07,6230.11,6230.79
2016-06-01,6230.79,6233.18,6151.9,6191.93
2016-06-02,6191.93,6220.27,6173.05,6185.61
2016-06-03,6185.61,6251.74,6168.19,6209.63
2016-06-06,6209.63,6301.56,6209.63,6273.4
2016-06-07,6273.4,6322.6,6273.4,6284.53
2016-06-08,6284.53,6304.51,6263.8,6301.52
2016-06-09,6301.52,6301.73,6229.07,6231.89
2016-06-10,6231.89,6231.89,6097.24,6115.76
2016-06-13,6115.76,6115.76,6044.97,6044.97
2016-06-14,6044.97,6044.97,5921.72,5923.53
2016-06-15,5923.53,6007.49,5923.39,5966.8
2016-06-16,5966.8,5966.8,5899.97,5950.48
2016-06-17,5950.48,6046.1,5950.48,6021.09
2016-06-20,6021.09,6236.53,6021.09,6204.0
2016-06-21,6204.0,6250.19,6156.23,6226.55
2016-06-22,6226.55,6315.62,6222.01,6261.19
2016-06-23,6261.19,6380.58,6261.19,6338.1
2016-06-24,6338.1,6338.55,5788.74,6138.69
2016-06-27,6138.69,6138.69,5958.66,5982.2
2016-06-28,5982.2,6170.26,5982.2,6140.39
2016-06-29,6140.39,6360.06,6140.39,6360.06
2016-06-30,6360.06,6504.33,6309.98,6504.33
2016-07-01,6504.33,6587.44,6498.56,6577.83
2016-07-04,6577.83,6612.13,6514.81,6522.26
2016-07-05,6522.26,6561.58,6472.25,6545.37
2016-07-06,6545.37,6580.32,6432.47,6463.59
2016-07-07,6463.59,6579.25,6463.59,6533.79
2016-07-08,6533.79,6605.83,6515.24,6590.64
2016-07-11,6590.64,6695.07,6590.64,6682.86
2016-07-12,6682.86,6703.09,6663.66,6680.69
2016-07-13,6680.69,6717.17,6654.64,6670.4
2016-07-14,6670.4,6743.42,6648.4,6654.47
2016-07-15,6654.47,6669.24,6616.51,6669.24
2016-07-18,6669.24,6715.58,6653.67,6695.42
2016-07-19,6695.42,6711.69,6660.87,6697.37
2016-07-20,6697.37,6736.57,6694.36,6728.99
2016-07-21,6728.99,6732.07,6694.52,6699.89
2016-07-22,6699.89,6735.94,6663.72,6730.48
2016-07-25,6730.48,6756.13,6691.03,6710.13
2016-07-26,6710.13,6744.8,6708.58,6724.03
2016-07-27,6724.03,6780.05,6723.71,6750.43
2016-07-28,6750.43,6762.72,6718.9,6721.06
2016-07-29,6721.06,6740.47,6691.13,6724.43
2016-08-01,6724.43,6769.41,6678.45,6693.95
2016-08-02,6693.95,6694.14,6630.76,6645.4
2016-08-03,6645.4,6673.63,6621.42,6634.4
2016-08-04,6634.4,6749.67,6615.83,6740.16
2016-08-05,6740.16,6802.41,6738.57,6793.47
2016-08-08,6793.47,6829.47,6781.47,6809.13
2016-08-09,6809.13,6863.1,6807.76,6851.3
2016-08-10,6851.3,6866.42,6820.04,6866.42
2016-08-11,6866.42,6914.71,6812.73,6914.71
2016-08-12,6914.71,6931.04,6896.04,6916.02
2016-08-15,6916.02,6955.34,6907.17,6941.19
2016-08-16,6941.19,6941.19,6893.92,6893.92
2016-08-17,6893.92,6920.76,6849.9,6859.15
2016-08-18,6859.15,6893.35,6850.61,6868.96
2016-08-19,6868.96,6871.48,6840.94,6858.95
2016-08-22,6858.95,6884.61,6812.07,6828.54
2016-08-23,6828.54,6885.39,6828.54,6868.51
2016-08-24,6868.51,6868.51,6825.22,6835.78
2016-08-25,6835.78,6836.22,6779.15,6816.9
2016-08-26,6816.9,6857.29,6798.82,6838.05
2016-08-30,6838.05,6851.83,6808.07,6820.79
2016-08-31,6820.79,6832.89,6779.54,6781.51
2016-09-01,6781.51,6826.22,6723.21,6745.97
2016-09-02,6745.97,6928.25,6745.97,6894.6
2016-09-05,6894.6,6910.66,6867.08,6879.42
2016-09-06,6879.42,6887.92,6818.96,6826.05
2016-09-07,6826.05,6856.12,6814.87,6846.58
2016-09-08,6846.58,6889.64,6819.82,6858.7
2016-09-09,6858.7,6862.38,6762.3,6776.95
2016-09-12,6776.95,6776.95,6654.48,6700.9
2016-09-13,6700.9,6724.74,6665.63,6665.63
2016-09-14,6665.63,6720.29,6665.63,6673.31
2016-09-15,6673.31,6736.84,6654.82,6730.3
2016-09-16,6730.3,6746.29,6692.73,6710.28
2016-09-19,6710.28,6813.95,6710.28,6813.55
2016-09-20,6813.55,6869.1,6798.02,6830.79
2016-09-21,6830.79,6879.81,6830.47,6834.77
2016-09-22,6834.77,6937.33,6834.77,6911.4
2016-09-23,6911.4,6920.23,6882.62,6909.43
2016-09-26,6909.43,6909.63,6806.47,6818.04
2016-09-27,6818.04,6865.45,6768.86,6807.67
2016-09-28,6807.67,6878.21,6807.67,6849.38
2016-09-29,6849.38,6941.09,6849.38,6919.42
2016-09-30,6919.42,6919.42,6809.51,6899.33
2016-10-03,6899.33,6996.43,6898.09,6983.52
2016-10-04,6983.52,7121.93,6983.52,7074.34
2016-10-05,7074.34,7076.71,7024.13,7033.25
2016-10-06,7033.25,7049.34,6999.96,6999.96
2016-10-07,6999.96,7079.25,6999.96,7044.39
2016-10-10,7044.39,7104.49,7024.08,7097.5
2016-10-11,7097.5,7129.83,7061.36,7070.88
2016-10-12,7070.88,7079.42,7015.76,7024.01
2016-10-13,7024.01,7024.01,6930.04,6977.74
2016-10-14,6977.74,7055.18,6977.74,7013.55
2016-10-17,7013.55,7013.55,6937.43,6947.55
2016-10-18,6947.55,7033.02,6946.39,7000.06
2016-10-19,7000.06,7031.2,6975.92,7021.92
2016-10-20,7021.92,7047.55,6998.84,7026.9
2016-10-21,7026.9,7058.39,7011.09,7020.47
2016-10-24,7020.47,7067.34,6983.4,6986.4
2016-10-25,6986.4,7067.23,6985.92,7017.64
2016-10-26,7017.64,7017.64,6917.77,6958.09
2016-10-27,6958.09,7003.93,6924.05,6986.57
2016-10-28,6986.57,7006.43,6927.21,6996.26
2016-10-31,6996.26,6996.26,6945.29,6954.22
2016-11-01,6954.22,6993.79,6903.61,6917.14
2016-11-02,6917.14,6917.14,6845.42,6845.42
2016-11-03,6845.42,6873.21,6790.51,6790.51
2016-11-04,6790.51,6790.52,6676.56,6693.26
2016-11-07,6693.26,6806.9,6693.26,6806.9
2016-11-08,6806.9,6849.31,6795.06,6843.13
2016-11-09,6843.13,6911.84,6696.33,6911.84
2016-11-10,6911.84,6997.25,6799.05,6827.98
2016-11-11,6827.98,6849.04,6709.72,6730.43
2016-11-14,6730.43,6814.19,6730.43,6753.18
2016-11-15,6753.18,6820.52,6753.18,6792.74
2016-11-16,6792.74,6810.53,6735.69,6749.72
2016-11-17,6749.72,6798.75,6745.08,6794.71
2016-11-18,6794.71,6811.62,6740.34,6775.77
2016-11-21,6775.77,6820.9,6754.16,6777.96
2016-11-22,6777.96,6851.37,6777.96,6819.72
2016-11-23,6819.72,6880.74,6779.45,6817.71
2016-11-24,6817.71,6831.23,6790.69,6829.2
2016-11-25,6829.2,6852.14,6818.12,6840.75
2016-11-28,6840.75,6840.96,6769.77,6799.47
2016-11-29,6799.47,6800.91,6729.36,6772.0
2016-11-30,6772.0,6845.74,6765.23,6783.79
2016-12-01,6783.79,6789.3,6688.41,6752.93
2016-12-02,6752.93,6752.93,6678.74,6730.72
2016-12-05,6730.72,6799.5,6697.65,6746.83
2016-12-06,6746.83,6785.32,6723.05,6779.84
2016-12-07,6779.84,6902.23,6779.84,6902.23
2016-12-08,6902.23,6937.51,6892.17,6931.55
2016-12-09,6931.55,6962.25,6929.46,6954.21
2016-12-12,6954.21,6976.78,6875.43,6890.42
2016-12-13,6890.42,6977.99,6877.52,6968.57
2016-12-14,6968.57,6970.52,6941.95,6949.19
2016-12-15,6949.19,7010.48,6925.88,6999.01
2016-12-16,6999.01,7038.43,6990.35,7011.64
2016-12-19,7011.64,7025.74,6986.44,7017.16
2016-12-20,7017.16,7045.22,6992.62,7043.96
2016-12-21,7043.96,7056.98,7025.68,7041.42
2016-12-22,7041.42,7063.68,7020.13,7063.68
2016-12-23,7063.68,7071.11,7054.64,7068.17
2016-12-28,7068.17,7109.37,7060.85,7106.08
2016-12-29,7106.08,7120.26,7074.47,7120.26
2016-12-30,7120.26,7142.83,7087.54,7142.83
2017-01-03,7142.83,7205.45,7142.83,7177.89
2017-01-04,7177.89,7189.74,7168.77,7189.74
2017-01-05,7189.74,7211.96,7172.77,7195.31
2017-01-06,7195.31,7210.05,7180.64,7210.05
2017-01-09,7210.05,7243.76,7207.4,7237.77
2017-01-10,7237.77,7284.81,7237.29,7275.47
2017-01-11,7275.47,7328.51,7257.15,7290.49
2017-01-12,7290.49,7302.34,7263.42,7292.37
2017-01-13,7292.37,7338.49,7292.37,7337.81
2017-01-16,7337.81,7354.14,7320.47,7327.13
2017-01-17,7327.13,7329.27,7220.38,7220.38
2017-01-18,7220.38,7260.47,7218.41,7247.61
2017-01-19,7247.61,7249.63,7191.67,7208.44
2017-01-20,7208.44,7221.01,7193.73,7198.44
2017-01-23,7198.44,7198.44,7131.46,7151.18
2017-01-24,7151.18,7190.15,7144.44,7150.34
2017-01-25,7150.34,7205.68,7150.34,7164.43
2017-01-26,7164.43,7184.75,7151.34,7161.49
2017-01-27,7161.49,7184.73,7150.76,7184.49
2017-01-30,7184.49,7184.7,7105.67,7118.48
2017-01-31,7118.48,7162.53,7099.15,7099.15
2017-02-01,7099.15,7170.24,7099.15,7107.65
2017-02-02,7107.65,7163.94,7093.57,7140.75
2017-02-03,7140.75,7202.37,7133.63,7188.3
2017-02-06,7188.3,7208.73,7165.17,7172.15
2017-02-07,7172.15,7227.22,7159.57,7186.22
2017-02-08,7186.22,7195.94,7147.18,7188.82
2017-02-09,7188.82,7238.74,7183.14,7229.5
2017-02-10,7229.5,7274.8,7229.45,7258.75
2017-02-13,7258.75,7298.47,7257.67,7278.92
2017-02-14,7278.92,7292.65,7251.81,7268.56
2017-02-15,7268.56,7313.44,7268.56,7302.41
2017-02-16,7302.41,7302.41,7260.74,7277.92
2017-02-17,7277.92,7307.14,7253.16,7299.96
2017-02-20,7299.96,7329.56,7283.29,7299.86
2017-02-21,7299.86,7318.98,7267.49,7274.83
2017-02-22,7274.83,7314.26,7274.71,7302.25
2017-02-23,7302.25,7310.05,7262.94,7271.37
2017-02-24,7271.37,7271.86,7192.45,7243.7
2017-02-27,7243.7,7285.19,7239.66,7253.0
2017-02-28,7253.0,7284.2,7246.6,7263.44
2017-03-01,7263.44,7383.05,7263.44,7382.9
2017-03-02,7382.9,7394.61,7372.68,7382.35
2017-03-03,7382.35,7382.36,7353.64,7374.26
2017-03-06,7374.26,7374.26,7338.94,7350.12
2017-03-07,7350.12,7363.74,7335.27,7338.99
2017-03-08,7338.99,7354.47,7315.86,7334.61
2017-03-09,7334.61,7336.26,7263.62,7314.96
2017-03-10,7314.96,7373.0,7314.96,7343.08
2017-03-13,7343.08,7377.41,7342.02,7367.08
2017-03-14,7367.08,7386.17,7339.27,7357.85
2017-03-15,7357.85,7383.33,7357.58,7368.64
2017-03-16,7368.64,7444.62,7368.64,7415.95
2017-03-17,7415.95,7447.0,7402.64,7424.96
2017-03-20,7424.96,7433.68,7399.97,7429.81
2017-03-21,7429.81,7440.85,7360.67,7378.34
2017-03-22,7378.34,7378.4,7301.83,7324.72
2017-03-23,7324.72,7346.4,7307.65,7340.71
2017-03-24,7340.71,7351.6,7322.86,7336.82
2017-03-27,7336.82,7336.82,7255.78,7293.5
2017-03-28,7293.5,7349.59,7285.8,7343.42
2017-03-29,7343.42,7373.72,7313.9,7373.72
2017-03-30,7373.72,7384.8,7340.25,7369.52
2017-03-31,7369.52,7369.55,7322.92,7322.92
2017-04-03,7322.92,7350.3,7280.76,7282.69
2017-04-04,7282.69,7324.6,7282.69,7321.82
2017-04-05,7321.82,7362.59,7321.82,7331.68
2017-04-06,7331.68,7331.68,7258.11,7303.2
2017-04-07,7303.2,7349.37,7284.73,7349.37
2017-04-10,7349.37,7359.25,7337.01,7348.94
2017-04-11,7348.94,7406.35,7332.59,7365.5
2017-04-12,7365.5,7402.42,7348.84,7348.99
2017-04-13,7348.99,7348.99,7298.85,7327.59
2017-04-18,7327.59,7327.59,7147.5,7147.5
2017-04-19,7147.5,7151.18,7114.36,7114.36
2017-04-20,7114.36,7127.58,7096.83,7118.54
2017-04-21,7118.54,7134.53,7104.22,7114.55
2017-04-24,7114.55,7273.9,7114.55,7264.68
2017-04-25,7264.68,7290.82,7258.74,7275.64
2017-04-26,7275.64,7302.57,7262.32,7288.72
2017-04-27,7288.72,7289.38,7224.35,7237.17
2017-04-28,7237.17,7243.31,7197.28,7203.94
2017-05-02,7203.94,7254.32,7203.94,7250.05
2017-05-03,7250.05,7250.05,7218.56,7234.53
2017-05-04,7234.53,7280.7,7226.07,7248.1
2017-05-05,7248.1,7297.43,7222.81,7297.43
2017-05-08,7297.43,7322.32,7285.76,7300.86
2017-05-09,7300.86,7359.61,7300.86,7342.21
2017-05-10,7342.21,7398.58,7331.3,7385.24
2017-05-11,7385.24,7396.19,7369.23,7386.63
2017-05-12,7386.63,7435.39,7381.74,7435.39
2017-05-15,7435.39,7460.2,7434.24,7454.37
2017-05-16,7454.37,7533.7,7452.44,7522.03
2017-05-17,7522.03,7532.95,7478.88,7503.47
2017-05-18,7503.47,7503.68,7389.26,7436.42
2017-05-19,7436.42,7480.28,7436.42,7470.71
2017-05-22,7470.71,7518.12,7470.71,7496.34
2017-05-23,7496.34,7521.94,7485.29,7485.29
2017-05-24,7485.29,7519.58,7475.11,7514.9
2017-05-25,7514.9,7529.74,7497.07,7517.71
2017-05-26,7517.71,7554.21,7514.39,7547.63
2017-05-30,7547.63,7547.65,7497.07,7526.51
2017-05-31,7526.51,7586.45,7519.68,7519.95
2017-06-01,7519.95,7558.63,7518.32,7543.77
2017-06-02,7543.77,7598.99,7539.96,7547.63
2017-06-05,7547.63,7562.0,7519.06,7525.76
2017-06-06,7525.76,7527.64,7502.83,7524.95
2017-06-07,7524.95,7555.62,7476.33,7478.62
2017-06-08,7478.62,7489.66,7449.98,7449.98
2017-06-09,7449.98,7545.12,7449.73,7527.33
2017-06-12,7527.33,7540.53,7483.61,7511.87
2017-06-13,7511.87,7540.05,7491.86,7500.44
2017-06-14,7500.44,7545.07,7474.4,7474.4
2017-06-15,7474.4,7474.51,7377.86,7419.36
2017-06-16,7419.36,7478.99,7419.36,7463.54
2017-06-19,7463.54,7537.84,7463.54,7523.81
2017-06-20,7523.81,7561.07,7472.71,7472.71
2017-06-21,7472.71,7477.17,7417.45,7447.79
2017-06-22,7447.79,7448.48,7398.83,7439.29
2017-06-23,7439.29,7441.79,7396.75,7424.13
2017-06-26,7424.13,7480.95,7424.13,7446.8
2017-06-27,7446.8,7451.68,7411.36,7434.36
2017-06-28,7434.36,7445.31,7381.36,7387.8
2017-06-29,7387.8,7451.95,7341.76,7350.32
2017-06-30,7350.32,7377.38,7302.71,7312.72
2017-07-03,7312.72,7386.11,7312.26,7377.09
2017-07-04,7377.09,7383.45,7336.75,7357.23
2017-07-05,7357.23,7386.92,7347.52,7367.6
2017-07-06,7367.6,7373.85,7303.46,7337.28
2017-07-07,7337.28,7359.48,7314.69,7350.92
2017-07-10,7350.92,7388.02,7344.31,7370.03
2017-07-11,7370.03,7386.88,7304.77,7329.76
2017-07-12,7329.76,7439.08,7329.76,7416.93
2017-07-13,7416.93,7428.24,7403.75,7413.44
2017-07-14,7413.44,7419.81,7363.77,7378.39
2017-07-17,7378.39,7426.37,7378.3,7404.13
2017-07-18,7404.13,7418.53,7357.77,7390.22
2017-07-19,7390.22,7442.84,7379.33,7430.91
2017-07-20,7430.91,7502.73,7430.91,7487.87
2017-07-21,7487.87,7515.12,7433.89,7452.91
2017-07-24,7452.91,7453.22,7357.5,7377.73
2017-07-25,7377.73,7453.74,7377.73,7434.82
2017-07-26,7434.82,7487.05,7434.68,7452.32
2017-07-27,7452.32,7461.85,7410.85,7443.01
2017-07-28,7443.01,7443.01,7339.44,7368.37
2017-07-31,7368.37,7425.52,7367.86,7372.0
2017-08-01,7372.0,7440.14,7372.0,7423.66
2017-08-02,7423.66,7434.71,7388.91,7411.43
2017-08-03,7411.43,7484.53,7384.22,7474.77
2017-08-04,7474.77,7519.06,7465.12,7511.71
2017-08-07,7511.71,7533.74,7511.71,7531.94
2017-08-08,7531.94,7551.85,7518.45,7542.73
2017-08-09,7542.73,7542.73,7475.83,7498.06
2017-08-10,7498.06,7498.06,7376.66,7389.94
2017-08-11,7389.94,7389.96,7296.49,7309.96
2017-08-14,7309.96,7377.66,7309.96,7353.89
2017-08-15,7353.89,7399.35,7353.89,7383.85
2017-08-16,7383.85,7444.98,7383.85,7433.03
2017-08-17,7433.03,7433.74,7382.16,7387.87
2017-08-18,7387.87,7387.87,7302.47,7323.98
2017-08-21,7323.98,7331.95,7296.8,7318.88
2017-08-22,7318.88,7387.55,7318.88,7381.74
2017-08-23,7381.74,7394.52,7360.33,7382.65
2017-08-24,7382.65,7437.87,7382.16,7407.06
2017-08-25,7407.06,7439.53,7401.46,7401.46
2017-08-29,7401.46,7401.62,7289.2,7337.43
2017-08-30,7337.43,7381.33,7337.43,7365.26
2017-08-31,7365.26,7443.68,7365.01,7430.62
2017-09-01,7430.62,7460.52,7430.06,7438.5
2017-09-04,7438.5,7438.5,7404.05,7411.47
2017-09-05,7411.47,7437.51,7369.58,7372.92
2017-09-06,7372.92,7372.92,7322.42,7354.13
2017-09-07,7354.13,7412.67,7348.38,7396.98
2017-09-08,7396.98,7396.98,7358.42,7377.6
2017-09-11,7377.6,7434.07,7377.6,7413.59
2017-09-12,7413.59,7435.84,7386.98,7400.69
2017-09-13,7400.69,7401.3,7336.23,7379.7
2017-09-14,7379.7,7390.7,7287.73,7295.39
2017-09-15,7295.39,7295.39,7196.58,7215.47
2017-09-18,7215.47,7257.45,7215.47,7253.28
2017-09-19,7253.28,7285.67,7243.59,7275.25
2017-09-20,7275.25,7289.93,7249.58,7271.95
2017-09-21,7271.95,7289.16,7260.05,7263.9
2017-09-22,7263.9,7320.28,7242.23,7310.64
2017-09-25,7310.64,7312.45,7272.49,7301.29
2017-09-26,7301.29,7311.82,7273.32,7285.74
2017-09-27,7285.74,7327.5,7285.74,7313.51
2017-09-28,7313.51,7323.33,7289.75,7322.82
2017-09-29,7322.82,7382.67,7321.64,7372.76
2017-10-02,7372.76,7438.84,7372.73,7438.84
2017-10-03,7438.84,7469.82,7426.67,7468.11
2017-10-04,7468.11,7476.33,7456.61,7467.58
2017-10-05,7467.58,7507.99,7464.4,7507.99
2017-10-06,7507.99,7527.72,7507.99,7522.87
2017-10-09,7522.87,7523.65,7493.68,7507.89
2017-10-10,7507.89,7543.88,7504.56,7538.27
2017-10-11,7538.27,7550.17,7519.6,7533.81
2017-10-12,7533.81,7565.11,7526.33,7556.24
2017-10-13,7556.24,7556.24,7521.09,7535.44
2017-10-16,7535.44,7557.0,7526.73,7526.97
2017-10-17,7526.97,7550.44,7506.31,7516.17
2017-10-18,7516.17,7555.24,7516.17,7542.87
2017-10-19,7542.87,7542.87,7485.42,7523.04
2017-10-20,7523.04,7560.04,7517.07,7523.23
2017-10-23,7523.23,7542.0,7511.77,7524.45
2017-10-24,7524.45,7535.22,7508.5,7526.54
2017-10-25,7526.54,7528.46,7437.42,7447.21
2017-10-26,7447.21,7488.26,7440.11,7486.5
2017-10-27,7486.5,7520.76,7485.24,7505.03
2017-10-30,7505.03,7507.02,7478.41,7487.81
2017-10-31,7487.81,7516.85,7483.97,7493.08
2017-11-01,7493.08,7532.36,7487.96,7487.96
2017-11-02,7487.96,7562.26,7478.88,7555.32
2017-11-03,7555.32,7580.95,7541.91,7560.35
2017-11-06,7560.35,7572.47,7544.2,7562.28
2017-11-07,7562.28,7582.85,7507.83,7513.11
2017-11-08,7513.11,7534.49,7504.77,7529.72
2017-11-09,7529.72,7532.2,7476.89,7484.1
2017-11-10,7484.1,7500.29,7421.73,7432.99
2017-11-13,7432.99,7469.3,7402.95,7415.18
2017-11-14,7415.18,7436.57,7396.92,7414.42
2017-11-15,7414.42,7415.09,7357.06,7372.61
2017-11-16,7372.61,7393.28,7368.14,7386.94
2017-11-17,7386.94,7406.53,7356.16,7380.68
2017-11-20,7380.68,7397.39,7350.37,7389.75
2017-11-21,7389.46,7422.18,7367.86,7411.34
2017-11-22,7411.34,7460.91,7410.38,7419.02
2017-11-23,7419.02,7422.73,7373.31,7417.24
2017-11-24,7417.24,7425.19,7389.54,7409.64
2017-11-27,7409.64,7438.39,7383.9,7383.9
2017-11-28,7383.9,7469.61,7373.95,7460.65
2017-11-29,7460.65,7460.65,7386.67,7393.56
2017-11-30,7393.56,7416.26,7326.67,7326.67
2017-12-01,7326.67,7355.43,7288.73,7300.49
2017-12-04,7300.49,7369.65,7300.49,7338.97
2017-12-05,7338.97,7373.9,7326.57,7327.5
2017-12-06,7327.5,7369.71,7289.36,7348.03
2017-12-07,7348.03,7371.73,7314.6,7320.75
2017-12-08,7320.75,7412.21,7314.23,7393.96
2017-12-11,7393.96,7458.4,7393.58,7453.48
2017-12-12,7453.48,7501.52,7448.31,7500.41
2017-12-13,7500.41,7510.77,7492.58,7496.51
2017-12-14,7496.51,7496.7,7448.12,7448.12
2017-12-15,7448.12,7490.57,7433.78,7490.57
2017-12-18,7490.57,7544.26,7490.57,7537.01
2017-12-19,7537.01,7563.49,7534.08,7544.09
2017-12-20,7544.09,7550.6,7511.45,7525.22
2017-12-21,7525.22,7609.69,7517.88,7603.98
2017-12-22,7603.98,7614.4,7585.47,7592.66
2017-12-27,7592.66,7632.71,7586.42,7620.68
2017-12-28,7620.68,7633.55,7609.77,7622.88
2017-12-29,7622.88,7697.62,7620.01,7687.77
2018-01-02,7687.77,7691.34,7624.14,7648.1
2018-01-03,7648.1,7689.86,7640.53,7671.11
2018-01-04,7671.11,7702.51,7671.11,7695.88
2018-01-05,7695.88,7727.73,7689.81,7724.22
2018-01-08,7724.22,7733.39,7691.77,7696.51
2018-01-09,7696.51,7733.12,7696.5,7731.02
2018-01-10,7731.02,7756.11,7716.21,7748.51
2018-01-11,7748.51,7768.96,7734.64,7762.94
2018-01-12,7762.94,7792.56,7752.63,7778.64
2018-01-15,7778.64,7783.61,7763.43,7769.14
2018-01-16,7769.14,7791.83,7740.55,7755.93
2018-01-17,7755.93,7755.93,7711.11,7725.43
2018-01-18,7725.43,7739.54,7683.71,7700.96
2018-01-19,7700.96,7731.82,7694.66,7730.79
2018-01-22,7730.79,7739.35,7703.67,7715.44
2018-01-23,7715.44,7745.22,7710.03,7731.83
2018-01-24,7731.83,7731.98,7643.43,7643.43
2018-01-25,7643.43,7662.35,7608.53,7615.84
2018-01-26,7615.84,7667.4,7615.84,7665.54
2018-01-29,7665.54,7689.15,7663.93,7671.53
2018-01-30,7671.53,7671.67,7587.12,7587.98
2018-01-31,7587.98,7599.01,7521.77,7533.55
2018-02-01,7533.55,7554.73,7476.51,7490.39
2018-02-02,7490.39,7494.76,7432.26,7443.43
2018-02-05,7443.43,7443.43,7334.79,7334.98
2018-02-06,7334.98,7334.98,7079.41,7141.4
2018-02-07,7141.4,7311.5,7141.4,7279.42
2018-02-08,7279.42,7279.42,7161.31,7170.69
2018-02-09,7170.69,7170.69,7073.03,7092.43
2018-02-12,7092.43,7199.93,7092.43,7177.06
2018-02-13,7177.06,7202.99,7165.83,7168.01
2018-02-14,7168.01,7243.13,7145.73,7213.97
2018-02-15,7213.97,7267.96,7206.71,7234.81
2018-02-16,7234.81,7307.97,7234.81,7294.7
2018-02-19,7294.7,7306.21,7239.98,7247.66
2018-02-20,7247.66,7264.78,7202.14,7246.77
2018-02-21,7246.77,7291.8,7220.55,7281.57
2018-02-22,7281.57,7281.57,7187.76,7252.39
2018-02-23,7252.39,7262.05,7220.81,7244.41
2018-02-26,7244.41,7312.98,7244.31,7289.58
2018-02-27,7289.58,7326.02,7272.87,7282.45
2018-02-28,7282.45,7293.36,7231.91,7231.91
2018-03-01,7231.91,7231.91,7153.39,7175.64
2018-03-02,7175.64,7175.64,7063.42,7069.9
2018-03-05,7069.9,7119.21,7062.13,7115.98
2018-03-06,7115.98,7197.8,7115.6,7146.75
2018-03-07,7146.75,7180.71,7109.56,7157.84
2018-03-08,7157.84,7212.14,7145.7,7203.24
2018-03-09,7203.24,7225.28,7189.74,7224.51
2018-03-12,7224.51,7254.87,7198.18,7214.76
2018-03-13,7214.76,7224.13,7125.6,7138.78
2018-03-14,7138.78,7176.51,7122.76,7132.69
2018-03-15,7132.69,7162.58,7127.08,7139.76
2018-03-16,7139.76,7187.27,7131.31,7164.14
2018-03-19,7164.14,7164.19,7034.91,7042.93
2018-03-20,7042.93,7081.5,7042.6,7061.27
2018-03-21,7061.27,7065.66,7016.79,7038.97
2018-03-22,7038.97,7038.97,6914.45,6952.59
2018-03-23,6952.59,6952.82,6876.96,6921.94
2018-03-26,6921.94,6958.47,6866.94,6888.69
2018-03-27,6888.69,7042.37,6888.69,6999.88
2018-03-28,7000.14,7044.74,6923.33,7044.74
2018-03-29,7044.74,7109.93,7042.73,7056.61
2018-04-03,7056.61,7064.98,6996.76,7030.46
2018-04-04,7030.46,7046.26,6971.75,7034.01
2018-04-05,7034.01,7199.5,7034.01,7199.5
2018-04-06,7199.5,7214.02,7163.11,7183.64
2018-04-09,7183.64,7209.68,7145.57,7194.75
2018-04-10,7194.75,7266.75,7194.75,7266.75
2018-04-11,7266.75,7270.28,7243.32,7257.14
2018-04-12,7257.14,7266.64,7240.76,7258.34
2018-04-13,7258.34,7274.99,7249.07,7264.56
2018-04-16,7264.56,7265.83,7195.46,7198.2
2018-04-17,7198.2,7240.41,7189.85,7226.05
2018-04-18,7226.05,7325.59,7226.05,7317.34
2018-04-19,7317.34,7340.73,7309.42,7328.92
2018-04-20,7328.92,7368.17,7323.31,7368.17
2018-04-23,7368.17,7404.11,7359.73,7398.87
2018-04-24,7398.87,7439.58,7397.29,7425.4
2018-04-25,7425.4,7427.13,7334.64,7379.32
2018-04-26,7379.32,7421.43,7355.0,7421.43
2018-04-27,7421.43,7507.12,7421.28,7502.21
2018-04-30,7502.21,7546.16,7497.11,7509.3
2018-05-01,7509.3,7549.07,7506.57,7520.36
2018-05-02,7520.36,7572.98,7519.62,7543.2
2018-05-03,7543.2,7555.18,7492.39,7502.69
2018-05-04,7502.69,7570.22,7502.69,7567.14
2018-05-08,7567.14,7598.51,7550.44,7565.75
2018-05-09,7565.75,7662.52,7565.75,7662.52
2018-05-10,7662.52,7706.87,7631.58,7700.97
2018-05-11,7700.97,7728.89,7691.69,7724.55
2018-05-14,7724.55,7727.96,7688.57,7710.98
2018-05-15,7710.98,7752.02,7687.49,7722.98
2018-05-16,7722.98,7745.53,7717.76,7734.2
2018-05-17,7734.2,7788.23,7713.85,7787.97
2018-05-18,7787.97,7791.41,7753.27,7778.79
2018-05-21,7778.79,7868.12,7778.12,7859.17
2018-05-22,7859.17,7903.5,7854.58,7877.45
2018-05-23,7877.45,7877.45,7765.32,7788.44
2018-05-24,7788.44,7803.45,7716.74,7716.74
2018-05-25,7716.74,7753.32,7703.26,7730.28
2018-05-29,7730.28,7730.28,7610.66,7632.64
2018-05-30,7632.64,7689.57,7618.12,7689.57
2018-05-31,7689.57,7727.45,7651.12,7678.2
2018-06-01,7678.2,7746.73,7678.2,7701.77
2018-06-04,7701.77,7772.12,7701.7,7741.29
2018-06-05,7741.29,7744.46,7686.61,7686.8
2018-06-06,7686.8,7730.48,7671.62,7712.37
2018-06-07,7712.37,7756.66,7698.15,7704.4
2018-06-08,7704.4,7714.32,7637.52,7681.07
2018-06-11,7681.07,7756.02,7681.07,7737.43
2018-06-12,7737.43,7762.77,7701.33,7703.81
2018-06-13,7703.81,7746.7,7677.17,7703.71
2018-06-14,7703.71,7793.45,7650.16,7765.79
2018-06-15,7765.79,7781.0,7633.91,7633.91
2018-06-18,7633.91,7645.47,7601.6,7631.33
2018-06-19,7631.33,7631.33,7548.84,7603.85
2018-06-20,7603.85,7705.2,7603.85,7627.4
2018-06-21,7627.4,7670.78,7548.12,7556.44
2018-06-22,7556.44,7689.44,7556.2,7682.27
2018-06-25,7682.27,7682.27,7508.32,7509.84
2018-06-26,7509.84,7564.05,7509.84,7537.92
2018-06-27,7537.92,7633.92,7512.03,7621.69
2018-06-28,7621.69,7632.17,7576.01,7615.63
2018-06-29,7615.63,7706.64,7615.63,7636.93
2018-07-02,7636.93,7636.93,7540.71,7547.85
2018-07-03,7547.85,7632.12,7544.98,7593.29
2018-07-04,7593.29,7593.29,7560.81,7573.09
2018-07-05,7573.09,7624.82,7572.69,7603.22
2018-07-06,7603.22,7631.19,7569.7,7617.7
2018-07-09,7617.7,7697.46,7617.7,7687.99
2018-07-10,7687.99,7715.07,7677.06,7692.04
2018-07-11,7692.04,7692.04,7578.18,7591.96
2018-07-12,7591.96,7662.96,7591.96,7651.33
2018-07-13,7651.33,7716.24,7651.33,7661.87
2018-07-16,7661.87,7667.71,7564.96,7600.45
2018-07-17,7600.45,7641.1,7581.83,7626.33
2018-07-18,7626.33,7685.68,7625.75,7676.28
2018-07-19,7676.28,7702.85,7660.02,7683.97
2018-07-20,7683.97,7705.8,7631.66,7678.79
2018-07-23,7678.79,7678.79,7621.75,7655.79
2018-07-24,7655.79,7740.64,7648.59,7709.05
2018-07-25,7709.05,7710.25,7640.59,7658.26
2018-07-26,7658.26,7684.72,7640.94,7663.17
2018-07-27,7663.17,7717.22,7663.16,7701.31
2018-07-30,7701.31,7718.06,7659.91,7700.85
2018-07-31,7700.85,7782.9,7695.76,7748.76
2018-08-01,7748.76,7751.1,7634.66,7652.91
2018-08-02,7652.91,7652.91,7549.34,7575.93
2018-08-03,7575.93,7665.16,7575.93,7659.1
2018-08-06,7659.1,7681.86,7636.6,7663.78
2018-08-07,7663.78,7752.08,7663.2,7718.48
2018-08-08,7718.48,7790.17,7707.3,7776.65
2018-08-09,7776.65,7776.77,7714.52,7741.77
2018-08-10,7741.77,7741.77,7657.72,7667.01
2018-08-13,7667.01,7667.33,7614.48,7642.45
2018-08-14,7642.45,7665.24,7599.66,7611.64
2018-08-15,7611.64,7632.07,7477.05,7497.87
2018-08-16,7497.87,7565.18,7497.87,7556.38
2018-08-17,7556.38,7577.68,7514.26,7558.59
2018-08-20,7558.59,7616.15,7558.59,7591.26
2018-08-21,7591.26,7601.65,7557.34,7565.7
2018-08-22,7565.7,7607.23,7531.24,7574.24
2018-08-23,7574.24,7602.1,7560.85,7563.22
2018-08-24,7563.22,7587.19,7557.67,7577.49
2018-08-28,7577.49,7636.72,7577.49,7617.22
2018-08-29,7617.22,7635.74,7545.08,7563.21
2018-08-30,7563.21,7563.21,7497.54,7516.03
2018-08-31,7516.03,7516.46,7428.67,7432.42
2018-09-03,7432.42,7516.06,7432.18,7504.6
2018-09-04,7504.6,7535.12,7437.65,7457.86
2018-09-05,7457.86,7457.86,7357.98,7383.28
2018-09-06,7383.28,7397.74,7313.12,7318.96
2018-09-07,7318.96,7328.3,7227.07,7277.7
2018-09-10,7277.7,7307.85,7256.51,7279.3
2018-09-11,7279.3,7280.48,7220.5,7273.54
2018-09-12,7273.54,7325.25,7250.84,7313.36
2018-09-13,7313.36,7319.57,7275.14,7281.57
2018-09-14,7281.57,7323.83,7281.57,7304.04
2018-09-17,7304.04,7318.77,7267.83,7302.1
2018-09-18,7302.1,7320.07,7281.98,7300.23
2018-09-19,7300.23,7346.11,7279.92,7331.12
2018-09-20,7331.12,7368.43,7324.01,7367.32
2018-09-21,7367.32,7495.26,7367.32,7490.23
2018-09-24,7490.23,7491.25,7450.53,7458.41
2018-09-25,7458.41,7515.94,7455.22,7507.56
2018-09-26,7507.56,7522.06,7490.2,7511.49
2018-09-27,7511.49,7552.02,7490.94,7545.44
2018-09-28,7545.44,7548.36,7474.67,7510.2
2018-10-01,7510.2,7526.2,7466.67,7495.67
2018-10-02,7495.67,7495.67,7444.8,7474.55
2018-10-03,7474.55,7524.06,7474.55,7510.28
2018-10-04,7510.28,7510.28,7411.31,7418.34
2018-10-05,7418.34,7421.12,7318.54,7318.54
2018-10-08,7318.54,7319.84,7233.33,7233.33
2018-10-09,7233.33,7247.64,7184.28,7237.59
2018-10-10,7237.59,7242.31,7145.74,7145.74
2018-10-11,7145.74,7145.74,6998.02,7006.93
2018-10-12,7006.93,7073.99,6994.78,6995.91
2018-10-15,6995.91,7038.23,6961.28,7029.22
2018-10-16,7029.22,7062.08,6998.93,7059.4
2018-10-17,7059.4,7089.03,7019.41,7054.6
2018-10-18,7054.6,7078.76,7026.74,7026.99
2018-10-19,7026.99,7070.38,7012.56,7049.8
2018-10-22,7049.8,7114.12,7042.05,7042.8
2018-10-23,7042.8,7042.8,6928.65,6955.21
2018-10-24,6955.21,7049.83,6955.21,6962.98
2018-10-25,6962.98,7004.1,6885.99,7004.1
2018-10-26,7004.1,7004.16,6851.59,6939.56
2018-10-29,6939.56,7085.88,6939.56,7026.32
2018-10-30,7026.32,7060.06,6983.68,7035.85
2018-10-31,7035.85,7161.54,7035.85,7128.1
2018-11-01,7128.1,7165.61,7085.74,7114.66
2018-11-02,7114.66,7196.39,7094.12,7094.12
2018-11-05,7094.12,7140.37,7077.4,7103.84
2018-11-06,7103.84,7117.5,7027.45,7040.68
2018-11-07,7040.68,7136.75,7040.68,7117.28
2018-11-08,7117.28,7171.69,7115.01,7140.68
2018-11-09,7140.68,7140.68,7070.8,7105.34
2018-11-12,7105.34,7186.31,7053.08,7053.08
2018-11-13,7053.08,7103.97,7016.64,7053.76
2018-11-14,7053.76,7113.59,6979.68,7033.79
2018-11-15,7033.79,7081.88,6979.57,7038.01
2018-11-16,7038.01,7092.44,6968.99,7013.88
2018-11-19,7013.88,7070.46,6997.83,7000.89
2018-11-20,7000.89,7010.1,6904.21,6947.92
2018-11-21,6947.92,7058.56,6947.92,7050.23
2018-11-22,7050.23,7050.43,6944.95,6960.32
2018-11-23,6960.32,6987.53,6912.3,6952.86
2018-11-26,6952.86,7050.96,6952.86,7036.0
2018-11-27,7036.0,7043.7,6983.98,7016.85
2018-11-28,7016.85,7057.03,6987.25,7004.52
2018-11-29,7004.52,7078.37,7004.52,7038.95
2018-11-30,7038.95,7042.07,6965.6,6980.24
2018-12-03,6980.24,7145.49,6980.24,7062.41
2018-12-04,7062.41,7095.01,7002.71,7022.76
2018-12-05,7022.76,7028.65,6921.84,6921.84
2018-12-06,6921.84,6921.84,6673.57,6704.05
2018-12-07,6704.05,6868.27,6704.05,6778.11
2018-12-10,6778.11,6815.84,6719.17,6721.54
2018-12-11,6721.54,6857.58,6721.54,6806.94
2018-12-12,6806.94,6902.19,6806.94,6880.19
2018-12-13,6880.19,6908.48,6848.98,6877.5
2018-12-14,6877.5,6877.5,6788.65,6845.17
2018-12-17,6845.17,6845.17,6761.38,6773.24
2018-12-18,6773.24,6773.24,6701.59,6701.59
2018-12-19,6701.59,6785.16,6698.15,6765.94
2018-12-20,6765.94,6765.94,6646.45,6711.93
2018-12-21,6711.93,6733.0,6653.65,6721.17
2018-12-24,6721.17,6721.17,6661.04,6685.99
2018-12-27,6685.99,6728.49,6536.53,6584.68
2018-12-28,6584.68,6742.48,6584.68,6733.97
2018-12-31,6733.97,6752.54,6718.32,6728.13
2019-01-02,6728.13,6753.29,6599.48,6734.23
2019-01-03,6734.23,6753.14,6685.09,6692.66
2019-01-04,6692.66,6850.37,6692.5,6837.42
2019-01-07,6837.42,6874.11,6778.01,6810.88
2019-01-08,6810.88,6901.48,6804.89,6861.6
2019-01-09,6861.6,6938.31,6861.6,6906.63
2019-01-10,6906.63,6948.18,6860.82,6942.87
2019-01-11,6942.87,7001.94,6902.65,6918.18
2019-01-14,6918.18,6918.21,6841.74,6855.02
2019-01-15,6855.02,6910.45,6849.63,6895.02
2019-01-16,6895.02,6912.44,6848.57,6862.68
2019-01-17,6862.68,6862.68,6799.03,6834.92
2019-01-18,6834.92,6984.36,6834.92,6968.33
2019-01-21,6968.33,6987.93,6954.52,6970.59
2019-01-22,6970.59,6970.59,6880.69,6901.39
2019-01-23,6901.39,6901.63,6834.3,6842.88
2019-01-24,6842.88,6854.59,6802.03,6818.95
2019-01-25,6818.95,6858.19,6806.77,6809.22
2019-01-28,6809.22,6812.53,6734.0,6747.1
2019-01-29,6747.1,6860.34,6747.1,6833.93
2019-01-30,6833.93,6967.7,6833.93,6941.63
2019-01-31,6941.63,6994.88,6941.09,6968.85
2019-02-01,6968.85,7024.45,6968.85,7020.22
2019-02-04,7020.22,7046.58,7002.42,7034.13
2019-02-05,7034.13,7180.71,7033.57,7177.37
2019-02-06,7177.37,7184.22,7146.65,7173.09
2019-02-07,7173.09,7187.51,7093.58,7093.58
2019-02-08,7093.58,7115.83,7064.9,7071.18
2019-02-11,7071.18,7149.23,7071.18,7129.11
2019-02-12,7129.11,7168.61,7121.72,7133.14
2019-02-13,7133.14,7205.07,7133.14,7190.84
2019-02-14,7190.84,7232.83,7183.01,7197.01
2019-02-15,7197.01,7261.63,7185.23,7236.68
2019-02-18,7236.68,7242.09,7209.7,7219.47
2019-02-19,7219.47,7219.53,7162.8,7179.17
2019-02-20,7179.17,7234.16,7177.95,7228.62
2019-02-21,7228.62,7228.78,7141.85,7167.39
2019-02-22,7167.39,7220.52,7162.37,7178.6
2019-02-25,7178.6,7210.7,7158.19,7183.74
2019-02-26,7183.74,7183.79,7091.59,7151.12
2019-02-27,7151.12,7151.12,7082.62,7107.2
2019-02-28,7107.2,7107.2,7041.03,7074.73
2019-03-01,7074.73,7129.72,7074.73,7106.73
2019-03-04,7106.73,7166.19,7106.73,7134.39
2019-03-05,7134.39,7191.65,7127.18,7183.43
2019-03-06,7183.43,7211.83,7170.25,7196.0
2019-03-07,7196.0,7196.0,7126.57,7157.55
2019-03-08,7157.55,7157.55,7077.93,7104.31
2019-03-11,7104.31,7181.61,7104.31,7130.62
2019-03-12,7130.62,7166.55,7083.22,7151.15
2019-03-13,7151.15,7181.85,7128.71,7159.19
2019-03-14,7159.19,7215.45,7148.08,7185.43
2019-03-15,7185.43,7243.8,7185.43,7228.28
2019-03-18,7228.28,7299.19,7228.19,7299.19
2019-03-19,7299.19,7350.1,7294.5,7324.0
2019-03-20,7324.0,7341.57,7291.01,7291.01
2019-03-21,7291.01,7370.61,7290.62,7355.31
2019-03-22,7355.31,7356.37,7192.76,7207.59
2019-03-25,7207.59,7208.09,7146.83,7177.58
2019-03-26,7177.58,7221.02,7169.37,7196.29
2019-03-27,7196.29,7222.64,7160.14,7194.19
2019-03-28,7194.19,7265.47,7190.87,7234.33
2019-03-29,7234.33,7287.72,7223.3,7279.19
2019-04-01,7279.19,7352.15,7279.19,7317.38
2019-04-02,7317.38,7403.56,7316.81,7391.12
2019-04-03,7391.12,7418.31,7380.93,7418.28
2019-04-04,7418.28,7418.43,7367.44,7401.94
2019-04-05,7401.94,7461.39,7400.79,7446.87
2019-04-08,7446.87,7459.93,7420.41,7451.89
2019-04-09,7451.89,7477.62,7413.27,7425.57
2019-04-10,7425.57,7441.36,7409.39,7421.91
2019-04-11,7421.91,7441.89,7383.47,7417.95
2019-04-12,7417.95,7454.78,7415.0,7437.06
2019-04-15,7437.06,7447.08,7420.27,7436.87
2019-04-16,7436.87,7485.93,7436.87,7469.92
2019-04-17,7469.92,7478.95,7445.12,7471.32
2019-04-18,7471.32,7475.91,7437.87,7459.88
2019-04-23,7459.88,7528.93,7459.88,7523.07
2019-04-24,7523.07,7523.79,7456.74,7471.75
2019-04-25,7471.75,7473.32,7405.99,7434.13
2019-04-26,7434.13,7442.39,7398.57,7428.19
2019-04-29,7428.19,7456.49,7406.53,7440.66
2019-04-30,7440.66,7451.32,7394.07,7418.22
2019-05-01,7418.22,7446.46,7379.65,7385.26
2019-05-02,7385.26,7393.94,7339.45,7351.31
2019-05-03,7351.31,7418.17,7350.01,7380.64
2019-05-07,7380.64,7380.64,7251.03,7260.47
2019-05-08,7260.47,7278.32,7222.88,7271.0
2019-05-09,7271.0,7271.0,7192.18,7207.41
2019-05-10,7207.41,7268.17,7189.86,7203.29
2019-05-13,7203.29,7217.12,7150.89,7163.68
2019-05-14,7163.68,7241.6,7163.68,7241.6
2019-05-15,7241.6,7308.1,7223.08,7296.95
2019-05-16,7296.95,7353.51,7265.77,7353.51
2019-05-17,7353.51,7354.22,7307.33,7348.62
2019-05-20,7348.62,7360.34,7268.63,7310.88
2019-05-21,7310.88,7370.02,7310.88,7328.92
2019-05-22,7328.92,7373.27,7313.55,7334.19
2019-05-23,7334.19,7334.19,7211.33,7231.04
2019-05-24,7231.04,7303.04,7231.01,7277.73
2019-05-28,7277.73,7314.85,7262.8,7268.95
2019-05-29,7268.95,7268.95,7151.37,7185.3
2019-05-30,7185.3,7236.68,7180.57,7218.16
2019-05-31,7218.16,7218.16,7130.85,7161.71
2019-06-03,7161.71,7186.71,7079.71,7184.8
2019-06-04,7184.8,7223.96,7138.14,7214.29
2019-06-05,7216.71,7259.24,7201.36,7220.22
2019-06-06,7220.22,7275.66,7218.67,7259.85
2019-06-07,7259.85,7347.41,7258.16,7331.94
2019-06-10,7331.94,7380.14,7331.94,7375.54
2019-06-11,7375.54,7420.73,7375.54,7398.45
2019-06-12,7398.45,7398.45,7329.26,7367.62
2019-06-13,7367.62,7398.61,7350.98,7368.57
2019-06-14,7368.57,7368.8,7316.44,7345.78
2019-06-17,7345.78,7370.7,7324.54,7357.31
2019-06-18,7357.31,7469.19,7345.55,7443.04
2019-06-19,7443.04,7454.93,7399.17,7403.54
2019-06-20,7403.54,7460.83,7403.54,7424.44
2019-06-21,7424.44,7456.79,7382.94,7407.5
2019-06-24,7407.5,7435.54,7399.56,7416.69
2019-06-25,7416.69,7429.72,7373.22,7422.43
2019-06-26,7422.43,7435.9,7405.54,7416.39
2019-06-27,7416.39,7439.43,7375.51,7402.33
2019-06-28,7402.33,7436.18,7398.92,7425.63
2019-07-01,7425.63,7530.24,7425.63,7497.5
2019-07-02,7497.5,7565.27,7497.5,7559.19
2019-07-03,7559.19,7621.02,7558.47,7609.32
2019-07-04,7609.32,7622.58,7601.33,7603.58
2019-07-05,7603.58,7603.61,7541.86,7553.14
2019-07-08,7553.14,7571.34,7538.67,7549.27
2019-07-09,7549.27,7553.3,7517.94,7536.47
2019-07-10,7536.47,7559.12,7515.61,7530.69
2019-07-11,7530.69,7558.34,7501.66,7509.82
2019-07-12,7509.82,7537.1,7493.8,7505.97
2019-07-15,7505.97,7548.33,7487.44,7531.72
2019-07-16,7531.72,7590.07,7524.52,7577.2
2019-07-17,7577.2,7577.2,7519.22,7535.46
2019-07-18,7535.46,7535.46,7482.6,7493.09
2019-07-19,7493.09,7546.65,7475.49,7508.7
2019-07-22,7508.7,7549.71,7491.79,7514.93
2019-07-23,7514.93,7598.6,7514.93,7556.86
2019-07-24,7556.86,7558.01,7479.07,7501.46
2019-07-25,7501.46,7542.64,7462.73,7489.05
2019-07-26,7489.05,7553.55,7486.74,7549.06
2019-07-29,7549.06,7711.34,7548.86,7686.61
2019-07-30,7686.61,7727.49,7643.65,7646.77
2019-07-31,7646.77,7648.2,7576.12,7586.78
2019-08-01,7586.78,7609.98,7535.9,7584.87
2019-08-02,7584.87,7585.24,7397.91,7407.06
2019-08-05,7407.06,7407.06,7200.54,7223.85
2019-08-06,7223.85,7241.57,7166.98,7171.69
2019-08-07,7171.69,7237.88,7153.89,7198.7
2019-08-08,7198.7,7285.9,7191.25,7285.9
2019-08-09,7285.9,7297.28,7237.13,7253.85
2019-08-12,7253.85,7305.56,7207.46,7226.72
2019-08-13,7226.72,7281.14,7166.86,7250.9
2019-08-14,7250.9,7268.73,7112.05,7147.88
2019-08-15,7147.88,7148.75,7020.22,7067.01
2019-08-16,7067.01,7125.9,7067.01,7117.15
2019-08-19,7117.15,7214.23,7117.15,7189.65
2019-08-20,7189.65,7231.65,7121.24,7125.0
2019-08-21,7125.0,7215.53,7122.12,7203.97
2019-08-22,7203.97,7203.97,7103.67,7128.18
2019-08-23,7128.18,7188.59,7094.98,7094.98
2019-08-27,7094.98,7110.76,7044.73,7089.58
2019-08-28,7089.58,7131.21,7050.0,7114.71
2019-08-29,7114.71,7199.2,7103.12,7184.32
2019-08-30,7184.32,7240.37,7179.7,7207.18
2019-09-02,7207.18,7315.26,7206.9,7281.94
2019-09-03,7281.94,7301.47,7239.1,7268.19
2019-09-04,7268.19,7334.55,7268.19,7311.26
2019-09-05,7311.26,7330.71,7250.63,7271.17
2019-09-06,7271.17,7284.11,7244.13,7282.34
2019-09-09,7282.34,7325.21,7205.98,7235.81
2019-09-10,7235.81,7270.5,7199.4,7267.95
2019-09-11,7267.95,7346.71,7267.95,7338.03
2019-09-12,7338.03,7369.34,7303.17,7344.67
2019-09-13,7344.67,7380.29,7318.23,7367.46
2019-09-16,7367.46,7378.32,7321.41,7321.41
2019-09-17,7321.41,7350.24,7292.23,7320.4
2019-09-18,7320.4,7350.52,7300.37,7314.05
2019-09-19,7314.05,7373.08,7290.69,7356.42
2019-09-20,7356.42,7376.31,7322.01,7344.92
2019-09-23,7344.92,7362.3,7284.75,7326.08
2019-09-24,7326.08,7348.97,7281.91,7291.43
2019-09-25,7291.43,7292.0,7212.96,7289.99
2019-09-26,7289.99,7387.09,7277.15,7351.08
2019-09-27,7351.08,7440.77,7351.0,7426.21
2019-09-30,7426.21,7439.62,7402.2,7408.21
2019-10-01,7408.21,7433.24,7352.83,7360.32
2019-10-02,7360.32,7360.32,7119.72,7122.54
2019-10-03,7122.54,7129.02,7004.43,7077.64
2019-10-04,7077.64,7157.75,7077.4,7155.38
2019-10-07,7155.38,7206.89,7132.98,7197.88
2019-10-08,7197.88,7223.86,7143.15,7143.15
2019-10-09,7143.15,7196.41,7139.9,7166.5
2019-10-10,7166.5,7212.9,7130.52,7186.36
2019-10-11,7186.36,7250.09,7144.66,7247.08
2019-10-14,7247.08,7251.8,7194.21,7213.45
2019-10-15,7213.45,7242.37,7176.67,7211.64
2019-10-16,7211.64,7217.63,7149.84,7167.95
2019-10-17,7167.95,7237.78,7162.04,7182.32
2019-10-18,7182.32,7197.14,7146.11,7150.57
2019-10-21,7150.57,7197.53,7139.38,7163.64
2019-10-22,7163.64,7230.17,7146.69,7212.49
2019-10-23,7212.49,7265.86,7194.13,7260.74
2019-10-24,7260.74,7338.87,7255.46,7328.25
2019-10-25,7328.25,7331.17,7279.78,7324.47
2019-10-28,7324.47,7346.92,7291.59,7331.28
2019-10-29,7331.28,7335.73,7264.74,7306.26
2019-10-30,7306.26,7334.04,7278.26,7330.78
2019-10-31,7330.78,7335.16,7245.23,7248.38
2019-11-01,7248.38,7307.18,7248.38,7302.42
2019-11-04,7302.42,7392.73,7302.42,7369.69
2019-11-05,7369.69,7402.79,7369.61,7388.08
2019-11-06,7388.08,7398.78,7363.55,7396.65
2019-11-07,7396.65,7431.94,7396.0,7406.41
2019-11-08,7406.41,7406.83,7349.12,7359.38
2019-11-11,7359.38,7359.38,7258.46,7328.54
2019-11-12,7328.54,7390.0,7328.18,7365.44
2019-11-13,7365.44,7365.44,7301.71,7351.21
2019-11-14,7351.21,7351.28,7292.76,7292.76
2019-11-15,7292.76,7335.55,7243.15,7302.94
2019-11-18,7302.94,7335.36,7293.4,7307.7
2019-11-19,7307.7,7404.47,7307.7,7323.8
2019-11-20,7323.8,7323.8,7219.11,7262.49
2019-11-21,7262.49,7262.49,7197.33,7238.55
2019-11-22,7238.55,7343.26,7238.47,7326.81
2019-11-25,7326.81,7401.78,7326.81,7396.29
2019-11-26,7396.29,7421.3,7384.96,7403.14
2019-11-27,7403.14,7446.0,7400.38,7429.78
2019-11-28,7429.78,7429.78,7385.32,7416.43
2019-11-29,7416.43,7421.4,7346.53,7346.53
2019-12-02,7346.53,7400.27,7277.02,7285.94
2019-12-03,7285.94,7285.94,7134.93,7158.76
2019-12-04,7158.76,7190.04,7139.91,7188.5
2019-12-05,7188.5,7194.78,7131.16,7137.85
2019-12-06,7137.85,7241.5,7137.85,7239.66
2019-12-09,7239.66,7255.73,7217.8,7233.9
2019-12-10,7233.9,7234.4,7137.84,7213.76
2019-12-11,7213.76,7250.67,7195.49,7216.25
2019-12-12,7216.25,7307.36,7216.08,7273.47
2019-12-13,7273.47,7429.04,7223.42,7353.44
2019-12-16,7353.44,7552.65,7353.18,7519.05
2019-12-17,7519.05,7537.66,7497.15,7525.28
2019-12-18,7525.28,7557.05,7515.17,7540.75
2019-12-19,7540.75,7575.9,7526.1,7573.82
2019-12-20,7573.82,7599.52,7564.59,7582.48
2019-12-23,7582.48,7628.2,7559.63,7623.59
2019-12-24,7623.59,7636.16,7608.22,7632.24
2019-12-27,7632.24,7665.4,7622.46,7644.9
2019-12-30,7644.9,7644.9,7587.05,7587.05
2019-12-31,7587.05,7587.41,7532.38,7542.44
2020-01-02,7542.44,7624.78,7542.44,7604.3
2020-01-03,7604.3,7626.41,7551.0,7622.4
2020-01-06,7622.4,7622.4,7528.08,7575.34
2020-01-07,7575.34,7604.59,7562.14,7573.85
2020-01-08,7573.85,7579.48,7524.96,7574.93
2020-01-09,7574.93,7627.76,7574.93,7598.12
2020-01-10,7598.12,7631.96,7585.07,7587.85
2020-01-13,7587.85,7635.77,7582.51,7617.6
2020-01-14,7617.6,7650.69,7588.81,7622.35
2020-01-15,7622.35,7642.8,7609.44,7642.8
2020-01-16,7642.8,7653.58,7595.31,7609.81
2020-01-17,7609.81,7689.67,7609.81,7674.56
2020-01-20,7674.56,7682.77,7639.62,7651.44
2020-01-21,7651.44,7651.44,7550.47,7610.7
2020-01-22,7610.7,7637.35,7563.52,7571.92
2020-01-23,7571.92,7572.13,7503.17,7507.67
2020-01-24,7507.67,7642.21,7507.59,7585.98
2020-01-27,7585.98,7585.98,7392.83,7412.05
2020-01-28,7412.05,7491.44,7410.37,7480.69
2020-01-29,7480.69,7514.73,7462.21,7483.57
2020-01-30,7483.57,7483.57,7357.62,7381.96
2020-01-31,7381.96,7398.34,7275.03,7286.01
2020-02-03,7286.01,7359.98,7285.16,7326.31
2020-02-04,7326.31,7442.08,7326.31,7439.82
2020-02-05,7439.82,7512.41,7408.45,7482.48
2020-02-06,7482.48,7533.57,7482.48,7504.79
2020-02-07,7504.79,7506.26,7441.14,7466.7
2020-02-10,7466.7,7466.7,7427.85,7446.88
2020-02-11,7446.88,7529.54,7446.88,7499.44
2020-02-12,7499.44,7547.65,7499.01,7534.37
2020-02-13,7534.37,7534.37,7406.94,7452.03
2020-02-14,7452.03,7472.85,7403.69,7409.13
2020-02-17,7409.13,7449.95,7409.13,7433.25
2020-02-18,7433.25,7433.25,7353.41,7382.01
2020-02-19,7382.01,7462.01,7382.01,7457.02
2020-02-20,7457.02,7480.49,7436.64,7436.64
2020-02-21,7436.64,7436.7,7370.63,7403.92
2020-02-24,7403.92,7403.92,7114.45,7156.83
2020-02-25,7156.83,7198.23,7004.94,7017.88
2020-02-26,7017.88,7044.66,6871.85,7042.47
2020-02-27,7042.47,7042.47,6729.99,6796.4
2020-02-28,6796.4,6796.4,6460.08,6580.61
2020-03-02,6580.61,6775.18,6496.01,6654.89
2020-03-03,6654.89,6846.28,6654.89,6718.2
2020-03-04,6718.2,6856.27,6700.23,6815.59
2020-03-05,6815.59,6834.12,6662.61,6705.43
2020-03-06,6705.43,6705.43,6431.44,6462.55
2020-03-09,6462.55,6462.55,5891.56,5965.77
2020-03-10,5965.77,6231.06,5927.85,5960.23
2020-03-11,5960.23,6088.5,5860.75,5876.52
2020-03-12,5876.52,5876.52,5237.48,5237.48
2020-03-13,5237.48,5696.48,5237.48,5366.11
2020-03-16,5366.11,5366.11,4898.79,5151.08
2020-03-17,5151.08,5308.95,4978.84,5294.9
2020-03-18,5294.9,5294.9,5006.2,5080.58
2020-03-19,5080.58,5181.04,4942.37,5151.61
2020-03-20,5151.61,5419.3,5151.61,5190.78
2020-03-23,5108.91,5194.83,4924.38,4993.89
2020-03-24,4993.89,5446.01,4993.89,5446.01
2020-03-25,5446.01,5741.42,5400.47,5688.2
2020-03-26,5688.2,5815.73,5503.35,5815.73
2020-03-27,5815.73,5815.73,5407.06,5510.33
2020-03-30,5510.33,5567.2,5351.84,5563.74
2020-03-31,5563.74,5702.66,5545.85,5671.96
2020-04-01,5671.96,5671.96,5414.72,5454.57
2020-04-02,5454.57,5552.36,5395.07,5480.22
2020-04-03,5480.22,5486.29,5396.66,5415.5
2020-04-06,5415.5,5590.58,5415.5,5582.39
2020-04-07,5582.39,5780.21,5582.39,5704.45
2020-04-08,5704.45,5704.45,5589.73,5677.73
2020-04-09,5677.73,5842.66,5677.68,5842.66
2020-04-14,5842.66,5894.71,5778.98,5791.31
2020-04-15,5791.31,5791.71,5576.35,5597.65
2020-04-16,5597.65,5657.63,5577.78,5628.43
2020-04-17,5628.43,5839.33,5628.43,5786.96
2020-04-20,5786.96,5823.93,5707.73,5812.83
2020-04-21,5812.83,5812.83,5641.03,5641.03
2020-04-22,5641.03,5777.06,5641.03,5770.63
2020-04-23,5770.63,5843.61,5735.93,5826.61
2020-04-24,5826.61,5827.24,5728.8,5752.23
2020-04-27,5752.23,5855.61,5752.23,5846.79
2020-04-28,5846.79,5977.76,5835.92,5958.5
2020-04-29,5958.5,6129.6,5950.83,6115.25
2020-04-30,6115.25,6151.58,5897.91,5901.21
2020-05-01,5901.21,5901.21,5746.06,5763.06
2020-05-04,5763.06,5792.85,5702.03,5753.78
2020-05-05,5753.78,5869.45,5753.78,5849.42
2020-05-06,5849.42,5897.44,5839.57,5853.76
2020-05-07,5853.76,5941.86,5853.6,5935.98
2020-05-11,5935.98,5999.13,5898.32,5939.73
2020-05-12,5939.73,6012.98,5911.37,5994.77
2020-05-13,5994.77,5994.77,5893.35,5904.05
2020-05-14,5904.05,5904.05,5661.14,5741.54
2020-05-15,5741.54,5837.88,5741.54,5799.77
2020-05-18,5799.77,6058.17,5799.61,6048.59
2020-05-19,6048.59,6111.96,5965.1,6002.23
2020-05-20,6002.23,6074.46,5961.56,6067.16
2020-05-21,6067.16,6093.74,6004.1,6015.25
2020-05-22,6015.25,6015.25,5888.58,5993.28
2020-05-26,5993.28,6130.12,5993.28,6067.76
2020-05-27,6067.76,6167.96,6067.76,6144.25
2020-05-28,6144.25,6234.04,6144.25,6218.79
2020-05-29,6218.79,6218.79,6060.16,6076.6
2020-06-01,6076.6,6179.34,6076.6,6166.42
2020-06-02,6166.42,6238.25,6165.05,6220.14
2020-06-03,6220.14,6394.7,6220.14,6382.41
2020-06-04,6382.41,6402.57,6314.59,6341.44
2020-06-05,6341.44,6489.99,6341.44,6484.3
2020-06-08,6484.3,6511.84,6423.06,6472.59
2020-06-09,6472.59,6475.01,6325.07,6335.72
2020-06-10,6335.72,6387.35,6293.83,6329.13
2020-06-11,6329.13,6329.13,6076.7,6076.7
2020-06-12,6076.7,6184.29,5993.2,6105.18
2020-06-15,6105.18,6105.18,5952.44,6064.7
2020-06-16,6064.7,6299.02,6064.7,6242.79
2020-06-17,6242.79,6309.74,6233.24,6253.25
2020-06-18,6253.25,6284.96,6184.88,6224.07
2020-06-19,6224.07,6319.81,6224.07,6292.6
2020-06-22,6292.6,6309.04,6225.53,6244.62
2020-06-23,6244.62,6342.19,6244.62,6320.12
2020-06-24,6320.12,6320.12,6123.69,6123.69
2020-06-25,6123.69,6162.44,6029.25,6147.14
2020-06-26,6147.14,6262.13,6147.14,6159.3
2020-06-29,6159.3,6251.96,6122.95,6225.77
2020-06-30,6225.77,6237.51,6146.98,6169.74
2020-07-01,6169.74,6201.95,6084.48,6157.96
2020-07-02,6157.96,6258.6,6157.96,6240.36
2020-07-03,6240.36,6262.71,6137.09,6157.3
2020-07-06,6157.3,6304.19,6157.3,6285.94
2020-07-07,6285.94,6285.94,6179.97,6189.9
2020-07-08,6189.9,6208.43,6144.52,6156.16
2020-07-09,6156.16,6176.84,6040.26,6049.62
2020-07-10,6049.62,6108.2,6003.19,6095.41
2020-07-13,6095.41,6187.33,6095.41,6176.19
2020-07-14,6176.19,6179.75,6093.23,6179.75
2020-07-15,6179.75,6323.55,6179.75,6292.65
2020-07-16,6292.65,6296.78,6227.33,6250.69
2020-07-17,6250.69,6293.68,6230.01,6290.3
2020-07-20,6290.3,6297.64,6222.15,6261.52
2020-07-21,6261.52,6315.68,6253.9,6269.73
2020-07-22,6269.73,6270.96,6197.45,6207.1
2020-07-23,6207.1,6273.63,6202.9,6211.44
2020-07-24,6211.44,6211.44,6099.06,6123.82
2020-07-27,6123.82,6127.62,6086.64,6104.88
2020-07-28,6104.88,6149.86,6083.65,6129.26
2020-07-29,6129.26,6155.06,6116.72,6131.46
2020-07-30,6131.46,6145.83,5924.7,5989.99
2020-07-31,5989.99,6046.33,5897.76,5897.76
2020-08-03,5897.76,6038.76,5857.06,6032.85
2020-08-04,6032.85,6056.47,5986.77,6036.0
2020-08-05,6036.0,6111.5,6036.0,6104.72
2020-08-06,6104.72,6104.72,5980.44,6026.94
2020-08-07,6026.94,6046.02,5996.73,6032.18
2020-08-10,6032.18,6099.48,6028.49,6050.59
2020-08-11,6050.59,6206.0,6050.59,6154.34
2020-08-12,6154.34,6297.2,6151.64,6280.12
2020-08-13,6280.12,6280.12,6185.62,6185.62
2020-08-14,6185.62,6185.62,6036.13,6090.04
2020-08-17,6090.04,6140.19,6061.46,6127.44
2020-08-18,6127.44,6162.66,6062.58,6076.62
2020-08-19,6076.62,6114.83,6045.0,6111.98
2020-08-20,6111.98,6111.98,6009.61,6013.34
2020-08-21,6013.34,6036.51,5948.8,6001.89
2020-08-24,6001.89,6119.8,6001.89,6104.73
2020-08-25,6104.73,6173.48,6032.1,6037.01
2020-08-26,6037.01,6050.81,5992.22,6045.6
2020-08-27,6045.6,6062.52,5999.99,5999.99
2020-08-28,5999.99,6033.04,5962.46,5963.57
2020-09-01,5963.57,5972.52,5824.04,5862.05
2020-09-02,5862.05,5974.7,5862.05,5940.95
2020-09-03,5940.95,5996.24,5838.02,5850.86
2020-09-04,5850.86,5904.16,5778.4,5799.08
2020-09-07,5799.08,5946.93,5798.47,5937.4
2020-09-08,5937.4,5985.26,5868.87,5930.3
2020-09-09,5930.3,6031.25,5923.43,6012.84
2020-09-10,6012.84,6028.76,5950.62,6003.32
2020-09-11,6003.32,6057.69,5992.93,6032.09
2020-09-14,6032.09,6080.02,6011.83,6026.25
2020-09-15,6026.25,6123.69,6026.17,6105.54
2020-09-16,6105.54,6119.24,6057.63,6078.48
2020-09-17,6078.48,6078.48,5998.69,6049.92
2020-09-18,6049.92,6055.24,6006.28,6007.05
2020-09-21,6007.05,6007.05,5779.24,5804.29
2020-09-22,5804.29,5871.28,5794.54,5829.46
2020-09-23,5829.46,5974.88,5829.46,5899.26
2020-09-24,5899.26,5899.26,5805.28,5822.78
2020-09-25,5822.78,5843.72,5771.49,5842.67
2020-09-28,5842.67,5954.42,5842.67,5927.93
2020-09-29,5927.93,5927.93,5862.93,5897.5
2020-09-30,5897.5,5931.37,5854.46,5866.1
2020-10-01,5866.1,5925.77,5849.82,5879.45
2020-10-02,5879.45,5902.12,5809.61,5902.12
2020-10-05,5902.12,5974.22,5902.12,5942.94
2020-10-06,5942.94,5971.48,5903.4,5949.94
2020-10-07,5949.94,5977.15,5929.16,5946.25
2020-10-08,5946.25,6004.15,5929.41,5978.03
2020-10-09,5978.03,6040.47,5978.03,6016.65
2020-10-12,6016.65,6037.08,5995.11,6001.38
2020-10-13,6001.38,6008.04,5949.97,5969.71
2020-10-14,5969.71,6009.81,5926.49,5935.06
2020-10-15,5935.06,5935.06,5786.2,5832.52
2020-10-16,5832.52,5933.81,5832.52,5919.58
2020-10-19,5919.58,5959.67,5871.95,5884.65
2020-10-20,5884.65,5915.47,5861.81,5889.22
2020-10-21,5889.22,5903.38,5769.62,5776.5
2020-10-22,5776.5,5796.44,5716.4,5785.65
2020-10-23,5785.65,5885.38,5781.78,5860.28
2020-10-26,5860.28,5868.36,5782.37,5792.01
2020-10-27,5792.01,5806.23,5728.18,5728.99
2020-10-28,5728.99,5728.99,5525.52,5582.8
2020-10-29,5582.8,5616.58,5534.66,5581.75
2020-10-30,5581.75,5593.4,5534.08,5577.27
2020-11-02,5577.27,5665.3,5554.73,5654.97
2020-11-03,5654.97,5787.61,5654.97,5786.77
2020-11-04,5786.77,5885.67,5711.21,5883.26
2020-11-05,5883.26,5933.05,5881.87,5906.18
2020-11-06,5906.18,5950.22,5858.48,5910.02
2020-11-09,5910.02,6258.31,5910.02,6186.29
2020-11-10,6186.29,6307.0,6180.47,6296.85
2020-11-11,6296.85,6397.28,6293.21,6382.1
2020-11-12,6382.1,6382.1,6295.79,6338.94
2020-11-13,6338.94,6338.97,6280.4,6316.39
2020-11-16,6316.39,6463.51,6316.39,6421.29
2020-11-17,6421.29,6424.53,6308.99,6365.33
2020-11-18,6365.33,6395.91,6326.74,6385.24
2020-11-19,6385.24,6385.24,6314.26,6334.35
2020-11-20,6334.35,6386.7,6324.6,6351.45
2020-11-23,6351.45,6392.08,6325.24,6333.84
2020-11-24,6333.84,6432.42,6333.72,6432.17
2020-11-25,6432.17,6468.73,6375.25,6391.09
2020-11-26,6391.09,6412.65,6349.53,6362.93
2020-11-27,6362.93,6375.91,6302.22,6367.58
2020-11-30,6367.58,6404.02,6266.19,6266.19
2020-12-01,6266.19,6400.24,6263.6,6384.73
2020-12-02,6384.73,6468.64,6367.51,6463.39
2020-12-03,6463.39,6491.49,6430.27,6490.27
2020-12-04,6490.27,6559.18,6489.75,6550.23
2020-12-07,6550.23,6601.11,6519.82,6555.39
2020-12-08,6555.39,6567.59,6518.37,6558.82
2020-12-09,6558.82,6623.03,6558.82,6564.29
2020-12-10,6564.29,6640.74,6561.11,6599.76
2020-12-11,6599.76,6607.44,6520.54,6546.75
2020-12-14,6546.75,6583.7,6524.7,6531.83
2020-12-15,6531.83,6558.24,6484.04,6513.32
2020-12-16,6513.32,6598.42,6513.32,6570.91
2020-12-17,6570.91,6601.63,6551.06,6551.06
2020-12-18,6551.06,6604.54,6518.25,6529.18
2020-12-21,6529.18,6529.18,6315.34,6416.32
2020-12-22,6416.32,6457.47,6382.61,6453.16
2020-12-23,6453.16,6497.28,6431.21,6495.75
2020-12-24,6495.75,6530.28,6479.59,6502.11
2020-12-29,6502.11,6676.6,6502.11,6602.65
2020-12-30,6602.65,6622.98,6552.46,6555.82
2020-12-31,6555.82,6555.82,6439.41,6460.52
2021-01-04,6460.52,6662.66,6460.52,6571.88
2021-01-05,6571.88,6622.77,6544.25,6612.25
2021-01-06,6612.25,6859.14,6611.87,6841.86
2021-01-07,6841.86,6903.61,6795.11,6856.96
2021-01-08,6856.96,6886.34,6836.08,6873.26
2021-01-11,6873.26,6873.26,6768.72,6798.48
2021-01-12,6798.48,6816.65,6738.21,6754.11
2021-01-13,6754.11,6772.57,6736.01,6745.52
2021-01-14,6745.52,6801.96,6736.78,6801.96
2021-01-15,6801.96,6802.05,6676.55,6735.71
2021-01-18,6735.71,6741.47,6709.33,6720.65
2021-01-19,6720.65,6770.66,6697.67,6712.95
2021-01-20,6712.95,6751.81,6697.46,6740.39
2021-01-21,6740.39,6776.92,6715.42,6715.42
2021-01-22,6715.42,6715.66,6651.71,6695.07
2021-01-25,6695.07,6714.61,6610.26,6638.85
2021-01-26,6638.85,6702.35,6636.34,6654.01
2021-01-27,6654.01,6661.31,6505.84,6567.37
2021-01-28,6567.37,6567.37,6439.55,6526.15
2021-01-29,6526.15,6526.15,6397.24,6407.46
2021-02-01,6407.46,6495.56,6407.46,6466.42
2021-02-02,6466.42,6523.51,6466.42,6516.65
2021-02-03,6516.65,6573.1,6489.51,6507.82
2021-02-04,6507.82,6553.37,6478.15,6503.72
2021-02-05,6503.72,6518.65,6457.6,6489.33
2021-02-08,6489.33,6567.7,6489.33,6523.53
2021-02-09,6523.53,6540.97,6501.02,6531.56
2021-02-10,6531.56,6577.0,6481.02,6524.36
2021-02-11,6524.36,6554.15,6514.92,6528.72
2021-02-12,6528.72,6589.79,6485.13,6589.79
2021-02-15,6589.79,6775.37,6589.79,6756.11
2021-02-16,6756.11,6799.92,6736.85,6748.86
2021-02-17,6748.86,6760.29,6701.59,6710.9
2021-02-18,6710.9,6721.76,6591.43,6617.15
2021-02-19,6617.15,6646.16,6600.59,6624.02
2021-02-22,6624.02,6624.71,6545.93,6612.24
2021-02-23,6612.24,6675.42,6555.88,6625.94
2021-02-24,6625.94,6669.86,6572.28,6658.97
2021-02-25,6658.97,6702.88,6644.68,6651.96
2021-02-26,6651.96,6651.96,6465.57,6483.43
2021-03-01,6483.43,6612.74,6483.43,6588.53
2021-03-02,6588.53,6660.82,6560.91,6613.75
2021-03-03,6613.75,6705.3,6613.75,6675.47
2021-03-04,6675.47,6675.47,6581.19,6650.88
2021-03-05,6650.88,6710.8,6560.79,6630.52
2021-03-08,6630.52,6726.4,6612.74,6719.13
2021-03-09,6719.13,6786.8,6689.9,6730.34
2021-03-10,6730.34,6740.72,6677.02,6725.6
2021-03-11,6725.6,6755.32,6699.34,6736.96
2021-03-12,6736.96,6766.44,6709.0,6761.47
2021-03-15,6761.47,6804.91,6723.67,6749.7
2021-03-16,6749.7,6812.78,6749.64,6803.61
2021-03-17,6803.61,6805.73,6753.82,6762.67
2021-03-18,6762.67,6791.76,6740.53,6779.68
2021-03-19,6779.68,6779.68,6664.56,6708.71
2021-03-22,6762.67,6779.88,6650.96,6726.1
2021-03-23,6726.1,6726.1,6664.76,6699.19
2021-03-24,6699.19,6722.61,6649.37,6712.89
2021-03-25,6712.89,6729.92,6618.61,6674.83
2021-03-26,6674.83,6742.14,6674.83,6740.59
2021-03-29,6740.59,6758.78,6705.42,6736.17
2021-03-30,6736.17,6792.23,6729.46,6772.12
2021-03-31,6772.12,6775.67,6713.63,6713.63
2021-04-01,6713.63,6766.52,6713.63,6737.3
2021-04-06,6737.3,6843.73,6737.3,6823.55
2021-04-07,6823.55,6898.38,6823.55,6885.32
2021-04-08,6885.32,6942.22,6884.79,6942.22
2021-04-09,6942.22,6949.56,6906.37,6915.75
2021-04-12,6915.75,6916.08,6853.75,6889.12
2021-04-13,6889.12,6895.13,6859.72,6890.49
2021-04-14,6890.49,6942.33,6880.67,6939.58
2021-04-15,6939.58,6994.9,6939.26,6983.5
2021-04-16,6983.5,7037.65,6983.5,7019.53
2021-04-19,7019.53,7040.26,6979.23,7000.08
2021-04-20,7000.08,7001.27,6857.07,6859.87
2021-04-21,6859.87,6914.88,6859.61,6895.29
2021-04-22,6895.29,6941.11,6889.32,6938.24
2021-04-23,6938.24,6938.56,6891.75,6938.56
2021-04-26,6938.56,6971.52,6913.39,6963.12
2021-04-27,6963.12,6975.07,6929.77,6944.97
2021-04-28,6944.97,6986.7,6944.06,6963.67
2021-04-29,6963.67,7019.76,6953.87,6961.48
2021-04-30,6961.48,7009.47,6946.04,6969.81
2021-05-04,6969.81,7034.26,6912.28,6923.17
2021-05-05,6923.17,7047.75,6923.17,7039.3
2021-05-06,7039.3,7076.17,7026.75,7076.17
2021-05-07,7076.17,7143.46,7076.17,7129.71
2021-05-10,7129.71,7164.18,7104.4,7123.68
2021-05-11,7123.68,7123.68,6912.36,6947.99
2021-05-12,6947.99,7028.1,6945.33,7004.63
2021-05-13,7004.63,7004.63,6823.6,6963.33
2021-05-14,6963.33,7048.67,6963.33,7043.61
2021-05-17,7043.61,7066.76,6989.11,7032.85
2021-05-18,7032.85,7102.57,7030.37,7034.24
2021-05-19,7034.24,7034.24,6897.06,6950.2
2021-05-20,6950.2,7019.79,6926.85,7019.79
2021-05-21,7019.79,7028.17,6973.31,7018.05
2021-05-24,7018.05,7054.63,7013.51,7051.59
2021-05-25,7051.59,7067.6,7029.79,7029.79
2021-05-26,7029.79,7050.88,6998.19,7026.93
2021-05-27,7026.93,7044.01,7008.53,7019.67
2021-05-28,7019.67,7054.91,7019.58,7022.61
2021-06-01,7022.61,7118.03,7022.61,7080.46
2021-06-02,7080.46,7122.54,7074.06,7108.0
2021-06-03,7108.0,7108.04,7013.85,7064.35
2021-06-04,7064.35,7071.81,7039.74,7069.04
2021-06-07,7069.04,7098.31,7042.19,7077.22
2021-06-08,7077.22,7120.73,7074.94,7095.09
2021-06-09,7095.09,7095.72,7046.02,7081.01
2021-06-10,7081.01,7117.74,7080.02,7088.18
2021-06-11,7088.18,7140.7,7088.18,7134.06
2021-06-14,7134.06,7188.26,7131.79,7146.68
2021-06-15,7146.68,7189.63,7142.71,7172.48
2021-06-16,7172.48,7217.54,7169.21,7184.95
2021-06-17,7184.95,7184.95,7132.96,7153.43
2021-06-18,7153.43,7154.63,7008.74,7017.47
2021-06-21,7017.47,7065.05,6948.63,7062.29
2021-06-22,7062.29,7098.67,7061.13,7090.01
2021-06-23,7090.01,7129.4,7074.06,7074.06
2021-06-24,7074.06,7119.41,7070.9,7109.97
2021-06-25,7109.97,7139.08,7109.79,7136.07
2021-06-28,7136.07,7136.22,7071.95,7072.97
2021-06-29,7072.97,7120.77,7071.86,7087.55
2021-06-30,7087.55,7100.71,7010.57,7037.47
2021-07-01,7037.47,7134.21,7037.47,7125.16
2021-07-02,7125.16,7162.16,7110.3,7123.27
2021-07-05,7123.27,7168.03,7111.51,7164.91
2021-07-06,7164.91,7170.6,7075.73,7100.88
2021-07-07,7100.88,7153.68,7100.88,7151.02
2021-07-08,7151.02,7151.02,6981.57,7030.66
2021-07-09,7030.66,7121.88,7030.22,7121.88
2021-07-12,7121.88,7134.87,7066.2,7125.42
2021-07-13,7125.42,7152.44,7116.26,7124.72
2021-07-14,7124.72,7124.72,7073.59,7091.19
2021-07-15,7091.19,7111.77,7005.02,7012.02
2021-07-16,7012.02,7056.73,6978.06,7008.09
2021-07-19,7008.09,7008.09,6813.03,6844.39
2021-07-20,6844.39,6929.89,6827.26,6881.13
2021-07-21,6881.13,7007.75,6881.13,6998.28
2021-07-22,6998.28,7018.95,6956.24,6968.3
2021-07-23,6968.3,7033.27,6968.3,7027.58
2021-07-26,7027.58,7038.65,6980.67,7025.43
2021-07-27,7025.43,7028.37,6929.64,6996.08
2021-07-28,6996.08,7023.35,6974.8,7016.63
2021-07-29,7016.63,7093.93,7008.65,7078.42
2021-07-30,7078.42,7078.42,6996.93,7032.3
2021-08-02,7032.3,7111.66,7032.3,7081.72
2021-08-03,7081.72,7119.19,7074.32,7105.72
2021-08-04,7105.72,7142.54,7105.72,7123.86
2021-08-05,7123.86,7130.35,7099.03,7120.43
2021-08-06,7120.43,7135.39,7103.71,7122.95
2021-08-09,7122.95,7138.8,7089.74,7132.3
2021-08-10,7132.3,7166.67,7115.87,7161.04
2021-08-11,7161.04,7220.14,7157.74,7220.14
2021-08-12,7220.14,7220.7,7182.92,7193.23
2021-08-13,7193.23,7224.46,7193.13,7218.71
2021-08-16,7218.71,7218.71,7117.78,7153.98
2021-08-17,7153.98,7188.55,7118.67,7181.11
2021-08-18,7181.11,7198.79,7143.55,7169.32
2021-08-19,7169.32,7169.32,6993.06,7058.86
2021-08-20,7058.86,7095.61,7032.45,7087.9
2021-08-23,7087.9,7147.8,7087.9,7109.02
2021-08-24,7109.02,7129.66,7076.06,7125.78
2021-08-25,7125.78,7151.75,7121.29,7150.12
2021-08-26,7150.12,7150.12,7095.43,7124.98
2021-08-27,7124.98,7157.6,7108.53,7148.01
2021-08-31,7148.01,7160.49,7092.03,7119.7
2021-09-01,7119.7,7187.34,7119.7,7149.84
2021-09-02,7149.84,7168.78,7129.71,7163.9
2021-09-03,7163.9,7182.23,7123.87,7138.35
2021-09-06,7138.35,7195.62,7138.35,7187.18
2021-09-07,7187.18,7187.18,7147.94,7149.37
2021-09-08,7149.37,7149.37,7061.13,7095.53
2021-09-09,7095.53,7095.53,6998.62,7024.21
2021-09-10,7024.21,7055.22,7014.42,7029.2
2021-09-13,7029.2,7090.81,7029.2,7068.43
2021-09-14,7068.43,7068.45,7020.1,7034.06
2021-09-15,7034.06,7047.27,7016.49,7016.49
2021-09-16,7016.49,7058.99,7016.32,7027.48
2021-09-17,7027.48,7092.69,6941.69,6963.64
2021-09-20,6963.64,6963.64,6828.28,6903.91
2021-09-21,6903.91,7004.88,6903.91,6980.98
2021-09-22,6980.98,7090.48,6980.98,7083.37
2021-09-23,7083.37,7131.43,7070.68,7078.35
2021-09-24,7078.35,7080.23,7041.34,7051.48
2021-09-27,7051.48,7122.09,7043.21,7063.4
2021-09-28,7063.4,7071.36,7015.58,7028.1
2021-09-29,7028.1,7117.52,7026.85,7108.16
2021-09-30,7108.16,7159.61,7072.57,7086.42
2021-10-01,7086.42,7086.42,6989.64,7027.07
2021-10-04,7027.07,7072.48,7002.72,7011.01
2021-10-05,7011.01,7084.52,7011.01,7077.1
2021-10-06,7077.1,7077.1,6945.5,6995.87
2021-10-07,6995.87,7094.93,6995.87,7078.04
2021-10-08,7078.04,7109.34,7070.53,7095.55
2021-10-11,7095.55,7146.85,7085.85,7146.85
2021-10-12,7146.85,7146.85,7063.43,7130.23
2021-10-13,7130.23,7152.87,7087.93,7141.82
2021-10-14,7141.82,7216.15,7141.82,7207.71
2021-10-15,7207.71,7243.85,7206.26,7234.03
2021-10-18,7234.03,7234.03,7180.2,7203.83
2021-10-19,7203.83,7223.29,7189.5,7217.53
2021-10-20,7217.53,7229.26,7199.29,7223.1
2021-10-21,7223.1,7227.06,7181.7,7190.3
2021-10-22,7190.3,7235.19,7190.3,7204.55
2021-10-25,7204.55,7247.53,7204.55,7222.82
2021-10-26,7222.82,7281.17,7222.82,7277.62
2021-10-27,7277.62,7280.45,7247.25,7253.27
2021-10-28,7253.27,7257.85,7219.71,7249.47
2021-10-29,7249.47,7249.47,7192.05,7237.57
2021-11-01,7237.57,7303.39,7237.57,7288.62
2021-11-02,7288.62,7288.62,7240.02,7274.81
2021-11-03,7274.81,7277.64,7235.32,7248.89
2021-11-04,7248.89,7292.96,7247.59,7279.91
2021-11-05,7279.91,7331.25,7270.03,7303.96
2021-11-08,7303.96,7316.54,7293.5,7300.4
2021-11-09,7300.4,7314.13,7268.79,7274.04
2021-11-10,7274.04,7340.15,7270.11,7340.15
2021-11-11,7340.15,7394.41,7329.68,7384.18
2021-11-12,7384.18,7402.68,7340.49,7347.91
2021-11-15,7347.91,7363.48,7324.11,7351.86
2021-11-16,7351.86,7368.25,7324.13,7326.97
2021-11-17,7326.97,7326.97,7289.98,7291.2
2021-11-18,7291.2,7291.26,7241.99,7255.96
2021-11-19,7255.96,7289.51,7198.76,7223.57
2021-11-22,7223.57,7272.63,7207.81,7255.46
2021-11-23,7255.46,7293.07,7204.37,7266.69
2021-11-24,7266.69,7307.89,7245.98,7286.32
2021-11-25,7286.32,7311.94,7286.32,7310.37
2021-11-26,7310.37,7310.37,7042.12,7044.03
2021-11-29,7044.03,7161.91,7044.03,7109.95
2021-11-30,7109.95,7109.95,6989.66,7059.45
2021-12-01,7059.45,7182.01,7059.35,7168.68
2021-12-02,7168.68,7168.68,7083.21,7129.21
2021-12-03,7129.21,7196.05,7105.29,7122.32
2021-12-06,7122.32,7246.25,7122.32,7232.28
2021-12-07,7232.28,7344.69,7232.28,7339.9
2021-12-08,7339.9,7378.92,7333.56,7337.05
2021-12-09,7337.05,7366.1,7302.96,7321.26
2021-12-10,7321.26,7331.58,7284.82,7291.78
2021-12-13,7291.78,7309.23,7226.63,7231.44
2021-12-14,7231.44,7284.47,7218.64,7218.64
2021-12-15,7218.64,7224.85,7166.83,7170.75
2021-12-16,7170.75,7273.34,7170.75,7260.61
2021-12-17,7260.61,7286.5,7237.12,7269.92
2021-12-20,7269.92,7269.92,7101.04,7198.03
2021-12-21,7198.03,7297.41,7198.03,7297.41
2021-12-22,7297.41,7341.66,7273.45,7341.66
2021-12-23,7341.66,7385.42,7331.05,7373.34
2021-12-24,7373.34,7403.65,7368.83,7372.1
2021-12-29,7372.1,7457.14,7372.1,7420.69
2021-12-30,7420.69,7433.39,7403.01,7403.01
2021-12-31,7403.01,7403.01,7357.1,7384.54
2022-01-04,7384.54,7520.79,7384.54,7505.15
2022-01-05,7505.15,7529.97,7484.28,7516.87
2022-01-06,7516.87,7516.87,7419.95,7450.37
2022-01-07,7450.37,7485.28,7431.86,7485.28
2022-01-10,7485.28,7496.12,7422.94,7445.25
2022-01-11,7445.25,7497.12,7445.25,7491.37
2022-01-12,7445.25,7564.2,7445.25,7551.72
2022-01-13,7551.72,7566.46,7530.12,7563.85
2022-01-14,7563.85,7568.16,7523.02,7542.95
2022-01-17,7542.95,7616.06,7542.95,7611.23
2022-01-18,7611.23,7613.05,7531.96,7563.55
2022-01-19,7563.55,7614.93,7525.15,7589.66
2022-01-20,7589.66,7619.01,7549.87,7585.01
2022-01-21,7585.01,7585.01,7450.49,7494.13
2022-01-24,7494.13,7494.13,7283.38,7297.15
2022-01-25,7297.15,7382.6,7297.15,7371.46
2022-01-26,7371.46,7525.58,7371.46,7469.78
2022-01-27,7469.78,7595.38,7388.8,7554.31
2022-01-28,7554.31,7554.31,7420.2,7466.07
2022-01-31,7466.07,7523.95,7450.89,7464.37
2022-02-01,7464.37,7549.29,7463.01,7535.78
2022-02-02,7535.78,7605.64,7535.78,7583.0
2022-02-03,7583.0,7605.75,7528.69,7528.84
2022-02-04,7528.84,7599.73,7497.21,7516.4
2022-02-07,7516.4,7591.65,7508.48,7573.47
2022-02-08,7573.47,7631.31,7548.19,7567.07
2022-02-09,7567.07,7657.93,7567.07,7643.42
2022-02-10,7643.42,7687.27,7622.74,7672.4
2022-02-11,7672.4,7672.4,7596.11,7661.02
2022-02-14,7661.02,7661.02,7483.36,7531.59
2022-02-15,7531.59,7608.92,7513.16,7608.92
2022-02-16,7608.92,7630.72,7560.94,7603.78
2022-02-17,7603.78,7607.24,7503.15,7537.37
2022-02-18,7537.37,7570.56,7508.73,7513.62
2022-02-21,7513.62,7571.07,7449.45,7484.33
2022-02-22,7484.33,7531.32,7365.04,7494.21
2022-02-23,7494.21,7549.65,7490.54,7498.18
2022-02-24,7498.18,7498.18,7204.74,7207.38
2022-02-25,7256.45,7496.79,7249.88,7489.46
2022-02-28,7463.81,7463.81,7362.43,7458.25
2022-03-01,7458.16,7499.25,7330.2,7330.2
2022-03-02,7330.2,7429.56,7322.22,7429.56
2022-03-03,7429.56,7468.6,7231.51,7238.85
2022-03-04,7238.85,7238.85,6987.14,6987.14
2022-03-07,6987.14,7029.89,6787.98,6959.48
2022-03-08,6959.48,7013.51,6893.55,6964.11
2022-03-09,6964.11,7190.72,6964.11,7190.72
2022-03-10,7190.72,7192.75,7065.96,7099.09
2022-03-11,7099.09,7260.4,7099.03,7155.64
2022-03-14,7155.64,7208.17,7144.29,7193.47
2022-03-15,7129.02,7175.7,7075.88,7175.7
2022-03-16,7201.51,7303.52,7201.51,7291.68
2022-03-17,7291.79,7385.34,7260.51,7385.34
2022-03-18,7385.34,7406.13,7318.9,7404.73
2022-03-21,7404.73,7464.95,7402.6,7442.39
2022-03-22,7442.39,7490.46,7442.39,7476.72
2022-03-23,7476.72,7521.14,7459.36,7460.63
2022-03-24,7460.63,7492.0,7453.25,7467.38
2022-03-25,7467.38,7502.67,7441.28,7483.35
2022-03-28,7483.35,7539.3,7471.47,7473.14
2022-03-29,7473.14,7584.1,7473.14,7537.25
2022-03-30,7537.25,7578.75,7523.82,7578.75
2022-03-31,7578.75,7595.42,7515.68,7515.68
2022-04-01,7515.68,7552.46,7508.92,7537.9
2022-04-04,7537.9,7574.33,7532.23,7558.92
2022-04-05,7558.92,7613.72,7536.21,7613.72
2022-04-06,7613.72,7614.13,7536.2,7587.7
2022-04-07,7587.7,7601.52,7537.25,7551.81
2022-04-08,7551.81,7669.56,7551.81,7669.56
2022-04-11,7669.56,7669.56,7611.68,7618.31
2022-04-12,7618.31,7618.31,7543.03,7576.66
2022-04-13,7576.66,7597.85,7550.94,7580.8
2022-04-14,7580.8,7622.41,7551.39,7616.38
2022-04-19,7616.38,7624.9,7565.81,7601.28
2022-04-20,7601.28,7637.87,7590.62,7629.22
2022-04-21,7629.22,7656.47,7596.29,7627.95
2022-04-22,7627.95,7628.03,7521.68,7521.68
2022-04-25,7521.68,7521.68,7339.53,7380.54
2022-04-26,7380.54,7463.15,7380.54,7386.19
2022-04-27,7386.19,7458.24,7344.89,7425.61
2022-04-28,7425.61,7519.7,7425.61,7509.19
2022-04-29,7509.19,7569.8,7509.19,7544.55
2022-05-03,7544.55,7561.33,7475.69,7561.33
2022-05-04,7561.33,7572.65,7493.45,7493.45
2022-05-05,7493.45,7619.39,7493.45,7503.27
2022-05-06,7503.27,7503.27,7354.06,7387.94
2022-05-09,7387.94,7391.59,7216.58,7216.58
2022-05-10,7216.58,7311.65,7216.58,7243.22
2022-05-11,7243.22,7349.7,7238.97,7347.66
2022-05-12,7347.66,7347.66,7158.53,7233.34
2022-05-13,7233.34,7421.95,7233.34,7418.15
2022-05-16,7418.15,7464.8,7361.72,7464.8
2022-05-17,7464.8,7538.68,7464.8,7518.35
2022-05-18,7518.35,7526.14,7438.09,7438.09
2022-05-19,7438.09,7438.09,7228.67,7302.74
2022-05-20,7302.74,7453.49,7302.74,7389.98
2022-05-23,7389.98,7513.44,7389.98,7513.44
2022-05-24,7513.44,7529.65,7434.46,7484.35
2022-05-25,7484.35,7546.41,7484.35,7522.75
2022-05-26,7522.75,7575.53,7512.45,7564.92
2022-05-27,7564.92,7597.64,7542.78,7585.46
2022-05-30,7585.46,7625.63,7576.37,7600.06
2022-05-31,7600.06,7648.26,7591.84,7607.66
2022-06-01,7607.66,7639.21,7529.23,7532.95
2022-06-06,7532.95,7646.66,7532.84,7608.22
2022-06-07,7608.22,7617.53,7570.67,7598.93
2022-06-08,7598.93,7616.22,7550.65,7593.0
2022-06-09,7593.0,7593.0,7472.29,7476.21
2022-06-10,7476.21,7476.21,7294.2,7317.52
2022-06-13,7317.52,7317.52,7174.02,7205.81
2022-06-14,7205.81,7271.85,7135.15,7187.46
2022-06-15,7187.46,7313.7,7186.5,7273.41
2022-06-16,7273.41,7273.41,7039.47,7044.98
2022-06-17,7044.98,7130.62,6998.17,7016.25
2022-06-20,7016.25,7129.64,7016.15,7121.81
2022-06-21,7121.81,7193.9,7119.25,7152.05
2022-06-22,7152.05,7152.05,7030.03,7089.22
2022-06-23,7089.22,7115.8,7014.19,7020.45
2022-06-24,7020.45,7211.07,7016.02,7208.81
2022-06-27,7208.81,7284.48,7208.52,7258.32
2022-06-28,7258.32,7362.37,7258.32,7323.41
2022-06-29,7323.41,7345.45,7263.54,7312.32
2022-06-30,7312.32,7312.32,7110.7,7169.28
2022-07-01,7169.28,7214.82,7101.38,7168.65
2022-07-04,7168.65,7258.46,7168.65,7232.65
2022-07-05,7232.65,7260.3,7016.78,7025.47
2022-07-06,7025.47,7198.72,7025.35,7107.77
2022-07-07,7107.77,7213.05,7107.77,7189.08
2022-07-08,7189.08,7210.58,7129.15,7196.24
2022-07-11,7196.24,7204.06,7097.42,7196.59
2022-07-12,7196.59,7216.9,7143.31,7209.86
2022-07-13,7209.86,7209.86,7104.06,7156.37
2022-07-14,7156.37,7157.62,7007.09,7039.81
2022-07-15,7039.81,7167.85,7038.15,7159.01
2022-07-18,7159.01,7268.88,7159.01,7223.24
2022-07-19,7223.24,7308.99,7174.4,7296.28
2022-07-20,7296.28,7347.6,7253.56,7264.31
2022-07-21,7264.31,7274.73,7200.14,7270.51
2022-07-22,7270.51,7315.34,7254.02,7276.37
2022-07-25,7276.37,7309.65,7242.9,7306.3
2022-07-26,7306.3,7365.37,7301.19,7306.28
2022-07-27,7306.28,7365.22,7306.28,7348.23
2022-07-28,7348.23,7396.2,7308.99,7345.25
2022-07-29,7345.25,7441.2,7345.25,7423.43
2022-08-01,7423.43,7471.87,7408.83,7413.42
2022-08-02,7413.42,7433.34,7386.76,7409.11
2022-08-03,7409.11,7445.9,7372.71,7445.68
2022-08-04,7445.68,7491.74,7417.49,7448.06
2022-08-05,7448.06,7470.63,7420.16,7439.74
2022-08-08,7439.74,7513.76,7439.74,7482.37
2022-08-09,7482.37,7504.64,7475.04,7488.15
2022-08-10,7488.15,7520.72,7468.64,7507.11
2022-08-11,7507.11,7515.0,7460.11,7465.91
2022-08-12,7465.91,7516.83,7464.12,7500.89
2022-08-15,7500.89,7539.21,7463.51,7509.15
2022-08-16,7509.15,7563.67,7509.15,7536.06
2022-08-17,7536.06,7554.04,7501.54,7515.75
2022-08-18,7515.75,7541.89,7493.66,7541.85
2022-08-19,7541.85,7578.85,7513.26,7550.37
2022-08-22,7550.37,7550.41,7491.26,7533.79
2022-08-23,7533.79,7533.79,7467.56,7488.11
2022-08-24,7488.11,7488.12,7410.4,7471.51
2022-08-25,7471.51,7535.7,7469.17,7479.74
2022-08-26,7479.74,7530.65,7422.02,7427.31
2022-08-30,7427.31,7486.4,7351.12,7361.63
2022-08-31,7361.63,7378.44,7263.62,7284.15
2022-09-01,7284.15,7284.15,7131.69,7148.5
2022-09-02,7148.5,7288.72,7148.5,7281.19
2022-09-05,7281.19,7288.46,7191.17,7287.43
2022-09-06,7287.43,7324.19,7256.51,7300.44
2022-09-07,7300.44,7300.44,7186.56,7237.83
2022-09-08,7237.83,7273.01,7175.75,7262.06
2022-09-09,7262.06,7386.59,7262.06,7351.07
2022-09-12,7351.07,7483.0,7351.07,7473.03
2022-09-13,7473.03,7514.04,7385.86,7385.86
2022-09-14,7385.86,7385.86,7259.24,7277.3
2022-09-15,7277.3,7329.0,7258.67,7282.07
2022-09-16,7282.07,7297.1,7236.17,7236.68
2022-09-20,7236.68,7326.54,7171.24,7192.66
2022-09-21,7192.66,7258.87,7170.69,7237.64
2022-09-22,7237.64,7243.9,7149.59,7159.52
2022-09-23,7159.52,7169.12,6981.5,7018.6
2022-09-26,7018.6,7071.11,6937.4,7020.95
2022-09-27,7020.95,7073.96,6984.59,6984.59
2022-09-28,6984.59,7011.5,6836.28,7005.39
2022-09-29,7005.39,7005.39,6829.29,6881.59
2022-09-30,6881.59,6954.92,6840.07,6893.81
2022-10-03,6893.81,6923.75,6797.37,6908.76
2022-10-04,6908.76,7088.17,6908.67,7086.46
2022-10-05,7086.46,7086.46,6977.95,7052.62
2022-10-06,7052.62,7079.74,6961.1,6997.27
2022-10-07,6997.27,7022.41,6960.36,6991.09
2022-10-10,6991.09,6999.2,6922.94,6959.31
2022-10-11,6959.31,6959.43,6860.31,6885.23
2022-10-12,6885.23,6916.94,6793.77,6826.15
2022-10-13,6826.15,6872.9,6707.62,6850.27
2022-10-14,6850.27,6976.3,6850.27,6858.79
2022-10-17,6858.79,6959.71,6850.43,6920.24
2022-10-18,6920.24,7017.4,6920.24,6936.74
2022-10-19,6936.74,6968.33,6890.66,6924.99
2022-10-20,6924.99,6954.21,6894.85,6943.91
2022-10-21,6943.91,6976.19,6864.13,6969.73
2022-10-24,6969.73,7047.37,6914.66,7013.99
2022-10-25,7013.99,7025.22,6949.24,7013.48
2022-10-26,7013.48,7057.42,6960.11,7056.07
2022-10-27,7056.07,7093.05,7034.24,7073.69
2022-10-28,7073.69,7073.69,6997.54,7047.67
2022-10-31,7047.67,7132.85,7030.12,7094.53
2022-11-01,7094.53,7221.32,7094.53,7186.16
2022-11-02,7186.16,7205.07,7130.5,7144.14
2022-11-03,7144.14,7188.63,7076.47,7188.63
2022-11-04,7188.63,7376.23,7188.63,7334.84
2022-11-07,7334.84,7346.66,7288.0,7299.99
2022-11-08,7299.99,7313.46,7244.83,7306.14
2022-11-09,7306.14,7307.8,7263.46,7296.25
2022-11-10,7296.25,7405.09,7253.36,7375.34
2022-11-11,7375.34,7408.61,7316.84,7318.04
2022-11-14,7318.04,7413.82,7317.57,7385.17
2022-11-15,7385.17,7413.01,7344.85,7369.44
2022-11-16,7369.44,7394.42,7341.59,7351.19
2022-11-17,7351.19,7354.07,7294.75,7346.54
2022-11-18,7346.54,7423.51,7343.5,7385.52
2022-11-21,7385.52,7402.79,7343.37,7376.85
2022-11-22,7376.85,7458.88,7373.56,7452.84
2022-11-23,7452.84,7498.34,7452.84,7465.24
2022-11-24,7465.24,7488.07,7443.46,7466.6
2022-11-25,7466.6,7497.23,7461.78,7486.67
2022-11-28,7486.67,7496.8,7420.0,7474.02
2022-11-29,7474.02,7543.09,7473.99,7512.0
2022-11-30,7512.0,7599.27,7512.0,7573.05
2022-12-01,7573.05,7599.7,7552.29,7558.49
2022-12-02,7558.49,7570.46,7507.98,7556.23
2022-12-05,7556.23,7598.21,7547.76,7567.54
2022-12-06,7567.54,7567.64,7521.39,7521.39
2022-12-07,7521.39,7567.23,7489.19,7489.19
2022-12-08,7489.19,7507.98,7469.12,7472.17
2022-12-09,7472.17,7498.04,7431.44,7476.63
2022-12-12,7476.63,7476.63,7438.87,7445.97
2022-12-13,7445.97,7553.36,7428.98,7502.89
2022-12-14,7502.89,7504.49,7461.68,7495.93
2022-12-15,7495.93,7495.93,7411.07,7426.17
2022-12-16,7426.17,7429.29,7305.72,7332.12
2022-12-19,7332.12,7385.38,7332.12,7361.31
2022-12-20,7361.31,7389.92,7302.82,7370.62
2022-12-21,7370.62,7498.48,7368.72,7497.32
2022-12-22,7497.32,7540.31,7463.54,7469.28
2022-12-23,7469.28,7496.4,7462.8,7473.01
2022-12-28,7473.01,7547.0,7473.01,7497.19
2022-12-29,7497.19,7516.36,7434.64,7512.72
2022-12-30,7512.72,7512.92,7451.74,7451.74
2023-01-03,7451.74,7626.4,7448.69,7554.09
2023-01-04,7554.09,7609.25,7545.18,7585.19
2023-01-05,7585.19,7658.79,7564.7,7633.45
2023-01-06,7633.45,7700.81,7633.45,7699.49
2023-01-09,7699.49,7725.74,7688.69,7724.94
2023-01-10,7724.94,7724.94,7684.35,7694.49
2023-01-11,7694.49,7772.37,7694.35,7724.98
2023-01-12,7724.98,7809.13,7724.55,7794.04
2023-01-13,7794.04,7864.95,7793.55,7844.07
2023-01-16,7844.07,7867.23,7841.91,7860.07
2023-01-17,7860.07,7875.58,7830.35,7851.03
2023-01-18,7851.03,7867.43,7824.73,7830.7
2023-01-19,7830.7,7830.8,7726.23,7747.29
2023-01-20,7747.29,7790.87,7747.29,7770.59
2023-01-23,7770.59,7811.17,7768.47,7784.67
2023-01-24,7784.67,7800.89,7741.75,7757.36
2023-01-25,7757.36,7773.57,7710.78,7744.87
2023-01-26,7744.87,7787.57,7744.87,7761.11
2023-01-27,7761.11,7777.4,7742.12,7765.15
2023-01-30,7765.15,7790.69,7718.33,7784.87
2023-01-31,7784.87,7784.87,7708.34,7771.7
2023-02-01,7771.7,7798.51,7745.43,7761.11
2023-02-02,7761.11,7837.84,7758.51,7820.16
2023-02-03,7820.16,7906.58,7806.85,7901.8
2023-02-06,7901.8,7901.8,7808.39,7836.71
2023-02-07,7836.71,7890.82,7835.36,7864.71
2023-02-08,7864.71,7934.3,7864.66,7885.17
2023-02-09,7885.17,7949.57,7874.23,7911.15
2023-02-10,7911.15,7913.31,7850.94,7882.45
2023-02-13,7882.45,7947.6,7881.86,7947.6
2023-02-14,7947.6,7996.35,7947.6,7953.85
2023-02-15,7953.85,8003.65,7921.32,7997.83
2023-02-16,7997.83,8047.06,7978.61,8012.53
2023-02-17,8012.53,8012.53,7957.69,8004.36
2023-02-20,8004.36,8020.13,7995.46,8014.31
2023-02-21,8014.31,8014.4,7952.48,7977.75
2023-02-22,7977.75,7977.75,7879.03,7930.63
2023-02-23,7930.63,7935.56,7888.88,7907.72
2023-02-24,7907.72,7939.17,7870.39,7878.66
2023-02-27,7878.66,7949.97,7878.66,7935.11
2023-02-28,7935.11,7935.11,7854.82,7876.28
2023-03-01,7876.28,7950.69,7874.34,7914.93
2023-03-02,7914.93,7945.82,7875.03,7944.04
2023-03-03,7944.04,7974.4,7920.07,7947.11
2023-03-06,7947.11,7948.67,7897.45,7929.79
2023-03-07,7929.79,7959.77,7909.77,7919.48
2023-03-08,7919.48,7946.62,7891.42,7929.92
2023-03-09,7929.92,7930.26,7862.01,7879.98
2023-03-10,7879.98,7879.98,7708.32,7748.35
2023-03-13,7748.35,7752.43,7546.02,7548.63
2023-03-14,7548.63,7641.55,7503.25,7637.11
2023-03-15,7637.11,7637.39,7333.35,7344.45
2023-03-16,7344.45,7458.64,7331.49,7410.03
2023-03-17,7410.03,7510.47,7309.3,7335.4
2023-03-20,7335.4,7426.24,7206.82,7403.85
2023-03-21,7403.85,7557.55,7403.85,7536.22
2023-03-22,7536.22,7585.57,7505.48,7566.84
2023-03-23,7566.84,7566.84,7476.13,7499.6
2023-03-24,7499.6,7499.6,7335.71,7405.45
2023-03-27,7405.45,7491.74,7405.45,7471.77
2023-03-28,7471.77,7524.55,7464.61,7484.25
2023-03-29,7484.25,7566.8,7484.21,7564.27
2023-03-30,7564.27,7638.49,7564.27,7620.43
2023-03-31,7620.43,7654.41,7616.09,7631.74
2023-04-03,7631.74,7698.15,7631.74,7673.0
2023-04-04,7673.0,7726.85,7634.52,7634.52
2023-04-05,7634.52,7678.45,7634.26,7662.94
2023-04-06,7662.94,7742.11,7654.54,7741.56
2023-04-11,7741.56,7806.39,7741.56,7785.72
2023-04-12,7785.72,7859.67,7783.4,7824.84
2023-04-13,7824.84,7851.57,7814.11,7843.38
2023-04-14,7843.38,7904.04,7843.38,7871.91
2023-04-17,7871.91,7916.67,7871.91,7879.51
2023-04-18,7879.51,7912.73,7879.51,7909.44
2023-04-19,7909.44,7909.44,7871.43,7898.77
2023-04-20,7898.77,7902.95,7876.35,7902.61
2023-04-21,7902.61,7936.11,7886.46,7914.13
2023-04-24,7914.13,7927.11,7877.58,7912.2
2023-04-25,7912.2,7912.52,7863.85,7891.13
2023-04-26,7891.13,7893.95,7825.93,7852.64
2023-04-27,7852.64,7865.73,7816.83,7831.58
2023-04-28,7831.58,7870.57,7791.63,7870.57
2023-05-02,7870.57,7898.69,7773.03,7773.03
2023-05-03,7773.03,7819.66,7773.03,7788.37
2023-05-04,7788.37,7788.37,7691.25,7702.64
2023-05-05,7702.64,7781.54,7702.64,7778.38
2023-05-09,7778.38,7792.35,7735.08,7764.09
2023-05-10,7764.09,7778.98,7727.12,7741.33
2023-05-11,7741.33,7784.28,7679.61,7730.58
2023-05-12,7730.58,7772.79,7729.01,7754.62
2023-05-15,7754.62,7794.89,7754.62,7777.7
2023-05-16,7777.7,7804.93,7741.29,7751.08
2023-05-17,7751.08,7758.15,7713.03,7723.23
2023-05-18,7723.23,7776.58,7723.23,7742.3
2023-05-19,7742.3,7790.92,7742.13,7756.87
2023-05-22,7756.87,7783.4,7750.53,7770.99
2023-05-23,7770.99,7800.85,7747.09,7762.95
2023-05-24,7762.95,7762.95,7590.24,7627.1
2023-05-25,7627.1,7629.08,7569.17,7570.87
2023-05-26,7570.87,7643.56,7556.92,7627.2
2023-05-30,7627.2,7628.12,7516.52,7522.07
2023-05-31,7522.07,7522.07,7446.14,7446.14
2023-06-01,7446.14,7498.59,7445.3,7490.27
2023-06-02,7490.27,7614.89,7490.02,7607.28
2023-06-05,7607.28,7654.84,7594.13,7599.99
2023-06-06,7599.99,7636.06,7556.16,7628.1
2023-06-07,7628.1,7642.4,7604.42,7624.34
2023-06-08,7624.34,7638.61,7587.99,7599.74
2023-06-09,7599.74,7621.72,7546.5,7562.36
2023-06-12,7562.36,7599.87,7556.81,7570.69
2023-06-13,7570.69,7610.77,7556.32,7594.78
2023-06-14,7594.78,7639.79,7579.27,7602.74
2023-06-15,7602.74,7632.67,7584.78,7628.26
2023-06-16,7628.26,7687.61,7627.83,7642.72
2023-06-19,7642.72,7642.72,7581.84,7588.48
2023-06-20,7588.48,7607.53,7566.33,7569.31
2023-06-21,7569.31,7577.6,7520.92,7559.18
2023-06-22,7559.18,7559.18,7458.35,7502.03
2023-06-23,7502.03,7502.03,7439.72,7461.87
2023-06-26,7461.87,7476.45,7401.18,7453.58
2023-06-27,7453.58,7495.88,7428.11,7461.46
2023-06-28,7461.46,7518.33,7461.46,7500.49
2023-06-29,7500.49,7505.61,7460.53,7471.69
2023-06-30,7471.69,7551.59,7471.69,7531.53
2023-07-03,7531.53,7561.26,7513.93,7527.26
2023-07-04,7527.26,7547.38,7518.36,7519.72
2023-07-05,7519.72,7519.72,7434.66,7442.1
2023-07-06,7442.1,7442.1,7267.62,7280.5
2023-07-07,7280.5,7280.5,7229.57,7256.94
2023-07-10,7256.94,7306.09,7238.72,7273.79
2023-07-11,7273.79,7285.33,7239.23,7282.52
2023-07-12,7282.52,7425.1,7282.52,7416.11
2023-07-13,7416.11,7457.2,7409.25,7440.21
2023-07-14,7440.21,7480.43,7421.31,7434.57
2023-07-17,7434.57,7437.61,7395.67,7406.42
2023-07-18,7406.42,7459.15,7398.53,7453.69
2023-07-19,7453.69,7625.14,7453.69,7588.2
2023-07-20,7588.2,7661.87,7585.85,7646.05
2023-07-21,7646.05,7674.23,7639.45,7663.73
2023-07-24,7663.73,7684.97,7633.29,7678.59
2023-07-25,7678.59,7702.35,7676.5,7691.8
2023-07-26,7691.8,7702.74,7630.0,7676.89
2023-07-27,7676.89,7709.66,7662.4,7692.76
2023-07-28,7692.76,7716.82,7680.19,7694.27
2023-07-31,7694.27,7722.92,7667.81,7699.41
2023-08-01,7699.41,7715.24,7650.15,7666.27
2023-08-02,7666.27,7666.27,7522.24,7561.63
2023-08-03,7561.63,7562.13,7437.88,7529.16
2023-08-04,7529.16,7569.55,7487.36,7564.37
2023-08-07,7564.37,7564.95,7505.15,7554.49
2023-08-08,7554.49,7554.49,7487.47,7527.42
2023-08-09,7527.42,7600.79,7527.42,7587.3
2023-08-10,7587.3,7622.92,7572.61,7618.6
2023-08-11,7618.6,7618.6,7507.84,7524.16
2023-08-14,7524.16,7530.25,7476.45,7507.15
2023-08-15,7507.15,7508.58,7369.69,7389.64
2023-08-16,7389.64,7398.2,7338.53,7356.88
2023-08-17,7356.88,7356.96,7305.0,7310.21
2023-08-18,7310.21,7310.21,7215.76,7262.43
2023-08-21,7262.43,7315.97,7250.88,7257.82
2023-08-22,7257.82,7310.52,7257.58,7270.76
2023-08-23,7270.76,7348.84,7270.76,7320.53
2023-08-24,7320.53,7386.08,7320.53,7333.63
2023-08-25,7333.63,7389.4,7326.97,7338.58
2023-08-29,7338.58,7471.14,7338.58,7464.99
2023-08-30,7464.99,7509.36,7464.73,7473.67
2023-08-31,7473.67,7500.44,7439.13,7439.13
2023-09-01,7439.13,7492.63,7439.13,7464.54
2023-09-04,7464.54,7523.4,7448.31,7452.76
2023-09-05,7452.76,7481.35,7389.8,7437.93
2023-09-06,7437.93,7447.94,7369.64,7426.14
2023-09-07,7426.14,7462.18,7385.92,7441.72
2023-09-08,7441.72,7480.64,7402.1,7478.19
2023-09-11,7478.19,7549.34,7467.35,7496.87
2023-09-12,7496.87,7550.24,7496.34,7527.53
2023-09-13,7527.53,7545.16,7490.37,7525.99
2023-09-14,7525.99,7686.96,7525.99,7673.08
2023-09-15,7673.08,7745.82,7673.08,7711.38
2023-09-18,7711.38,7720.14,7641.76,7652.94
2023-09-19,7652.94,7682.38,7642.36,7660.2
2023-09-20,7660.2,7741.9,7659.61,7731.65
2023-09-21,7731.65,7746.53,7674.7,7678.62
2023-09-22,7678.62,7735.16,7640.8,7683.91
2023-09-25,7683.91,7684.82,7580.81,7623.99
2023-09-26,7623.99,7656.94,7593.54,7625.72
2023-09-27,7625.72,7645.55,7577.23,7593.22
2023-09-28,7593.22,7605.55,7524.11,7601.85
2023-09-29,7601.85,7674.19,7601.85,7608.08
2023-10-02,7608.08,7630.41,7491.3,7510.72
2023-10-03,7510.72,7545.67,7466.62,7470.16
2023-10-04,7470.16,7490.18,7384.2,7412.45
2023-10-05,7412.45,7488.6,7409.74,7451.54
2023-10-06,7451.54,7496.42,7423.36,7494.58
2023-10-09,7494.58,7540.57,7473.19,7492.21
2023-10-10,7492.21,7637.41,7492.21,7628.21
2023-10-11,7628.21,7651.98,7608.67,7620.03
2023-10-12,7620.03,7687.91,7620.03,7644.78
2023-10-13,7644.78,7660.05,7590.72,7599.6
2023-10-16,7599.6,7651.27,7584.64,7630.63
2023-10-17,7630.63,7682.63,7616.77,7675.21
2023-10-18,7675.21,7681.5,7579.26,7588.0
2023-10-19,7588.0,7588.0,7490.46,7499.53
2023-10-20,7499.53,7499.62,7395.57,7402.14
2023-10-23,7402.14,7402.2,7338.59,7374.83
2023-10-24,7374.83,7405.26,7324.99,7389.7
2023-10-25,7389.7,7428.11,7368.38,7414.34
2023-10-26,7414.34,7414.34,7342.48,7354.57
2023-10-27,7354.57,7380.33,7279.86,7291.28
2023-10-30,7291.28,7361.5,7291.28,7327.39
2023-10-31,7327.39,7373.53,7309.04,7321.72
2023-11-01,7321.72,7385.39,7304.89,7342.43
2023-11-02,7342.43,7469.75,7342.43,7446.53
2023-11-03,7446.53,7482.73,7396.57,7417.73
2023-11-06,7417.73,7448.36,7403.51,7417.76
2023-11-07,7417.76,7431.14,7397.4,7410.04
2023-11-08,7410.04,7442.09,7384.51,7401.72
2023-11-09,7401.72,7465.31,7367.21,7455.67
2023-11-10,7455.67,7455.67,7319.96,7360.55
2023-11-13,7360.55,7426.14,7360.55,7425.83
2023-11-14,7425.83,7456.63,7386.66,7440.47
2023-11-15,7440.47,7533.77,7440.47,7486.91
2023-11-16,7486.91,7492.84,7409.4,7410.97
2023-11-17,7410.97,7509.0,7410.0,7504.25
2023-11-20,7504.25,7506.0,7472.65,7496.36
2023-11-21,7496.36,7496.86,7446.68,7481.99
2023-11-22,7481.99,7504.51,7452.0,7469.51
2023-11-23,7469.51,7494.77,7450.6,7483.58
2023-11-24,7483.58,7494.72,7450.12,7488.2
2023-11-27,7488.2,7488.26,7452.18,7460.7
2023-11-28,7460.7,7461.13,7403.25,7455.24
2023-11-29,7455.24,7457.48,7408.79,7423.46
2023-11-30,7423.46,7497.68,7387.09,7453.75
2023-12-01,7453.75,7538.71,7453.75,7529.35
2023-12-04,7512.96,7512.96,7512.96,7512.96
2023-12-05,7512.96,7512.96,7460.21,7489.84
2023-12-06,7489.84,7542.57,7486.8,7515.38
2023-12-07,7515.38,7523.57,7480.49,7513.72
2023-12-08,7513.72,7581.32,7509.83,7554.47
2023-12-11,7554.47,7557.4,7493.59,7544.89
2023-12-12,7544.89,7607.51,7542.37,7542.77
2023-12-13,7542.77,7584.88,7542.68,7548.44
2023-12-14,7548.44,7724.81,7548.44,7648.98
2023-12-15,7648.98,7668.22,7569.0,7576.36
2023-12-18,7576.36,7630.57,7557.24,7614.48
2023-12-19,7614.48,7642.15,7605.35,7638.03
2023-12-20,7638.03,7762.88,7637.93,7715.68
2023-12-21,7715.68,7715.68,7668.41,7694.73
2023-12-22,7694.73,7715.21,7676.43,7697.51
2023-12-27,7697.51,7759.74,7697.51,7724.95
2023-12-28,7724.95,7745.99,7708.74,7722.74
2023-12-29,7722.74,7746.91,7719.02,7733.24
2024-01-02,7733.24,7764.37,7689.02,7721.52
2024-01-03,7721.52,7744.55,7650.3,7682.33
2024-01-04,7682.33,7728.17,7678.84,7723.07
2024-01-05,7723.07,7723.07,7642.86,7689.61
2024-01-08,7689.61,7694.19,7636.05,7694.19
2024-01-09,7694.19,7717.5,7675.07,7683.96
2024-01-10,7683.96,7683.96,7647.37,7651.76
2024-01-11,7651.76,7693.9,7576.59,7576.59
2024-01-12,7624.93,7624.93,7624.93,7624.93
2024-01-15,7624.93,7637.79,7578.33,7594.91
2024-01-16,7594.91,7594.91,7538.85,7558.34
2024-01-17,7558.34,7558.34,7404.08,7446.29
2024-01-18,7446.29,7471.66,7426.6,7459.09
2024-01-19,7459.09,7521.05,7450.86,7461.93
2024-01-22,7461.93,7503.61,7455.97,7487.71
2024-01-23,7487.71,7525.13,7465.12,7485.73
2024-01-24,7485.73,7538.89,7485.73,7527.67
2024-01-25,7527.67,7544.46,7507.03,7529.73
2024-01-26,7529.73,7651.75,7529.69,7635.09
2024-01-29,7635.09,7664.92,7630.76,7632.74
2024-01-30,7632.74,7684.24,7632.74,7666.31
2024-01-31,7666.31,7689.69,7630.57,7630.57
2024-02-01,7630.57,7673.67,7607.9,7622.16
2024-02-02,7622.16,7670.91,7609.29,7615.54
2024-02-05,7615.54,7667.82,7598.66,7612.86
2024-02-06,7612.86,7693.6,7612.86,7681.01
2024-02-07,7681.01,7694.9,7626.23,7628.75
2024-02-08,7628.75,7653.4,7593.57,7595.48
2024-02-09,7595.48,7608.74,7557.35,7572.58
2024-02-12,7572.58,7590.45,7555.47,7573.69
2024-02-13,7573.69,7585.31,7492.98,7512.28
2024-02-14,7512.28,7590.13,7512.28,7568.4
2024-02-15,7568.4,7612.34,7562.1,7597.53
2024-02-16,7597.53,7720.72,7597.53,7711.71
2024-02-19,7711.71,7733.54,7692.48,7728.5
2024-02-20,7728.5,7748.73,7705.98,7719.21
2024-02-21,7719.21,7719.21,7642.75,7662.51
2024-02-22,7662.51,7702.86,7651.65,7684.49
2024-02-23,7684.49,7713.39,7675.19,7706.28
2024-02-26,7706.28,7710.78,7676.75,7684.3
2024-02-27,7684.3,7698.29,7669.71,7683.02
2024-02-28,7683.02,7693.18,7620.37,7624.98
2024-02-29,7624.98,7677.69,7622.87,7630.02
2024-03-01,7630.02,7695.61,7630.02,7682.5
2024-03-04,7682.5,7682.64,7623.22,7640.33
2024-03-05,7640.33,7654.81,7598.47,7646.16
2024-03-06,7646.16,7701.25,7639.03,7679.31
2024-03-07,7679.31,7711.78,7645.06,7692.46
2024-03-08,7692.46,7693.89,7646.2,7659.74
2024-03-11,7659.74,7669.23,7612.62,7669.23
2024-03-12,7669.23,7764.58,7669.23,7747.81
2024-03-13,7747.81,7785.73,7738.73,7772.17
2024-03-14,7772.17,7778.39,7719.11,7743.15
2024-03-15,7743.15,7761.06,7727.42,7727.42
2024-03-18,7727.42,7750.17,7714.9,7722.55
2024-03-19,7722.55,7739.67,7699.57,7738.3
2024-03-20,7738.3,7749.39,7711.46,7737.38
2024-03-21,7737.38,7901.8,7737.38,7882.55
2024-03-22,7882.55,7961.43,7882.19,7930.92
2024-03-25,7930.92,7939.38,7891.72,7917.57
2024-03-26,7917.57,7934.37,7892.08,7930.96
2024-03-27,7930.96,7938.14,7893.0,7931.98
2024-03-28,7931.98,7975.38,7931.36,7952.62
2024-04-02,7952.62,8015.63,7928.59,7935.09
2024-04-03,7935.09,7937.44,7882.68,7937.44
2024-04-04,7937.44,7990.41,7937.37,7975.89
2024-04-05,7975.89,7975.89,7884.45,7911.16
2024-04-08,7911.16,7953.16,7887.92,7943.47
2024-04-09,7943.47,7962.78,7917.47,7934.79
2024-04-10,7934.79,7987.5,7916.53,7961.21
2024-04-11,7961.21,7970.09,7886.89,7923.8
2024-04-12,7923.8,8044.98,7923.8,7995.58
2024-04-15,7995.58,8009.52,7952.14,7965.53
2024-04-16,7965.53,7965.53,7793.91,7820.36
2024-04-17,7820.36,7893.62,7798.57,7847.99
2024-04-18,7847.99,7898.77,7845.89,7877.05
2024-04-19,7877.05,7900.51,7809.68,7895.85
2024-04-22,7895.85,8042.81,7895.85,8023.87
2024-04-23,8023.87,8076.52,8021.67,8044.81
2024-04-24,8044.81,8092.2,8031.79,8040.38
2024-04-25,8040.38,8105.59,8030.05,8078.86
2024-04-26,8078.86,8146.79,8078.86,8139.83
2024-04-29,8139.83,8189.14,8136.71,8147.03
2024-04-30,8147.03,8199.95,8138.14,8144.13
2024-05-01,8144.13,8178.95,8111.38,8121.24
2024-05-02,8121.24,8178.76,8119.85,8172.15
2024-05-03,8172.15,8248.73,8172.15,8213.49
2024-05-07,8213.49,8335.68,8213.49,8313.67
2024-05-08,8313.67,8365.28,8313.67,8354.05
2024-05-09,8354.05,8396.25,8349.83,8381.35
2024-05-10,8381.35,8455.77,8381.35,8433.76
2024-05-13,8433.76,8446.46,8409.15,8414.99
2024-05-14,8414.99,8448.67,8406.96,8428.13
2024-05-15,8428.13,8474.41,8427.92,8445.8
2024-05-16,8445.8,8455.66,8406.69,8438.65
2024-05-17,8438.65,8441.68,8401.4,8420.26
2024-05-20,8420.26,8451.64,8417.95,8424.2
2024-05-21,8424.2,8424.2,8379.12,8416.45
2024-05-22,8416.45,8416.45,8343.36,8370.33
2024-05-23,8370.33,8385.23,8332.27,8339.23
2024-05-24,8339.23,8339.23,8263.77,8317.59
2024-05-28,8317.59,8335.46,8241.33,8254.18
2024-05-29,8254.18,8255.39,8180.03,8183.07
2024-05-30,8183.07,8236.25,8148.49,8231.05
2024-05-31,8231.05,8289.22,8231.05,8275.38
2024-06-03,8275.38,8371.72,8258.86,8262.75
2024-06-04,8262.75,8263.38,8200.26,8232.04
2024-06-05,8232.04,8276.55,8232.04,8246.95
2024-06-06,8246.95,8287.07,8246.95,8285.34
2024-06-07,8285.34,8297.01,8210.23,8245.37
2024-06-10,8245.37,8245.37,8183.47,8228.48
2024-06-11,8228.48,8261.74,8114.84,8147.81
2024-06-12,8147.81,8243.22,8147.81,8215.48
2024-06-13,8215.48,8215.48,8147.44,8163.67
2024-06-14,8163.67,8178.21,8112.93,8146.86
2024-06-17,8146.86,8187.25,8120.89,8142.15
2024-06-18,8142.15,8199.95,8142.15,8191.29
2024-06-19,8191.29,8212.65,8164.48,8205.11
2024-06-20,8205.11,8272.46,8203.62,8272.46
2024-06-21,8272.46,8282.66,8188.12,8237.72
2024-06-24,8237.72,8307.93,8217.39,8281.55
2024-06-25,8281.55,8294.24,8245.66,8247.79
2024-06-26,8247.79,8302.04,8205.04,8225.33
2024-06-27,8225.33,8232.87,8179.68,8179.68
2024-06-28,8179.68,8237.36,8162.68,8164.12
2024-07-01,8164.12,8225.08,8164.12,8166.76
2024-07-02,8166.76,8166.76,8106.79,8121.2
2024-07-03,8121.2,8177.98,8121.2,8171.12
2024-07-04,8171.12,8257.95,8170.97,8241.26
2024-07-05,8241.26,8279.75,8182.7,8203.93
2024-07-08,8203.93,8232.81,8175.26,8193.49
2024-07-09,8193.49,8217.1,8132.49,8139.81
2024-07-10,8139.81,8194.85,8138.18,8193.51
2024-07-11,8193.51,8231.78,8190.81,8223.34
2024-07-12,8223.34,8276.31,8223.34,8252.91
2024-07-15,8252.91,8252.91,8174.62,8182.96
2024-07-16,8182.96,8182.96,8126.07,8164.9
2024-07-17,8164.9,8204.29,8132.02,8187.46
2024-07-18,8187.46,8267.78,8187.46,8204.89
2024-07-19,8150.09,8184.26,8135.08,8155.72
2024-07-22,8155.72,8240.4,8155.72,8198.78
2024-07-23,8198.78,8228.1,8151.46,8167.37
2024-07-24,8167.37,8170.68,8112.03,8153.69
2024-07-25,8153.69,8187.51,8056.01,8186.35
2024-07-26,8186.35,8290.33,8181.23,8285.71
2024-07-29,8285.71,8368.38,8285.71,8292.35
2024-07-30,8292.35,8297.92,8235.55,8274.41
2024-07-31,8274.41,8399.88,8274.41,8367.98
2024-08-01,8367.98,8405.24,8268.14,8283.36
2024-08-02,8283.36,8283.36,8158.03,8174.71
2024-08-05,8174.71,8174.71,7915.94,8008.23
2024-08-06,8008.23,8058.31,7949.85,8026.69
2024-08-07,8026.69,8176.99,8026.69,8166.88
2024-08-08,8166.88,8166.88,8064.34,8144.97
2024-08-09,8144.97,8203.46,8144.43,8168.1
2024-08-12,8168.1,8223.48,8168.1,8210.25
2024-08-13,8210.25,8244.41,8187.98,8235.23
2024-08-14,8235.23,8288.72,8230.68,8281.05
2024-08-15,8281.05,8366.98,8277.08,8347.35
2024-08-16,8347.35,8350.35,8292.01,8311.41
2024-08-19,8311.41,8374.02,8286.5,8356.94
2024-08-20,8356.94,8356.94,8270.69,8273.32
2024-08-21,8273.32,8295.94,8263.01,8283.43
2024-08-22,8283.43,8318.55,8276.99,8288.0
2024-08-23,8288.0,8331.9,8288.0,8327.78
2024-08-27,8327.78,8400.43,8327.78,8345.46
2024-08-28,8345.46,8362.74,8322.28,8343.85
2024-08-29,8343.85,8392.4,8336.58,8379.64
2024-08-30,8379.64,8414.37,8363.74,8376.63
2024-09-02,8376.63,8380.08,8353.18,8363.84
2024-09-03,8363.84,8380.98,8286.6,8298.46
2024-09-04,8298.46,8298.46,8219.26,8269.6
2024-09-05,8269.6,8285.55,8241.71,8241.71
2024-09-06,8241.71,8260.68,8168.42,8181.47
2024-09-09,8181.47,8274.68,8181.47,8270.84
2024-09-10,8270.84,8271.12,8195.13,8205.98
2024-09-11,8205.98,8232.76,8169.96,8193.94
2024-09-12,8193.94,8301.36,8193.94,8240.97
2024-09-13,8240.97,8287.9,8230.75,8273.09
2024-09-16,8273.09,8290.0,8247.92,8278.44
2024-09-17,8278.44,8351.72,8278.44,8309.86
2024-09-18,8309.86,8309.95,8245.7,8253.68
2024-09-19,8253.68,8370.47,8253.68,8328.72
2024-09-20,8328.72,8328.72,8223.76,8229.99
2024-09-23,8229.99,8262.53,8210.07,8259.71
2024-09-24,8259.71,8309.75,8259.51,8282.76
2024-09-25,8282.76,8319.41,8242.99,8268.7
2024-09-26,8268.7,8332.87,8262.03,8284.91
2024-09-27,8284.91,8334.55,8283.52,8320.76
2024-09-30,8320.76,8324.61,8233.99,8236.95
2024-10-01,8236.95,8291.1,8226.18,8276.65
2024-10-02,8276.65,8322.59,8267.6,8290.86
2024-10-03,8290.86,8332.68,8261.96,8282.52
2024-10-04,8282.52,8300.66,8234.17,8280.63
2024-10-07,8280.63,8323.41,8260.11,8303.62
2024-10-08,8303.62,8303.62,8184.03,8190.61
2024-10-09,8190.61,8244.36,8188.71,8243.74
2024-10-10,8243.74,8272.46,8218.36,8237.73
2024-10-11,8237.73,8265.71,8211.92,8253.65
2024-10-14,8253.65,8292.66,8237.7,8292.66
2024-10-15,8292.66,8306.15,8241.96,8249.28
2024-10-16,8249.28,8346.55,8249.28,8329.07
2024-10-17,8329.07,8395.58,8322.12,8385.13
2024-10-18,8385.13,8385.13,8315.85,8358.25
2024-10-21,8358.25,8391.81,8318.24,8318.24
2024-10-22,8318.24,8318.24,8252.4,8306.54
2024-10-23,8306.54,8323.24,8252.38,8258.64
2024-10-24,8258.64,8337.68,8256.77,8269.38
2024-10-25,8269.38,8278.11,8246.23,8248.84
2024-10-28,8248.84,8293.62,8208.91,8285.62
2024-10-29,8285.62,8325.54,8215.3,8219.61
2024-10-30,8219.61,8219.61,8153.75,8159.63
2024-10-31,8159.63,8159.63,8071.72,8110.1
2024-11-01,8110.1,8202.55,8105.3,8177.15
2024-11-04,8177.15,8239.88,8175.76,8184.24
2024-11-05,8184.24,8215.84,8148.34,8172.39
2024-11-06,8172.39,8301.78,8144.25,8166.68
2024-11-07,8166.68,8195.3,8140.74,8140.74
2024-11-08,8140.74,8156.45,8060.94,8072.39
2024-11-11,8072.39,8148.18,8072.39,8125.19
2024-11-12,8125.19,8125.19,8018.55,8025.77
2024-11-13,8025.77,8062.73,7995.87,8030.33
2024-11-14,8030.33,8083.12,8012.83,8071.19
2024-11-15,8071.19,8091.89,8030.01,8063.61
2024-11-18,8063.61,8109.32,8054.07,8109.32
2024-11-19,8109.32,8145.86,8052.02,8099.02
2024-11-20,8099.02,8128.44,8074.22,8085.07
2024-11-21,8085.07,8152.86,8065.22,8149.27
2024-11-22,8149.27,8274.84,8149.27,8262.08
2024-11-25,8262.08,8307.27,8261.78,8291.68
2024-11-26,8291.68,8291.68,8245.76,8258.61
2024-11-27,8258.61,8280.02,8237.7,8274.75
2024-11-28,8274.75,8303.77,8271.85,8281.22
2024-11-29,8281.22,8292.45,8252.89,8287.3
2024-12-02,8287.3,8332.0,8274.66,8312.89
2024-12-03,8312.89,8388.37,8311.85,8359.41
2024-12-04,8359.41,8362.75,8322.84,8335.81
2024-12-05,8335.81,8350.67,8321.64,8349.38
2024-12-06,8349.38,8357.58,8303.48,8308.61
2024-12-09,8308.61,8372.05,8308.61,8352.08
2024-12-10,8352.08,8352.13,8274.5,8280.36
2024-12-11,8280.36,8318.88,8248.42,8301.62
2024-12-12,8301.62,8331.05,8300.18,8311.76
2024-12-13,8311.76,8331.85,8282.4,8300.33
2024-12-16,8300.33,8305.21,8254.06,8262.05
2024-12-17,8262.05,8262.05,8190.17,8195.2
2024-12-18,8195.2,8231.84,8191.61,8199.11
2024-12-19,8199.11,8199.11,8078.98,8105.32
2024-12-20,8105.32,8105.83,8002.34,8084.61
2024-12-23,8084.61,8111.41,8051.92,8102.72
2024-12-24,8102.72,8152.01,8102.72,8136.99
2024-12-27,8136.99,8151.28,8112.29,8149.78
2024-12-30,8149.78,8149.78,8094.88,8121.01
2024-12-31,8121.01,8180.38,8096.65,8173.02
2025-01-02,8173.02,8270.6,8160.6,8260.09
2025-01-03,8260.09,8268.97,8219.73,8223.98
2025-01-06,8223.98,8249.66,8197.5,8249.66
2025-01-07,8249.66,8251.79,8190.5,8245.28
2025-01-08,8245.28,8267.38,8189.5,8251.03
2025-01-09,8251.03,8322.59,8243.15,8319.69
2025-01-10,8319.69,8326.32,8247.61,8248.49
2025-01-13,8248.49,8254.0,8192.31,8224.19
2025-01-14,8224.19,8244.31,8193.54,8201.54
2025-01-15,8201.54,8307.56,8199.57,8301.13
2025-01-16,8301.13,8391.9,8301.13,8391.9
2025-01-17,8391.9,8533.43,8391.83,8505.22
2025-01-20,8505.22,8548.59,8501.82,8520.54
2025-01-21,8520.54,8550.41,8513.42,8548.29
2025-01-22,8548.29,8584.73,8527.79,8545.13
2025-01-23,8545.13,8572.51,8532.07,8565.2
2025-01-24,8565.2,8586.68,8492.73,8502.35
2025-01-27,8502.35,8514.17,8462.18,8503.71
2025-01-28,8503.71,8572.96,8503.62,8533.87
2025-01-29,8533.87,8584.07,8518.27,8557.81
2025-01-30,8557.81,8655.19,8547.86,8646.88
2025-01-31,8646.88,8692.84,8646.88,8673.96
2025-02-03,8673.96,8673.96,8520.2,8583.56
2025-02-04,8583.56,8583.59,8524.66,8570.77
2025-02-05,8570.77,8623.29,8550.24,8623.29
2025-02-06,8623.29,8767.5,8623.29,8727.28
2025-02-07,8727.28,8728.94,8685.78,8700.53
2025-02-10,8700.53,8785.85,8694.55,8767.8
2025-02-11,8767.8,8789.58,8750.53,8777.39
2025-02-12,8777.39,8810.62,8759.38,8807.44
2025-02-13,8807.44,8820.93,8729.57,8764.72
2025-02-14,8764.72,8767.73,8717.54,8732.46
2025-02-17,8732.46,8769.07,8725.27,8768.01
2025-02-18,8768.01,8787.66,8757.82,8766.73
2025-02-19,8766.73,8771.22,8696.94,8712.53
2025-02-20,8712.53,8712.66,8650.8,8662.97
2025-02-21,8662.97,8684.78,8638.63,8659.37
2025-02-24,8659.37,8688.26,8614.08,8658.98
2025-02-25,8658.98,8712.17,8628.11,8668.67
2025-02-26,8668.67,8738.28,8668.67,8731.46
2025-02-27,8731.46,8768.05,8680.55,8756.21
2025-02-28,8756.21,8810.5,8715.43,8809.74
2025-03-03,8809.74,8908.82,8809.74,8871.31
2025-03-04,8871.31,8873.67,8746.01,8759.0
2025-03-05,8759.0,8835.72,8752.46,8755.84
2025-03-06,8755.84,8778.19,8645.84,8682.84
2025-03-07,8682.84,8701.31,8627.3,8679.88
2025-03-10,8679.88,8700.79,8591.58,8600.22
2025-03-11,8600.22,8603.93,8481.11,8495.99
2025-03-12,8495.99,8565.45,8495.99,8540.97
2025-03-13,8540.97,8581.57,8513.65,8542.56
2025-03-14,8542.56,8642.79,8538.07,8632.33
2025-03-17,8632.33,8688.41,8625.04,8680.29
2025-03-18,8680.29,8726.95,8680.29,8705.23
2025-03-19,8705.23,8718.74,8662.56,8706.66
2025-03-20,8706.66,8742.75,8665.26,8701.99
2025-03-21,8701.99,8701.99,8615.96,8646.79
2025-03-24,8646.79,8695.6,8616.42,8638.01
2025-03-25,8638.01,8717.03,8638.01,8663.8
2025-03-26,8663.8,8714.81,8656.39,8689.59
2025-03-27,8689.59,8689.7,8611.42,8666.12
2025-03-28,8666.12,8694.19,8636.92,8658.85
2025-03-31,8658.85,8658.88,8530.98,8582.81
2025-04-01,8582.81,8671.91,8581.91,8634.8
2025-04-02,8634.8,8634.8,8548.32,8608.48
2025-04-03,8608.48,8608.48,8453.22,8474.74
2025-04-04,8474.74,8474.74,8023.45,8054.98
2025-04-07,8054.98,8054.98,7544.83,7702.08
2025-04-08,7702.08,7984.19,7702.08,7910.53
2025-04-09,7910.53,7910.53,7599.56,7679.48
2025-04-10,7679.48,8166.53,7679.48,7913.25
2025-04-11,7913.25,8000.78,7862.72,7964.18
2025-04-14,7964.18,8160.21,7964.18,8134.34
2025-04-15,8134.34,8257.77,8134.01,8249.12
2025-04-16,8249.12,8281.09,8177.04,8275.6
2025-04-17,8275.6,8295.07,8195.66,8275.66
2025-04-22,8275.66,8337.67,8262.49,8328.6
2025-04-23,8328.6,8467.79,8328.31,8403.18
2025-04-24,8403.18,8415.12,8361.79,8407.44
2025-04-25,8407.44,8442.65,8397.07,8415.25
2025-04-28,8415.25,8452.62,8415.24,8417.34
2025-04-29,8417.34,8470.4,8404.1,8463.46
2025-04-30,8463.46,8494.85,8430.48,8494.85
2025-05-01,8494.85,8505.28,8468.26,8496.8
2025-05-02,8496.8,8622.14,8496.8,8596.35
2025-05-06,8596.35,8641.68,8569.11,8597.42
2025-05-07,8597.42,8599.95,8533.57,8559.33
2025-05-08,8559.33,8607.71,8514.04,8531.61
2025-05-09,8531.61,8581.53,8531.61,8554.8
2025-05-12,8554.8,8646.32,8546.25,8604.98
2025-05-13,8604.98,8623.78,8583.92,8602.92
2025-05-14,8602.92,8616.13,8558.24,8585.01
2025-05-15,8585.01,8634.56,8531.06,8633.75
2025-05-16,8633.75,8697.0,8633.63,8684.56
2025-05-19,8684.56,8699.31,8613.47,8699.31
2025-05-20,8699.31,8789.43,8698.05,8781.12
2025-05-21,8781.12,8798.46,8761.95,8786.46
2025-05-22,8786.46,8786.46,8689.44,8739.26
2025-05-23,8739.26,8779.36,8604.8,8717.97
2025-05-27,8717.97,8824.0,8717.97,8778.05
2025-05-28,8778.05,8799.77,8726.01,8726.01
2025-05-29,8726.01,8776.27,8709.11,8716.45
2025-05-30,8716.45,8790.45,8715.64,8772.38
2025-06-02,8772.38,8792.08,8730.64,8774.26
2025-06-03,8774.26,8801.46,8738.45,8787.02
2025-06-04,8787.02,8821.42,8780.36,8801.29
2025-06-05,8801.29,8838.84,8782.08,8811.04
2025-06-06,8811.04,8851.38,8805.57,8837.91
2025-06-09,8837.91,8850.87,8812.06,8832.28
2025-06-10,8832.28,8886.06,8832.28,8853.08
2025-06-11,8853.08,8885.38,8847.3,8864.35
2025-06-12,8864.35,8896.88,8843.63,8884.92
2025-06-13,8884.92,8898.63,8822.2,8850.63
2025-06-16,8850.63,8902.4,8850.63,8875.22
2025-06-17,8875.22,8875.22,8809.91,8834.03
2025-06-18,8834.03,8858.56,8820.42,8843.47
2025-06-19,8843.47,8844.12,8788.77,8791.8
2025-06-20,8791.8,8847.28,8772.32,8774.65
2025-06-23,8774.65,8787.06,8741.4,8758.04
2025-06-24,8758.04,8831.9,8757.97,8758.99
2025-06-25,8758.99,8792.43,8716.19,8718.75
2025-06-26,8718.75,8757.1,8707.65,8735.6
2025-06-27,8735.6,8798.91,8735.6,8798.91
2025-06-30,8798.91,8818.44,8760.96,8760.96
2025-07-01,8760.96,8790.84,8726.92,8785.33
2025-07-02,8785.33,8828.16,8738.99,8774.69
2025-07-03,8774.69,8837.75,8774.66,8823.2
2025-07-04,8823.2,8830.93,8782.06,8822.91
2025-07-07,8822.91,8836.88,8798.66,8806.53
2025-07-08,8806.53,8854.18,8803.27,8854.18
2025-07-09,8854.18,8887.7,8854.18,8867.02
2025-07-10,8867.02,8979.41,8867.02,8975.66
2025-07-11,8975.66,8984.14,8918.49,8941.12
2025-07-14,8941.12,8999.22,8931.09,8998.06
2025-07-15,8998.06,9016.98,8938.32,8938.32
2025-07-16,8938.32,8972.29,8926.55,8926.55
2025-07-17,8926.55,8982.84,8926.55,8972.64
2025-07-18,8972.64,9016.36,8969.09,8992.12
2025-07-21,8992.12,9012.99,8975.22,9012.99
2025-07-22,9012.99,9035.37,8995.11,9023.81
2025-07-23,9023.81,9080.09,9023.27,9061.49
2025-07-24,9061.49,9158.21,9060.71,9138.37
2025-07-25,9138.37,9145.02,9094.67,9120.31
2025-07-28,9120.31,9169.01,9058.42,9081.44
2025-07-29,9081.44,9163.24,9076.38,9136.32
2025-07-30,9136.32,9146.79,9091.54,9136.94
2025-07-31,9136.94,9190.73,9115.78,9132.81
2025-08-01,9132.81,9132.81,9027.94,9068.58
2025-08-04,9068.58,9129.1,9068.07,9128.3
2025-08-05,9128.3,9177.95,9126.62,9142.73
2025-08-06,9142.73,9184.19,9142.73,9164.31
2025-08-07,9164.31,9164.31,9084.54,9100.77
2025-08-08,9100.77,9127.13,9079.94,9095.73
2025-08-11,9095.73,9137.7,9093.18,9129.71
2025-08-12,9129.71,9165.03,9119.42,9147.81
2025-08-13,9147.81,9182.74,9142.37,9165.23
2025-08-14,9165.23,9177.24,9133.73,9177.24
2025-08-15,9177.24,9222.07,9129.52,9138.9
2025-08-18,9138.9,9165.67,9126.88,9157.74
2025-08-19,9157.74,9197.12,9154.81,9189.22
2025-08-20,9189.22,9301.19,9166.76,9288.14
2025-08-21,9288.14,9309.2,9257.45,9309.2
2025-08-22,9309.2,9357.51,9285.64,9321.4
2025-08-26,9321.4,9325.94,9249.61,9265.8
2025-08-27,9265.8,9301.86,9230.61,9255.5
2025-08-28,9255.5,9269.95,9207.39,9216.82
2025-08-29,9216.82,9223.14,9179.18,9187.34
2025-09-01,9187.34,9226.57,9179.83,9196.34
2025-09-02,9196.34,9196.46,9108.23,9116.69
2025-09-03,9116.69,9179.62,9107.4,9177.99
2025-09-04,9177.99,9231.42,9155.5,9216.87
2025-09-05,9216.87,9253.53,9197.56,9208.21
2025-09-08,9208.21,9234.91,9190.55,9221.44
2025-09-09,9221.44,9254.3,9221.44,9242.53
2025-09-10,9242.53,9290.55,9222.35,9225.39
2025-09-11,9225.39,9297.58,9225.39,9297.58
2025-09-12,9297.58,9340.7,9283.29,9283.29
2025-09-15,9283.29,9314.42,9262.67,9277.03
2025-09-16,9277.03,9282.13,9195.66,9195.66
2025-09-17,9195.66,9245.7,9195.66,9208.37
2025-09-18,9208.37,9245.24,9208.33,9228.11
2025-09-19,9228.11,9250.99,9207.7,9216.67
2025-09-22,9216.67,9234.6,9194.32,9226.68
2025-09-23,9226.7,9266.87,9223.32,9223.32
2025-09-24,9223.34,9266.43,9177.09,9250.43
2025-09-25,9250.43,9251.15,9203.17,9213.98
2025-09-26,9213.97,9292.11,9208.52,9284.83
2025-09-29,9284.82,9354.61,9284.82,9299.84
2025-09-30,9299.84,9363.57,9266.29,9350.43
2025-10-01,9350.46,9457.91,9347.59,9446.43
2025-10-02,9446.44,9475.07,9417.62,9427.73
2025-10-03,9427.74,9494.64,9425.03,9491.25
2025-10-06,9491.22,9516.83,9465.42,9479.14
2025-10-07,9479.13,9507.11,9473.11,9483.58
2025-10-08,9483.56,9577.08,9483.55,9548.87
2025-10-09,9548.93,9565.49,9501.09,9509.4
2025-10-10,9509.42,9519.96,9414.59,9427.47
2025-10-13,9427.46,9459.89,9409.67,9442.87
2025-10-14,9442.94,9454.29,9384.24,9452.77
2025-10-15,9452.75,9474.31,9395.05,9424.75
2025-10-16,9424.76,9436.09,9389.65,9436.09
2025-10-17,9436.11,9436.11,9276.91,9354.57
2025-10-20,9354.54,9416.44,9354.54,9403.57
2025-10-21,9403.57,9441.24,9403.5,9426.99
2025-10-22,9427.05,9545.23,9427.05,9515.0
2025-10-23,9515.0,9594.82,9505.72,9578.57
2025-10-24,9578.57,9645.62,9560.52,9645.62
2025-10-27,9645.59,9672.74,9632.83,9653.82
2025-10-28,9653.83,9727.09,9645.42,9696.74
2025-10-29,9696.77,9787.63,9696.75,9756.14
2025-10-30,9756.13,9763.42,9690.02,9760.06
2025-10-31,9760.06,9761.82,9696.96,9717.25
2025-11-03,9717.26,9745.64,9695.92,9701.37
2025-11-04,9701.4,9714.96,9574.15,9714.96
2025-11-05,9714.98,9786.8,9680.51,9777.08
2025-11-06,9777.1,9786.13,9723.85,9735.78
2025-11-07,9735.75,9735.75,9638.98,9682.57
2025-11-10,9682.57,9800.35,9682.57,9787.15
2025-11-11,9787.2,9912.85,9787.2,9899.6
2025-11-12,9899.62,9930.09,9878.33,9911.42
2025-11-13,9911.44,9913.23,9804.76,9807.68
2025-11-14,9807.72,9807.72,9610.45,9698.37
2025-11-17,9698.35,9707.67,9667.91,9675.43
2025-11-18,9675.44,9675.64,9511.73,9552.3
2025-11-19,9552.31,9568.47,9507.41,9507.41
2025-11-20,9507.4,9593.83,9507.4,9527.65
2025-11-21,9527.68,9541.24,9423.9,9539.71
2025-11-24,9539.72,9592.55,9524.74,9534.91
2025-11-25,9534.89,9615.57,9521.45,9609.53
2025-11-26,9609.56,9704.25,9593.26,9691.58
2025-11-27,9691.56,9699.82,9658.86,9693.93
2025-11-28,9693.95,9740.24,9693.95,9720.51
2025-12-01,9720.55,9735.35,9686.88,9702.53
2025-12-02,9702.52,9744.82,9682.27,9701.8
2025-12-03,9701.79,9711.34,9677.67,9692.07
2025-12-04,9692.08,9727.57,9674.78,9710.87
2025-12-05,9710.87,9738.26,9667.01,9667.01
2025-12-08,9667.05,9692.36,9629.19,9645.09
2025-12-09,9645.1,9673.16,9630.85,9642.01
2025-12-10,9642.01,9689.47,9622.74,9655.53
2025-12-11,9655.55,9715.34,9635.3,9703.16
2025-12-12,9703.19,9761.47,9639.29,9649.03
2025-12-15,9649.0,9769.02,9649.0,9751.31
2025-12-16,9751.31,9764.77,9655.73,9684.79
2025-12-17,9684.84,9853.13,9684.84,9774.32
2025-12-18,9774.32,9845.1,9748.26,9837.77
2025-12-19,9837.76,9903.13,9819.44,9897.42
2025-12-22,9897.39,9897.96,9829.38,9865.97
2025-12-23,9865.94,9901.48,9846.29,9889.22
2025-12-24,9889.2,9893.15,9862.04,9870.68
2025-12-29,9870.69,9892.79,9858.46,9866.53
2025-12-30,9866.53,9954.32,9859.77,9940.71
2025-12-31,9940.7,9950.11,9916.7,9931.38
2026-01-02,9931.29,10046.25,9930.76,9951.14
2026-01-05,9951.45,10022.05,9951.45,10004.57
2026-01-06,10004.4,10158.41,10003.77,10122.73
2026-01-07,10122.76,10124.75,10032.74,10048.21
2026-01-08,10048.36,10059.42,9995.91,10044.69
2026-01-09,10044.7,10135.7,10032.92,10124.6
2026-01-12,10124.47,10149.71,10089.93,10140.7
2026-01-13,10140.7,10152.48,10097.14,10137.35
2026-01-14,10137.31,10184.35,10135.35,10184.35
2026-01-15,10184.39,10250.45,10173.53,10238.94
2026-01-16,10238.94,10257.75,10212.78,10235.29
2026-01-19,10235.31,10235.31,10166.27,10195.35
2026-01-20,10195.16,10195.16,10050.22,10126.78
2026-01-21,10126.88,10161.54,10093.67,10138.09
2026-01-22,10138.09,10226.54,10138.09,10150.05
2026-01-23,10150.05,10184.14,10131.83,10143.44
2026-01-26,10143.14,10184.9,10125.28,10148.85
2026-01-27,10148.98,10228.16,10147.48,10207.8
2026-01-28,10207.63,10225.52,10144.65,10154.43
2026-01-29,10154.18,10277.72,10154.17,10171.76
2026-01-30,10171.8,10234.01,10141.61,10223.54
2026-02-02,10223.72,10345.48,10145.36,10341.56
2026-02-03,10341.32,10373.28,10232.19,10314.59
2026-02-04,10314.5,10481.54,10307.97,10402.34
2026-02-05,10402.55,10404.03,10289.29,10309.22
2026-02-06,10309.05,10380.52,10253.15,10369.75
2026-02-09,10369.83,10420.27,10315.99,10386.23
2026-02-10,10386.22,10402.19,10330.81,10353.84
2026-02-11,10353.82,10493.83,10353.8,10472.11
2026-02-12,10472.17,10535.76,10391.98,10402.44
2026-02-13,10402.48,10454.54,10380.87,10446.35
2026-02-16,10446.25,10490.09,10446.25,10473.69
2026-02-17,10474.04,10556.17,10472.66,10556.17
2026-02-18,10555.99,10715.77,10553.95,10686.18
2026-02-19,10686.37,10687.36,10597.58,10627.04
2026-02-20,10627.04,10745.76,10626.69,10686.89
2026-02-23,10686.75,10738.65,10660.03,10684.74
2026-02-24,10684.85,10717.72,10645.82,10680.59
2026-02-25,10680.65,10806.41,10680.65,10806.41
2026-02-26,10806.37,10856.8,10770.78,10846.7
2026-02-27,10846.87,10934.94,10845.5,10910.55
2026-03-02,10910.98,10910.98,10731.87,10780.11
2026-03-03,10780.25,10780.25,10406.14,10484.13
2026-03-04,10483.91,10588.8,10443.49,10567.65
2026-03-05,10567.72,10636.06,10402.03,10413.94
2026-03-06,10413.64,10481.05,10234.52,10284.75
2026-03-09,10284.96,10284.96,10081.98,10249.52
2026-03-10,10249.17,10447.53,10235.36,10412.24
2026-03-11,10412.32,10412.32,10293.8,10353.77
2026-03-12,10353.81,10355.26,10258.43,10305.15
2026-03-13,10305.48,10367.36,10200.21,10261.15
2026-03-16,10261.1,10376.48,10255.34,10317.69
2026-03-17,10317.63,10436.09,10317.63,10403.6
2026-03-18,10403.54,10447.7,10279.06,10305.29
2026-03-19,10305.61,10305.61,9997.41,10063.5
2026-03-20,10063.25,10127.56,9915.7,9918.33
2026-03-23,9918.48,10036.65,9670.46,9894.15
2026-03-24,9893.96,9972.72,9839.2,9965.16
2026-03-25,9965.17,10118.15,9965.17,10106.84
2026-03-26,10106.99,10106.99,9956.27,9972.17
2026-03-27,9972.3,10024.08,9883.15,9967.35
2026-03-30,9967.47,10135.09,9958.05,10127.96
2026-03-31,10127.9,10245.76,10118.65,10176.45
2026-04-01,10174.94,10396.6,10169.3,10364.79
2026-04-02,10366.34,10465.24,10287.9,10436.29
2026-04-07,10436.2,10487.67,10330.88,10348.79
2026-04-08,10345.93,10687.88,10345.93,10608.88
2026-04-09,10609.57,10643.61,10552.94,10603.48
2026-04-10,10603.55,10657.56,10576.01,10600.53
2026-04-13,10601.45,10607.69,10528.57,10582.96
2026-04-14,10581.91,10630.39,10569.81,10609.06
2026-04-15,10609.21,10640.0,10559.58,10559.58
2026-04-16,10559.58,10645.9,10555.53,10589.99
2026-04-17,10590.35,10667.63,10548.87,10667.63
2026-04-20,10668.44,10683.65,10583.17,10609.08
2026-04-21,10609.37,10634.96,10487.85,10498.09
2026-04-22,10497.92,10523.17,10468.03,10476.46
2026-04-23,10476.75,10477.15,10361.45,10457.01
2026-04-24,10457.68,10462.48,10365.93,10379.08
2026-04-27,10378.53,10410.79,10318.32,10321.09
2026-04-28,10321.8,10381.92,10288.71,10332.79
2026-04-29,10332.9,10338.25,10188.66,10213.11
2026-04-30,10213.32,10387.55,10205.15,10378.82
2026-05-01,10378.35,10378.48,10294.2,10363.93
2026-05-05,10365.38,10365.38,10164.26,10219.11
2026-05-06,10218.76,10488.2,10218.76,10438.66
2026-05-07,10438.62,10440.55,10276.95,10276.95
2026-05-08,10277.4,10278.73,10184.99,10233.07
2026-05-11,10233.56,10286.57,10226.5,10269.43
2026-05-12,10271.17,10271.17,10152.05,10265.32
2026-05-13,10264.91,10360.45,10240.39,10325.35
2026-05-14,10325.17,10375.43,10310.16,10372.93
2026-05-15,10375.39,10375.73,10163.56,10195.37
2026-05-18,10194.75,10337.38,10151.45,10323.75
2026-05-19,10323.69,10408.36,10315.38,10330.55
2026-05-20,10330.7,10458.28,10279.07,10432.34
2026-05-21,10432.54,10471.61,10353.47,10443.47
2026-05-22,10443.11,10497.22,10435.53,10466.26
2026-05-26,10465.62,10557.16,10461.1,10491.39
2026-05-27,10491.22,10522.3,10462.06,10505.01
2026-05-28,10505.38,10505.38,10382.9,10425.96
2026-05-29,10425.85,10462.22,10409.28,10409.28
2026-06-01,10409.34,10409.77,10288.9,10338.95
2026-06-02,10338.38,10395.71,10333.27,10373.51
2026-06-03,10373.9,10383.07,10322.36,10332.3
2026-06-04,10332.46,10360.32,10238.62,10360.32
2026-06-05,10360.28,10415.74,10331.54,10368.05
2026-06-08,10369.05,10409.33,10319.17,10373.2
2026-06-09,10372.77,10372.77,10227.33,10227.33
2026-06-10,10227.38,10263.81,10127.6,10254.81
2026-06-11,10255.16,10370.15,10252.27,10303.88
2026-06-12,10302.68,10471.72,10302.68,10471.72
2026-06-15,10471.37,10570.09,10419.22,10430.62
2026-06-16,10431.26,10523.51,10428.56,10494.21
2026-06-17,10494.4,10508.61,10468.43,10508.61
2026-06-18,10510.16,10510.16,10376.59,10399.7
2026-06-19,10400.46,10418.58,10352.9,10363.27
2026-06-22,10363.58,10443.16,10346.63,10437.85
2026-06-23,10438.24,10462.19,10332.4,10428.85
2026-06-24,10429.02,10469.33,10406.95,10461.63
2026-06-25,10461.52,10575.31,10415.45,10529.89
2026-06-26,10530.18,10530.18,10404.73,10508.02
2026-06-29,10507.83,10521.03,10471.98,10484.22
2026-06-30,10484.31,10613.18,10483.86,10497.12
2026-07-01,10497.6,10508.25,10429.17,10478.34
2026-07-02,10477.76,10694.94,10436.76,10652.87
2026-07-03,10652.81,10701.32,10604.25,10679.03
