Date,GBPUSD_Close
2008-01-01,1.9868
2008-01-02,1.9815
2008-01-03,1.9737
2008-01-04,1.9739
2008-01-07,1.9667
2008-01-08,1.9714
2008-01-09,1.957
2008-01-10,1.9612
2008-01-11,1.9563
2008-01-14,1.954
2008-01-15,1.9572
2008-01-16,1.9624
2008-01-17,1.97
2008-01-18,1.9545
2008-01-22,1.9602
2008-01-23,1.9564
2008-01-24,1.9778
2008-01-25,1.9815
2008-01-28,1.98441
2008-01-29,1.989
2008-01-30,1.9838
2008-01-31,1.99
2008-02-01,1.9657
2008-02-04,1.9746
2008-02-05,1.9644
2008-02-06,1.9602
2008-02-07,1.9422
2008-02-08,1.9455
2008-02-11,1.9493
2008-02-12,1.9596
2008-02-13,1.9618
2008-02-14,1.9694
2008-02-15,1.9604
2008-02-18,1.9501
2008-02-19,1.9478
2008-02-20,1.942
2008-02-21,1.9632
2008-02-22,1.9652
2008-02-25,1.9662
2008-02-26,1.987
2008-02-27,1.9828
2008-02-28,1.9892
2008-02-29,1.9882
2008-03-03,1.9836
2008-03-04,1.9851
2008-03-05,1.9912
2008-03-06,2.0113
2008-03-07,2.0135
2008-03-10,2.0081
2008-03-11,2.0057
2008-03-12,2.0268
2008-03-13,2.0314
2008-03-14,2.0195
2008-03-17,1.9969
2008-03-18,2.0083
2008-03-19,1.9835
2008-03-20,1.985
2008-03-21,1.9823
2008-03-24,1.9874
2008-03-25,2.0022
2008-03-26,2.007
2008-03-27,2.0067
2008-03-28,1.9952
2008-03-31,1.9838
2008-04-02,1.9876
2008-04-03,1.9945
2008-04-04,1.9928
2008-04-07,1.9878
2008-04-08,1.966
2008-04-09,1.9736
2008-04-10,1.9714
2008-04-11,1.9704
2008-04-14,1.9757
2008-04-15,1.9609
2008-04-16,1.971
2008-04-17,1.9899
2008-04-18,1.995
2008-04-21,1.9804
2008-04-22,1.996
2008-04-23,1.9781
2008-04-24,1.9724
2008-04-25,1.9838
2008-04-28,1.9907
2008-04-29,1.9672
2008-04-30,1.9873
2008-05-02,1.9708
2008-05-05,1.9725
2008-05-06,1.9729
2008-05-07,1.9522
2008-05-08,1.9551
2008-05-09,1.9535
2008-05-12,1.9551
2008-05-13,1.946
2008-05-14,1.9463
2008-05-15,1.9471
2008-05-16,1.9578
2008-05-19,1.9491
2008-05-20,1.9675
2008-05-21,1.9709
2008-05-22,1.98
2008-05-23,1.9826
2008-05-26,1.9816
2008-05-27,1.9755
2008-05-28,1.9805
2008-05-29,1.9758
2008-05-30,1.9805
2008-06-02,1.9653
2008-06-03,1.962
2008-06-04,1.9536
2008-06-05,1.9576
2008-06-06,1.97
2008-06-09,1.9736
2008-06-10,1.9531
2008-06-11,1.9635
2008-06-12,1.9468
2008-06-13,1.9465
2008-06-16,1.9644
2008-06-17,1.9574
2008-06-18,1.9584
2008-06-19,1.9719
2008-06-20,1.9733
2008-06-23,1.9652
2008-06-24,1.97
2008-06-25,1.9743
2008-06-26,1.987
2008-06-27,1.99
2008-06-30,1.9927
2008-07-02,1.9918
2008-07-03,1.9825
2008-07-04,1.9827
2008-07-07,1.9761
2008-07-08,1.9679
2008-07-09,1.9819
2008-07-10,1.9772
2008-07-11,1.9883
2008-07-14,1.9935
2008-07-15,2.0032
2008-07-16,1.9984
2008-07-17,1.9975
2008-07-18,1.9981
2008-07-21,2.0015
2008-07-22,1.9923
2008-07-23,1.997
2008-07-24,1.9868
2008-07-25,1.9905
2008-07-28,1.9938
2008-07-29,1.9803
2008-07-30,1.9806
2008-07-31,1.9825
2008-08-01,1.9752
2008-08-02,1.9732
2008-08-03,1.9747
2008-08-04,1.961
2008-08-05,1.9552
2008-08-06,1.9477
2008-08-07,1.9432
2008-08-08,1.9189
2008-08-09,1.9189
2008-08-10,1.9134
2008-08-11,1.9119
2008-08-12,1.8952
2008-08-13,1.8664
2008-08-14,1.8662
2008-08-15,1.864
2008-08-16,1.8641
2008-08-17,1.8649
2008-08-18,1.8647
2008-08-19,1.8676
2008-08-20,1.8628
2008-08-21,1.8763
2008-08-22,1.8508
2008-08-23,1.8532
2008-08-24,1.8502
2008-08-25,1.8493
2008-08-26,1.8388
2008-08-27,1.8352
2008-08-28,1.8295
2008-08-29,1.8211
2008-09-01,1.7905
2008-09-02,1.7813
2008-09-03,1.7728
2008-09-04,1.7612
2008-09-05,1.7658
2008-09-08,1.7619
2008-09-09,1.7618
2008-09-10,1.7525
2008-09-11,1.7553
2008-09-12,1.7945
2008-09-15,1.7954
2008-09-16,1.783
2008-09-17,1.8146
2008-09-18,1.8148
2008-09-19,1.8315
2008-09-22,1.8575
2008-09-23,1.8551
2008-09-24,1.849
2008-09-25,1.8401
2008-09-26,1.8428
2008-09-29,1.8007
2008-09-30,1.7816
2008-10-01,1.7699
2008-10-02,1.764
2008-10-03,1.7716
2008-10-06,1.743
2008-10-07,1.7452
2008-10-08,1.7272
2008-10-09,1.7082
2008-10-10,1.703
2008-10-13,1.7436
2008-10-14,1.7415
2008-10-15,1.7182
2008-10-16,1.734
2008-10-17,1.7285
2008-10-20,1.7128
2008-10-21,1.6675
2008-10-22,1.6198
2008-10-23,1.6214
2008-10-24,1.5923
2008-10-27,1.5532
2008-10-28,1.6085
2008-10-29,1.6364
2008-10-30,1.6368
2008-10-31,1.6068
2008-11-03,1.5766
2008-11-04,1.5932
2008-11-05,1.584
2008-11-06,1.5577
2008-11-07,1.564
2008-11-10,1.5629
2008-11-11,1.5382
2008-11-12,1.489
2008-11-13,1.4901
2008-11-14,1.4749
2008-11-17,1.4991
2008-11-18,1.4957
2008-11-19,1.4976
2008-11-20,1.4736
2008-11-21,1.4935
2008-11-24,1.5145
2008-11-25,1.542
2008-11-26,1.5331
2008-11-27,1.5396
2008-11-28,1.5382
2008-12-01,1.4867
2008-12-02,1.4895
2008-12-03,1.4777
2008-12-04,1.4678
2008-12-05,1.4683
2008-12-08,1.4862
2008-12-09,1.4751
2008-12-10,1.4795
2008-12-11,1.5023
2008-12-12,1.4931
2008-12-15,1.5293
2008-12-16,1.5576
2008-12-17,1.5505
2008-12-18,1.5052
2008-12-19,1.4925
2008-12-22,1.4823
2008-12-23,1.4735
2008-12-24,1.4708
2008-12-25,1.475
2008-12-26,1.4552
2008-12-29,1.4471
2008-12-30,1.4459
2008-12-31,1.4647
2009-01-01,1.4723
2009-01-02,1.4502
2009-01-05,1.4711
2009-01-06,1.4908
2009-01-07,1.5072
2009-01-08,1.5223
2009-01-09,1.5175
2009-01-12,1.4816
2009-01-13,1.4515
2009-01-14,1.4615
2009-01-15,1.4665
2009-01-16,1.4753
2009-01-19,1.4421
2009-01-20,1.3871
2009-01-21,1.3873
2009-01-22,1.388
2009-01-23,1.3792
2009-01-26,1.3971
2009-01-27,1.418
2009-01-28,1.4222
2009-01-29,1.4278
2009-01-30,1.456
2009-02-02,1.4202
2009-02-03,1.4431
2009-02-04,1.4453
2009-02-05,1.4624
2009-02-06,1.479
2009-02-09,1.4852
2009-02-10,1.4556
2009-02-11,1.4352
2009-02-12,1.4289
2009-02-13,1.4356
2009-02-16,1.4293
2009-02-17,1.4235
2009-02-18,1.4245
2009-02-19,1.4258
2009-02-20,1.4435
2009-02-23,1.445
2009-02-24,1.4523
2009-02-25,1.421
2009-02-26,1.4293
2009-02-27,1.4268
2009-03-02,1.4036
2009-03-03,1.4024
2009-03-04,1.4173
2009-03-05,1.4128
2009-03-06,1.4045
2009-03-09,1.3788
2009-03-10,1.379
2009-03-11,1.3837
2009-03-12,1.3926
2009-03-13,1.4002
2009-03-16,1.4074
2009-03-17,1.4056
2009-03-18,1.4282
2009-03-19,1.4499
2009-03-20,1.4419
2009-03-23,1.4561
2009-03-24,1.4701
2009-03-25,1.4553
2009-03-26,1.4461
2009-03-27,1.432
2009-03-30,1.4241
2009-03-31,1.4346
2009-04-01,1.4457
2009-04-02,1.4727
2009-04-03,1.4829
2009-04-06,1.4736
2009-04-07,1.4737
2009-04-08,1.4691
2009-04-09,1.4668
2009-04-10,1.4655
2009-04-13,1.4844
2009-04-14,1.4907
2009-04-15,1.4996
2009-04-16,1.4917
2009-04-17,1.4797
2009-04-20,1.4538
2009-04-21,1.466
2009-04-22,1.4483
2009-04-23,1.4716
2009-04-24,1.4711
2009-04-27,1.4615
2009-04-28,1.4625
2009-04-29,1.4763
2009-04-30,1.4786
2009-05-01,1.4907
2009-05-04,1.5026
2009-05-05,1.5067
2009-05-06,1.5148
2009-05-07,1.503
2009-05-08,1.521
2009-05-11,1.5136
2009-05-12,1.5264
2009-05-13,1.5149
2009-05-14,1.523
2009-05-15,1.5156
2009-05-18,1.5338
2009-05-19,1.5476
2009-05-20,1.5747
2009-05-21,1.5846
2009-05-22,1.591
2009-05-25,1.5906
2009-05-26,1.5935
2009-05-27,1.5957
2009-05-28,1.593
2009-05-29,1.616
2009-06-01,1.6442
2009-06-02,1.6573
2009-06-03,1.631
2009-06-04,1.6108
2009-06-05,1.5985
2009-06-08,1.6037
2009-06-09,1.6305
2009-06-10,1.6354
2009-06-11,1.658
2009-06-12,1.644
2009-06-15,1.6292
2009-06-16,1.6392
2009-06-17,1.6382
2009-06-18,1.6361
2009-06-19,1.652
2009-06-22,1.6343
2009-06-23,1.6435
2009-06-24,1.6427
2009-06-25,1.6368
2009-06-26,1.6524
2009-06-29,1.6574
2009-06-30,1.6463
2009-07-01,1.6494
2009-07-02,1.6345
2009-07-03,1.6289
2009-07-05,1.6305
2009-07-06,1.6291
2009-07-07,1.6078
2009-07-08,1.6037
2009-07-09,1.6329
2009-07-10,1.6214
2009-07-11,1.6213
2009-07-12,1.6195
2009-07-13,1.6269
2009-07-14,1.6336
2009-07-15,1.6423
2009-07-16,1.6407
2009-07-17,1.6327
2009-07-18,1.6377
2009-07-19,1.637
2009-07-20,1.6522
2009-07-21,1.6414
2009-07-22,1.6446
2009-07-23,1.6508
2009-07-24,1.6442
2009-07-25,1.644
2009-07-26,1.6406
2009-07-27,1.6481
2009-07-28,1.6407
2009-07-29,1.6349
2009-07-30,1.6505
2009-07-31,1.6701
2009-08-01,1.6712
2009-08-02,1.6756
2009-08-03,1.6932
2009-08-04,1.695
2009-08-05,1.699
2009-08-06,1.6807
2009-08-07,1.6681
2009-08-08,1.669
2009-08-09,1.6678
2009-08-10,1.6474
2009-08-11,1.6487
2009-08-12,1.6506
2009-08-13,1.6564
2009-08-14,1.654
2009-08-16,1.6465
2009-08-17,1.635
2009-08-18,1.6586
2009-08-19,1.6555
2009-08-20,1.6501
2009-08-21,1.6497
2009-08-23,1.651
2009-08-24,1.6404
2009-08-25,1.6312
2009-08-26,1.6226
2009-08-27,1.6286
2009-08-28,1.6258
2009-08-29,1.6271
2009-08-30,1.6265
2009-08-31,1.6284
2009-09-01,1.6124
2009-09-02,1.628
2009-09-03,1.6324
2009-09-04,1.6389
2009-09-05,1.6374
2009-09-06,1.6414
2009-09-07,1.6336
2009-09-08,1.6514
2009-09-09,1.6532
2009-09-10,1.6652
2009-09-11,1.6676
2009-09-13,1.6652
2009-09-14,1.6604
2009-09-15,1.6487
2009-09-16,1.6474
2009-09-17,1.6434
2009-09-18,1.6266
2009-09-19,1.6266
2009-09-20,1.6249
2009-09-21,1.6215
2009-09-22,1.6381
2009-09-23,1.6353
2009-09-24,1.5947
2009-09-25,1.5972
2009-09-26,1.5972
2009-09-27,1.5859
2009-09-28,1.5887
2009-09-29,1.5967
2009-09-30,1.5998
2009-10-01,1.5894
2009-10-02,1.5874
2009-10-03,1.5874
2009-10-04,1.5928
2009-10-05,1.5946
2009-10-06,1.592
2009-10-07,1.5963
2009-10-08,1.605
2009-10-09,1.5837
2009-10-10,1.5893
2009-10-11,1.5844
2009-10-12,1.5811
2009-10-13,1.5931
2009-10-14,1.6003
2009-10-15,1.6336
2009-10-16,1.6357
2009-10-17,1.635
2009-10-18,1.6351
2009-10-19,1.6407
2009-10-20,1.6377
2009-10-21,1.6617
2009-10-22,1.6626
2009-10-23,1.6309
2009-10-25,1.6268
2009-10-26,1.6292
2009-10-27,1.6392
2009-10-28,1.6373
2009-10-29,1.656
2009-10-30,1.6443
2009-10-31,1.6443
2009-11-02,1.639
2009-11-03,1.6422
2009-11-04,1.6554
2009-11-05,1.6573
2009-11-06,1.66
2009-11-09,1.6776
2009-11-10,1.6733
2009-11-11,1.6572
2009-11-12,1.6582
2009-11-13,1.6665
2009-11-16,1.6834
2009-11-17,1.6822
2009-11-18,1.6737
2009-11-19,1.6651
2009-11-20,1.6455
2009-11-23,1.6604
2009-11-24,1.658
2009-11-25,1.6703
2009-11-26,1.6432
2009-11-27,1.6447
2009-11-30,1.6455
2009-12-01,1.6621
2009-12-02,1.6654
2009-12-03,1.6556
2009-12-04,1.647
2009-12-07,1.6461
2009-12-08,1.624
2009-12-09,1.6278
2009-12-10,1.6275
2009-12-11,1.6245
2009-12-14,1.6308
2009-12-15,1.6266
2009-12-16,1.6324
2009-12-17,1.6158
2009-12-18,1.6135
2009-12-21,1.6052
2009-12-22,1.5964
2009-12-23,1.59652
2009-12-24,1.5969
2009-12-25,1.6014
2009-12-28,1.59977
2009-12-29,1.59
2009-12-30,1.6072
2009-12-31,1.6171
2010-01-01,1.6184
2010-01-02,1.6184
2010-01-03,1.6138
2010-01-04,1.611
2010-01-05,1.59862
2010-01-06,1.602
2010-01-07,1.5932
2010-01-08,1.596
2010-01-09,1.6014
2010-01-10,1.6087
2010-01-11,1.611
2010-01-12,1.6148
2010-01-13,1.62817
2010-01-14,1.6331
2010-01-15,1.6257
2010-01-16,1.6263
2010-01-17,1.6282
2010-01-18,1.635
2010-01-19,1.636
2010-01-20,1.6299
2010-01-21,1.61983
2010-01-22,1.6105
2010-01-23,1.6116
2010-01-24,1.6112
2010-01-25,1.6245
2010-01-26,1.6141
2010-01-27,1.6174
2010-01-28,1.6144
2010-01-29,1.5977
2010-01-30,1.6006
2010-01-31,1.5972
2010-02-01,1.5948
2010-02-02,1.5987
2010-02-03,1.5914
2010-02-04,1.5766
2010-02-05,1.564
2010-02-06,1.561
2010-02-07,1.5598
2010-02-08,1.55716
2010-02-09,1.569
2010-02-10,1.5608
2010-02-11,1.56934
2010-02-12,1.569
2010-02-13,1.56687
2010-02-14,1.5664
2010-02-15,1.56654
2010-02-16,1.5784
2010-02-17,1.5678
2010-02-18,1.54219
2010-02-19,1.5459
2010-02-20,1.5431
2010-02-21,1.5461
2010-02-22,1.5495
2010-02-23,1.54428
2010-02-24,1.54135
2010-02-25,1.5239
2010-02-26,1.5229
2010-02-27,1.5234
2010-02-28,1.5173
2010-03-01,1.4971
2010-03-02,1.5024
2010-03-03,1.5098
2010-03-04,1.5031
2010-03-05,1.5125
2010-03-06,1.511
2010-03-07,1.5144
2010-03-08,1.5038
2010-03-09,1.50137
2010-03-10,1.49662
2010-03-11,1.50651
2010-03-12,1.512
2010-03-14,1.5194
2010-03-15,1.50499
2010-03-16,1.5234
2010-03-17,1.5314
2010-03-18,1.525
2010-03-19,1.5008
2010-03-21,1.4992
2010-03-22,1.51034
2010-03-23,1.50177
2010-03-24,1.4896
2010-03-25,1.4845
2010-03-26,1.48982
2010-03-27,1.4858
2010-03-28,1.4914
2010-03-29,1.49766
2010-03-30,1.507
2010-03-31,1.518
2010-04-01,1.52893
2010-04-02,1.5165
2010-04-04,1.5265
2010-04-05,1.5297
2010-04-06,1.5268
2010-04-07,1.5237
2010-04-08,1.5278
2010-04-09,1.5344
2010-04-11,1.5419
2010-04-12,1.5371
2010-04-13,1.5374
2010-04-14,1.5466
2010-04-15,1.54618
2010-04-16,1.5353
2010-04-17,1.5385
2010-04-18,1.5287
2010-04-19,1.5331
2010-04-20,1.5361
2010-04-21,1.5409
2010-04-22,1.537
2010-04-23,1.5374
2010-04-25,1.53756
2010-04-26,1.54649
2010-04-27,1.5244
2010-04-28,1.52
2010-04-29,1.5353
2010-04-30,1.528
2010-05-01,1.5304
2010-05-02,1.5302
2010-05-03,1.5245
2010-05-04,1.5124
2010-05-05,1.5095
2010-05-06,1.4859
2010-05-07,1.477
2010-05-08,1.4731
2010-05-09,1.4768
2010-05-10,1.4857
2010-05-11,1.4918
2010-05-12,1.4833
2010-05-13,1.4609
2010-05-14,1.4515
2010-05-16,1.4537
2010-05-17,1.4477
2010-05-18,1.4294
2010-05-19,1.4411
2010-05-20,1.43449
2010-05-21,1.4462
2010-05-23,1.446
2010-05-24,1.4406
2010-05-25,1.44081
2010-05-26,1.4384
2010-05-27,1.4551
2010-05-28,1.4438
2010-05-29,1.4491
2010-05-30,1.444
2010-05-31,1.4519
2010-06-01,1.4663
2010-06-02,1.4645
2010-06-03,1.4629
2010-06-04,1.4445
2010-06-05,1.4489
2010-06-06,1.4412
2010-06-07,1.4469
2010-06-08,1.4446
2010-06-09,1.4545
2010-06-10,1.4706
2010-06-11,1.4525
2010-06-12,1.4555
2010-06-13,1.4578
2010-06-14,1.4732
2010-06-15,1.4796
2010-06-16,1.4733
2010-06-17,1.48128
2010-06-18,1.482
2010-06-19,1.48211
2010-06-20,1.4841
2010-06-21,1.4755
2010-06-22,1.4818
2010-06-23,1.4964
2010-06-24,1.4927
2010-06-25,1.5064
2010-06-27,1.5044
2010-06-28,1.5094
2010-06-29,1.505
2010-06-30,1.4942
2010-07-01,1.5161
2010-07-02,1.518
2010-07-03,1.5174
2010-07-04,1.5191
2010-07-05,1.513
2010-07-06,1.514
2010-07-07,1.5175
2010-07-08,1.5152
2010-07-09,1.504
2010-07-10,1.507
2010-07-11,1.5066
2010-07-12,1.50211
2010-07-13,1.51813
2010-07-14,1.52657
2010-07-15,1.5437
2010-07-16,1.5225
2010-07-17,1.529
2010-07-18,1.5301
2010-07-19,1.5221
2010-07-20,1.5286
2010-07-21,1.51807
2010-07-22,1.526885
2010-07-23,1.5428
2010-07-24,1.5417
2010-07-25,1.5425
2010-07-26,1.5487
2010-07-27,1.5585
2010-07-28,1.559
2010-07-29,1.5608
2010-07-30,1.551
2010-07-31,1.5693
2010-08-01,1.5701
2010-08-02,1.5886
2010-08-03,1.5943
2010-08-04,1.5888
2010-08-05,1.5888
2010-08-06,1.594
2010-08-07,1.597
2010-08-08,1.5974
2010-08-09,1.5902
2010-08-10,1.5855
2010-08-11,1.5627
2010-08-12,1.55829
2010-08-13,1.5589
2010-08-14,1.5606
2010-08-15,1.5598
2010-08-16,1.5641
2010-08-17,1.5573
2010-08-18,1.5594
2010-08-19,1.5575
2010-08-20,1.553
2010-08-21,1.5541
2010-08-22,1.5544
2010-08-23,1.5488
2010-08-24,1.5406
2010-08-25,1.5469
2010-08-26,1.5516
2010-08-27,1.5511
2010-08-28,1.55122
2010-08-29,1.5528
2010-08-30,1.5463
2010-08-31,1.5346
2010-09-01,1.5443
2010-09-02,1.5392
2010-09-03,1.546
2010-09-04,1.5449
2010-09-05,1.5448
2010-09-06,1.53921
2010-09-07,1.5344
2010-09-08,1.5472
2010-09-09,1.5425
2010-09-10,1.5353
2010-09-11,1.5382
2010-09-12,1.5366
2010-09-13,1.54229
2010-09-14,1.5531
2010-09-15,1.5631
2010-09-16,1.5626
2010-09-17,1.5619
2010-09-18,1.5633
2010-09-19,1.5642
2010-09-20,1.5544
2010-09-21,1.5612
2010-09-22,1.5642
2010-09-23,1.5673
2010-09-24,1.5825
2010-09-26,1.5825
2010-09-27,1.5807
2010-09-28,1.57994
2010-09-29,1.579
2010-09-30,1.5713
2010-10-01,1.5832
2010-10-03,1.5814
2010-10-04,1.5818
2010-10-05,1.5888
2010-10-06,1.58588
2010-10-07,1.5875
2010-10-08,1.5953
2010-10-09,1.5947
2010-10-10,1.5944
2010-10-11,1.589
2010-10-12,1.581
2010-10-13,1.59
2010-10-14,1.6002
2010-10-15,1.5981
2010-10-16,1.6022
2010-10-17,1.5977
2010-10-18,1.5892
2010-10-19,1.57
2010-10-20,1.584
2010-10-21,1.57077
2010-10-22,1.5677
2010-10-23,1.5683
2010-10-24,1.5674
2010-10-25,1.5707
2010-10-26,1.5846
2010-10-27,1.5774
2010-10-28,1.5939
2010-10-29,1.6021
2010-10-30,1.6038
2010-10-31,1.6045
2010-11-01,1.6054
2010-11-02,1.603
2010-11-03,1.6108
2010-11-04,1.6271
2010-11-05,1.6178
2010-11-06,1.6177
2010-11-07,1.6201
2010-11-08,1.61134
2010-11-09,1.6
2010-11-10,1.6118
2010-11-11,1.61019
2010-11-12,1.6132
2010-11-13,1.6111
2010-11-14,1.6127
2010-11-15,1.6039
2010-11-16,1.58836
2010-11-17,1.5916
2010-11-18,1.6049
2010-11-19,1.5987
2010-11-20,1.59859
2010-11-21,1.5998
2010-11-22,1.5942
2010-11-23,1.58
2010-11-24,1.57894
2010-11-25,1.57564
2010-11-26,1.5592
2010-11-27,1.5585
2010-11-28,1.5584
2010-11-29,1.5554
2010-11-30,1.5565
2010-12-01,1.5607
2010-12-02,1.5588
2010-12-03,1.5769
2010-12-04,1.572
2010-12-05,1.5765
2010-12-06,1.5706
2010-12-07,1.5747
2010-12-08,1.5794
2010-12-09,1.5771
2010-12-10,1.5809
2010-12-11,1.5813
2010-12-12,1.5793
2010-12-13,1.5859
2010-12-14,1.576
2010-12-15,1.5558
2010-12-16,1.5629
2010-12-17,1.5518
2010-12-18,1.553
2010-12-19,1.551
2010-12-20,1.5503
2010-12-21,1.54636
2010-12-22,1.5401
2010-12-23,1.5443
2010-12-24,1.54367
2010-12-25,1.5438
2010-12-26,1.5407
2010-12-27,1.5438
2010-12-28,1.5352
2010-12-29,1.55001
2010-12-30,1.5434
2010-12-31,1.5606
2011-01-01,1.5606
2011-01-02,1.5569
2011-01-03,1.54863
2011-01-04,1.55967
2011-01-05,1.55099
2011-01-06,1.5449
2011-01-07,1.5539
2011-01-08,1.5559
2011-01-09,1.5538
2011-01-10,1.5586
2011-01-11,1.5604
2011-01-12,1.5744
2011-01-13,1.5839
2011-01-14,1.5872
2011-01-15,1.587
2011-01-16,1.58766
2011-01-17,1.58969
2011-01-18,1.5961
2011-01-19,1.59714
2011-01-20,1.5907
2011-01-21,1.6003
2011-01-22,1.5992
2011-01-23,1.599
2011-01-24,1.5979
2011-01-25,1.5814
2011-01-26,1.5924
2011-01-27,1.5923
2011-01-28,1.586
2011-01-29,1.5836
2011-01-30,1.5821
2011-01-31,1.60234
2011-02-01,1.6133
2011-02-02,1.62
2011-02-03,1.61317
2011-02-04,1.6097
2011-02-05,1.6084
2011-02-06,1.6096
2011-02-07,1.6124
2011-02-08,1.6063
2011-02-09,1.6098
2011-02-10,1.6093
2011-02-11,1.6001
2011-02-12,1.6003
2011-02-13,1.6
2011-02-14,1.6022
2011-02-15,1.6138
2011-02-16,1.60889
2011-02-17,1.6172
2011-02-18,1.6233
2011-02-19,1.6239
2011-02-20,1.6247
2011-02-21,1.6226
2011-02-22,1.616
2011-02-23,1.62312
2011-02-24,1.6142
2011-02-25,1.6114
2011-02-26,1.6113
2011-02-27,1.6095
2011-02-28,1.62668
2011-03-01,1.6258
2011-03-02,1.6328
2011-03-03,1.6273
2011-03-04,1.6267
2011-03-05,1.6262
2011-03-06,1.6264
2011-03-07,1.6197
2011-03-08,1.61636
2011-03-09,1.6197
2011-03-10,1.60614
2011-03-11,1.6083
2011-03-12,1.6028
2011-03-13,1.60688
2011-03-14,1.61697
2011-03-15,1.60714
2011-03-16,1.5987
2011-03-17,1.61402
2011-03-18,1.6232
2011-03-19,1.6223
2011-03-20,1.6221
2011-03-21,1.6305
2011-03-22,1.6357
2011-03-23,1.62472
2011-03-24,1.6118
2011-03-25,1.6041
2011-03-26,1.6025
2011-03-27,1.6002
2011-03-28,1.5988
2011-03-29,1.6006
2011-03-30,1.60701
2011-03-31,1.6032
2011-04-01,1.6109
2011-04-02,1.6114
2011-04-03,1.6115
2011-04-04,1.6126
2011-04-05,1.6296
2011-04-06,1.6321
2011-04-07,1.6317
2011-04-08,1.6381
2011-04-09,1.639
2011-04-10,1.6371
2011-04-11,1.6342
2011-04-12,1.6253
2011-04-13,1.6266
2011-04-14,1.6352
2011-04-15,1.6323
2011-04-16,1.6298
2011-04-17,1.63097
2011-04-18,1.6259
2011-04-19,1.632
2011-04-20,1.63912
2011-04-21,1.65138
2011-04-22,1.6506
2011-04-23,1.6505
2011-04-24,1.6522
2011-04-25,1.65
2011-04-26,1.65052
2011-04-27,1.6624
2011-04-28,1.6645
2011-04-29,1.6706
2011-04-30,1.6704
2011-05-01,1.66853
2011-05-02,1.6654
2011-05-03,1.6493
2011-05-04,1.6493
2011-05-05,1.6383
2011-05-06,1.6364
2011-05-07,1.6366
2011-05-08,1.635
2011-05-09,1.6409
2011-05-10,1.63669
2011-05-11,1.6364
2011-05-12,1.6282
2011-05-13,1.6193
2011-05-14,1.6181
2011-05-15,1.6172
2011-05-16,1.6207
2011-05-17,1.6249
2011-05-18,1.61624
2011-05-19,1.6228
2011-05-20,1.6228
2011-05-21,1.6235
2011-05-22,1.6211
2011-05-23,1.61061
2011-05-24,1.6181
2011-05-25,1.6276
2011-05-26,1.63817
2011-05-27,1.6504
2011-05-28,1.6505
2011-05-29,1.6508
2011-05-30,1.6484
2011-05-31,1.6461
2011-06-01,1.6329
2011-06-02,1.636
2011-06-03,1.6423
2011-06-04,1.643
2011-06-05,1.645
2011-06-06,1.6351
2011-06-07,1.6441
2011-06-08,1.6402
2011-06-09,1.6364
2011-06-10,1.6223
2011-06-11,1.625
2011-06-12,1.6223
2011-06-13,1.6369
2011-06-14,1.6375
2011-06-15,1.6192
2011-06-16,1.6157
2011-06-17,1.6191
2011-06-18,1.6173
2011-06-19,1.61755
2011-06-20,1.6204
2011-06-21,1.622
2011-06-22,1.60567
2011-06-23,1.60225
2011-06-24,1.5962
2011-06-25,1.5958
2011-06-26,1.5957
2011-06-27,1.5986
2011-06-28,1.5982
2011-06-29,1.6071
2011-06-30,1.6043
2011-07-01,1.607
2011-07-02,1.6065
2011-07-03,1.6064
2011-07-04,1.6094
2011-07-05,1.6066
2011-07-06,1.6003
2011-07-07,1.5979
2011-07-08,1.6057
2011-07-09,1.6043
2011-07-10,1.6021
2011-07-11,1.5903
2011-07-12,1.5916
2011-07-13,1.61689
2011-07-14,1.6145
2011-07-15,1.6132
2011-07-16,1.6128
2011-07-17,1.6108
2011-07-18,1.60547
2011-07-19,1.6131
2011-07-20,1.6159
2011-07-21,1.632
2011-07-22,1.6298
2011-07-23,1.6301
2011-07-24,1.6311
2011-07-25,1.6277
2011-07-26,1.6419
2011-07-27,1.63248
2011-07-28,1.63654
2011-07-29,1.6423
2011-07-30,1.6416
2011-07-31,1.6407
2011-08-01,1.6302
2011-08-02,1.6276
2011-08-03,1.64324
2011-08-04,1.6233
2011-08-05,1.6388
2011-08-06,1.639
2011-08-07,1.6419
2011-08-08,1.63134
2011-08-09,1.6309
2011-08-10,1.6116
2011-08-11,1.6229
2011-08-12,1.6279
2011-08-15,1.6386
2011-08-16,1.6438
2011-08-17,1.6537
2011-08-18,1.6504
2011-08-19,1.6462
2011-08-20,1.6542
2011-08-21,1.6474
2011-08-22,1.64645
2011-08-23,1.64955
2011-08-24,1.6366
2011-08-25,1.62786
2011-08-26,1.6341
2011-08-27,1.6319
2011-08-28,1.6345
2011-08-29,1.6411
2011-08-30,1.6304
2011-08-31,1.6247
2011-09-01,1.6183
2011-09-02,1.6194
2011-09-03,1.6194
2011-09-04,1.617
2011-09-05,1.6096
2011-09-06,1.5945
2011-09-07,1.59829
2011-09-08,1.59732
2011-09-09,1.5878
2011-09-10,1.5865
2011-09-11,1.585
2011-09-12,1.58561
2011-09-13,1.5783
2011-09-14,1.5766
2011-09-15,1.5791
2011-09-16,1.5785
2011-09-17,1.5778
2011-09-18,1.5721
2011-09-19,1.56551
2011-09-20,1.5732
2011-09-21,1.5507
2011-09-22,1.53579
2011-09-23,1.545
2011-09-24,1.5472
2011-09-25,1.54919
2011-09-26,1.55487
2011-09-27,1.5636
2011-09-28,1.5573
2011-09-29,1.5595
2011-09-30,1.5581
2011-10-01,1.5582
2011-10-02,1.5578
2011-10-03,1.543
2011-10-04,1.54641
2011-10-05,1.5461
2011-10-06,1.54326
2011-10-07,1.5558
2011-10-08,1.5556
2011-10-09,1.5529
2011-10-10,1.5655
2011-10-11,1.55841
2011-10-12,1.5747
2011-10-13,1.5741
2011-10-14,1.5817
2011-10-15,1.5805
2011-10-16,1.5823
2011-10-17,1.5741
2011-10-18,1.5704
2011-10-19,1.5773
2011-10-20,1.5792
2011-10-21,1.5948
2011-10-22,1.5943
2011-10-23,1.594
2011-10-24,1.5994
2011-10-25,1.5995
2011-10-26,1.5962
2011-10-27,1.60832
2011-10-28,1.613
2011-10-29,1.6124
2011-10-30,1.6112
2011-10-31,1.6073
2011-11-01,1.59415
2011-11-02,1.5911
2011-11-03,1.6035
2011-11-04,1.6029
2011-11-05,1.6016
2011-11-06,1.6024
2011-11-07,1.6057
2011-11-08,1.6096
2011-11-09,1.59126
2011-11-10,1.5935
2011-11-11,1.6062
2011-11-12,1.608
2011-11-13,1.6072
2011-11-14,1.5894
2011-11-15,1.5802
2011-11-16,1.57061
2011-11-17,1.5748
2011-11-18,1.5804
2011-11-19,1.5779
2011-11-20,1.5772
2011-11-21,1.5634
2011-11-22,1.5645
2011-11-23,1.55296
2011-11-24,1.54731
2011-11-25,1.5437
2011-11-26,1.5463
2011-11-27,1.5479
2011-11-28,1.5495
2011-11-29,1.55943
2011-11-30,1.57011
2011-12-01,1.568
2011-12-02,1.5594
2011-12-03,1.55986
2011-12-04,1.5605
2011-12-05,1.56363
2011-12-06,1.56049
2011-12-07,1.5699
2011-12-08,1.56346
2011-12-09,1.5667
2011-12-10,1.5637
2011-12-11,1.5651
2011-12-12,1.5579
2011-12-13,1.5472
2011-12-14,1.54696
2011-12-15,1.5519
2011-12-16,1.5544
2011-12-17,1.5522
2011-12-18,1.5519
2011-12-19,1.5507
2011-12-20,1.5667
2011-12-21,1.5667
2011-12-22,1.5675
2011-12-23,1.5585
2011-12-24,1.5611
2011-12-25,1.5593
2011-12-26,1.5617
2011-12-27,1.5662
2011-12-28,1.5441
2011-12-29,1.5408
2011-12-30,1.5521
2011-12-31,1.5521
2012-01-01,1.5521
2012-01-02,1.5515
2012-01-03,1.56406
2012-01-04,1.56076
2012-01-05,1.5494
2012-01-06,1.5408
2012-01-07,1.5428
2012-01-08,1.5416
2012-01-09,1.54571
2012-01-10,1.5479
2012-01-11,1.533
2012-01-12,1.53394
2012-01-13,1.5316
2012-01-14,1.5298
2012-01-15,1.53
2012-01-16,1.5319
2012-01-17,1.53355
2012-01-18,1.543
2012-01-19,1.5481
2012-01-20,1.5574
2012-01-21,1.5539
2012-01-22,1.5543
2012-01-23,1.5576
2012-01-24,1.5622
2012-01-25,1.5657
2012-01-26,1.5682
2012-01-27,1.5728
2012-01-28,1.5716
2012-01-29,1.572
2012-01-30,1.5703
2012-01-31,1.5755
2012-02-01,1.58414
2012-02-02,1.5801
2012-02-03,1.5812
2012-02-04,1.5815
2012-02-05,1.5795
2012-02-06,1.581
2012-02-07,1.5889
2012-02-08,1.58135
2012-02-09,1.5807
2012-02-10,1.5753
2012-02-11,1.5755
2012-02-12,1.5774
2012-02-13,1.5718
2012-02-14,1.5691
2012-02-15,1.5686
2012-02-16,1.5803
2012-02-17,1.5828
2012-02-18,1.583
2012-02-19,1.5872
2012-02-20,1.5824
2012-02-21,1.57882
2012-02-22,1.5667
2012-02-23,1.5742
2012-02-24,1.5873
2012-02-25,1.5872
2012-02-26,1.5883
2012-02-27,1.5829
2012-02-28,1.5914
2012-02-29,1.59181
2012-03-01,1.5953
2012-03-02,1.5833
2012-03-03,1.5834
2012-03-04,1.5834
2012-03-05,1.5872
2012-03-06,1.572
2012-03-07,1.5732
2012-03-08,1.5822
2012-03-09,1.5668
2012-03-10,1.5668
2012-03-11,1.567
2012-03-12,1.5651
2012-03-13,1.5701
2012-03-14,1.5651
2012-03-15,1.5702
2012-03-16,1.5841
2012-03-17,1.584
2012-03-18,1.5839
2012-03-19,1.5887
2012-03-20,1.586
2012-03-21,1.5868
2012-03-22,1.5825
2012-03-23,1.5868
2012-03-24,1.5869
2012-03-25,1.5874
2012-03-26,1.5957
2012-03-27,1.59483
2012-03-28,1.5886
2012-03-29,1.5955
2012-03-30,1.601
2012-03-31,1.601
2012-04-01,1.6019
2012-04-02,1.603
2012-04-03,1.5901
2012-04-04,1.5892
2012-04-05,1.5823
2012-04-06,1.5874
2012-04-07,1.5875
2012-04-08,1.5873
2012-04-09,1.5903
2012-04-10,1.586
2012-04-11,1.5917
2012-04-12,1.5955
2012-04-13,1.5846
2012-04-14,1.5846
2012-04-15,1.585
2012-04-16,1.5902
2012-04-17,1.5932
2012-04-18,1.6015
2012-04-19,1.60559
2012-04-20,1.6122
2012-04-21,1.6124
2012-04-22,1.61252
2012-04-23,1.6122
2012-04-24,1.6143
2012-04-25,1.6162
2012-04-26,1.6172
2012-04-27,1.6265
2012-04-28,1.6256
2012-04-29,1.6264
2012-04-30,1.6267
2012-05-01,1.622
2012-05-02,1.6196
2012-05-03,1.618
2012-05-04,1.6146
2012-05-05,1.6147
2012-05-06,1.6125
2012-05-07,1.6192
2012-05-08,1.6148
2012-05-09,1.613
2012-05-10,1.6133
2012-05-11,1.6066
2012-05-12,1.607
2012-05-13,1.607
2012-05-14,1.6099
2012-05-15,1.599
2012-05-16,1.5913
2012-05-17,1.5785
2012-05-18,1.5811
2012-05-19,1.5816
2012-05-20,1.5804
2012-05-21,1.58241
2012-05-22,1.5766
2012-05-23,1.5698
2012-05-24,1.5664
2012-05-25,1.5664
2012-05-26,1.5663
2012-05-27,1.5689
2012-05-28,1.56809
2012-05-29,1.5629
2012-05-30,1.54716
2012-05-31,1.5403
2012-06-01,1.5361
2012-06-02,1.536
2012-06-03,1.5352
2012-06-04,1.5378
2012-06-05,1.5375
2012-06-06,1.5488
2012-06-07,1.5532
2012-06-08,1.5471
2012-06-09,1.5472
2012-06-10,1.5531
2012-06-11,1.5478
2012-06-12,1.5575
2012-06-13,1.5515
2012-06-14,1.5547
2012-06-15,1.5715
2012-06-16,1.5714
2012-06-17,1.5717
2012-06-18,1.56742
2012-06-19,1.5724
2012-06-20,1.5713
2012-06-21,1.5594
2012-06-22,1.5584
2012-06-23,1.5583
2012-06-24,1.5584
2012-06-25,1.5567
2012-06-26,1.5633
2012-06-27,1.5569
2012-06-28,1.5512
2012-06-29,1.5704
2012-06-30,1.5707
2012-07-01,1.56817
2012-07-02,1.56913
2012-07-03,1.5687
2012-07-04,1.5585
2012-07-05,1.5518
2012-07-06,1.5486
2012-07-07,1.5488
2012-07-08,1.5482
2012-07-09,1.55225
2012-07-10,1.55145
2012-07-11,1.55072
2012-07-12,1.5427
2012-07-13,1.5574
2012-07-14,1.5574
2012-07-15,1.559
2012-07-16,1.5626
2012-07-17,1.5646
2012-07-18,1.5645
2012-07-19,1.5717
2012-07-20,1.5619
2012-07-21,1.5619
2012-07-22,1.5606
2012-07-23,1.5509
2012-07-24,1.55045
2012-07-25,1.549
2012-07-26,1.5689
2012-07-27,1.5738
2012-07-28,1.5746
2012-07-29,1.5732
2012-07-30,1.5708
2012-07-31,1.5667
2012-08-01,1.5543
2012-08-02,1.551
2012-08-03,1.564
2012-08-04,1.5639
2012-08-05,1.56395
2012-08-06,1.55921
2012-08-07,1.56204
2012-08-08,1.5659
2012-08-09,1.563
2012-08-10,1.5685
2012-08-11,1.5686
2012-08-12,1.56781
2012-08-13,1.56816
2012-08-14,1.5675
2012-08-15,1.5676
2012-08-16,1.5734
2012-08-17,1.5694
2012-08-18,1.5697
2012-08-19,1.56901
2012-08-20,1.57108
2012-08-21,1.5714
2012-08-22,1.5876
2012-08-23,1.58577
2012-08-24,1.5804
2012-08-25,1.5804
2012-08-26,1.58167
2012-08-27,1.579
2012-08-28,1.5817
2012-08-29,1.5831
2012-08-30,1.57863
2012-08-31,1.5863
2012-09-01,1.5863
2012-09-02,1.587
2012-09-03,1.58828
2012-09-04,1.587
2012-09-05,1.5899
2012-09-06,1.5929
2012-09-07,1.6009
2012-09-08,1.6007
2012-09-09,1.601
2012-09-10,1.5987
2012-09-11,1.60682
2012-09-12,1.6104
2012-09-13,1.61455
2012-09-14,1.6215
2012-09-15,1.6229
2012-09-16,1.6222
2012-09-17,1.62469
2012-09-18,1.624
2012-09-19,1.62193
2012-09-20,1.62166
2012-09-21,1.6229
2012-09-22,1.6226
2012-09-23,1.6236
2012-09-24,1.62225
2012-09-25,1.619
2012-09-26,1.6166
2012-09-27,1.6233
2012-09-28,1.616
2012-09-29,1.616
2012-09-30,1.614
2012-10-01,1.6131
2012-10-02,1.613
2012-10-03,1.6092
2012-10-04,1.6191
2012-10-05,1.6131
2012-10-06,1.6132
2012-10-07,1.6132
2012-10-08,1.6019
2012-10-09,1.59972
2012-10-10,1.6
2012-10-11,1.6045
2012-10-12,1.6069
2012-10-13,1.6069
2012-10-14,1.6068
2012-10-15,1.607
2012-10-16,1.61151
2012-10-17,1.6139
2012-10-18,1.6056
2012-10-19,1.6004
2012-10-20,1.6005
2012-10-21,1.6
2012-10-22,1.6014
2012-10-23,1.5947
2012-10-24,1.603
2012-10-25,1.6119
2012-10-26,1.6104
2012-10-27,1.6102
2012-10-28,1.6082
2012-10-29,1.603
2012-10-30,1.6072
2012-10-31,1.6131
2012-11-01,1.6131
2012-11-02,1.6023
2012-11-03,1.6031
2012-11-04,1.6018
2012-11-05,1.59844
2012-11-06,1.59908
2012-11-07,1.5978
2012-11-08,1.5976
2012-11-09,1.5894
2012-11-10,1.5894
2012-11-11,1.5891
2012-11-12,1.5874
2012-11-13,1.5873
2012-11-14,1.584
2012-11-15,1.5861
2012-11-16,1.5882
2012-11-17,1.5886
2012-11-18,1.59026
2012-11-19,1.58957
2012-11-20,1.5924
2012-11-21,1.59664
2012-11-22,1.5935
2012-11-23,1.603
2012-11-24,1.6029
2012-11-25,1.6024
2012-11-26,1.60305
2012-11-27,1.6019
2012-11-28,1.6013
2012-11-29,1.6034
2012-11-30,1.6009
2012-12-01,1.6015
2012-12-02,1.60202
2012-12-03,1.60968
2012-12-04,1.60994
2012-12-05,1.60901
2012-12-06,1.6048
2012-12-07,1.6034
2012-12-08,1.6033
2012-12-09,1.6032
2012-12-10,1.6072
2012-12-11,1.61165
2012-12-12,1.6133
2012-12-13,1.61129
2012-12-14,1.6167
2012-12-15,1.6166
2012-12-16,1.6175
2012-12-17,1.6201
2012-12-18,1.62472
2012-12-19,1.6248
2012-12-20,1.627
2012-12-21,1.6164
2012-12-22,1.6164
2012-12-23,1.6155
2012-12-24,1.6125
2012-12-25,1.6136
2012-12-26,1.6126
2012-12-27,1.6115
2012-12-28,1.6168
2012-12-29,1.615
2012-12-30,1.6162
2012-12-31,1.6236
2013-01-01,1.6243
2013-01-02,1.6237
2013-01-03,1.6076
2013-01-04,1.6068
2013-01-05,1.6065
2013-01-06,1.60658
2013-01-07,1.61235
2013-01-08,1.60576
2013-01-09,1.60133
2013-01-10,1.6163
2013-01-11,1.6126
2013-01-12,1.613
2013-01-13,1.6123
2013-01-14,1.60748
2013-01-15,1.6069
2013-01-16,1.5997
2013-01-17,1.59784
2013-01-18,1.5861
2013-01-19,1.5863
2013-01-20,1.58544
2013-01-21,1.5836
2013-01-22,1.5836
2013-01-23,1.5829
2013-01-24,1.5783
2013-01-25,1.5802
2013-01-26,1.5801
2013-01-27,1.5776
2013-01-28,1.5695
2013-01-29,1.57471
2013-01-30,1.5796
2013-01-31,1.5866
2013-02-01,1.5694
2013-02-02,1.5694
2013-02-03,1.5702
2013-02-04,1.5755
2013-02-05,1.5662
2013-02-06,1.566
2013-02-07,1.57112
2013-02-08,1.58
2013-02-09,1.58
2013-02-10,1.5799
2013-02-11,1.565
2013-02-12,1.5676
2013-02-13,1.5531
2013-02-14,1.54901
2013-02-15,1.5512
2013-02-16,1.5513
2013-02-17,1.5478
2013-02-18,1.5479
2013-02-19,1.5424
2013-02-20,1.5226
2013-02-21,1.52586
2013-02-22,1.516
2013-02-23,1.5163
2013-02-24,1.51
2013-02-25,1.516
2013-02-26,1.5127
2013-02-27,1.5163
2013-02-28,1.5161
2013-03-01,1.5037
2013-03-02,1.5036
2013-03-03,1.5034
2013-03-04,1.5132
2013-03-05,1.5133
2013-03-06,1.4993
2013-03-07,1.5024
2013-03-08,1.4923
2013-03-09,1.4922
2013-03-10,1.4907
2013-03-11,1.49023
2013-03-12,1.4902
2013-03-13,1.49233
2013-03-14,1.50879
2013-03-15,1.5112
2013-03-16,1.511
2013-03-17,1.51137
2013-03-18,1.5094
2013-03-19,1.5093
2013-03-20,1.5091
2013-03-21,1.518
2013-03-22,1.5228
2013-03-23,1.5228
2013-03-24,1.525
2013-03-25,1.5176
2013-03-26,1.516
2013-03-27,1.51285
2013-03-28,1.5195
2013-03-29,1.5192
2013-03-30,1.5192
2013-03-31,1.5194
2013-04-01,1.5225
2013-04-02,1.5103
2013-04-03,1.513
2013-04-04,1.5232
2013-04-05,1.5221
2013-04-06,1.5221
2013-04-07,1.5342
2013-04-08,1.5255
2013-04-09,1.53172
2013-04-10,1.53219
2013-04-11,1.5385
2013-04-12,1.5342
2013-04-13,1.5343
2013-04-14,1.5345
2013-04-15,1.52915
2013-04-16,1.536
2013-04-17,1.5237
2013-04-18,1.5287
2013-04-19,1.5228
2013-04-20,1.523
2013-04-21,1.5228
2013-04-22,1.5291
2013-04-23,1.5235
2013-04-24,1.5269
2013-04-25,1.5435
2013-04-26,1.5478
2013-04-27,1.5478
2013-04-28,1.5481
2013-04-29,1.5492
2013-04-30,1.55302
2013-05-01,1.55694
2013-05-02,1.55341
2013-05-03,1.5572
2013-05-04,1.5572
2013-05-05,1.55633
2013-05-06,1.5534
2013-05-07,1.54793
2013-05-08,1.554
2013-05-09,1.54493
2013-05-10,1.5373
2013-05-11,1.5363
2013-05-12,1.5355
2013-05-13,1.5298
2013-05-14,1.5217
2013-05-15,1.5224
2013-05-16,1.52767
2013-05-17,1.5169
2013-05-18,1.5169
2013-05-19,1.5179
2013-05-20,1.5268
2013-05-21,1.5156
2013-05-22,1.5041
2013-05-23,1.5104
2013-05-24,1.5125
2013-05-25,1.5125
2013-05-26,1.5129
2013-05-27,1.51059
2013-05-28,1.5032
2013-05-29,1.5122
2013-05-30,1.5233
2013-05-31,1.5198
2013-06-01,1.519
2013-06-02,1.51943
2013-06-03,1.53173
2013-06-04,1.53094
2013-06-05,1.5404
2013-06-06,1.5595
2013-06-07,1.55553
2013-06-08,1.5557
2013-06-09,1.55271
2013-06-10,1.557
2013-06-11,1.56419
2013-06-12,1.56796
2013-06-13,1.57108
2013-06-14,1.5705
2013-06-15,1.5705
2013-06-16,1.572
2013-06-17,1.5715
2013-06-18,1.5634
2013-06-19,1.5477
2013-06-20,1.5508
2013-06-21,1.54151
2013-06-22,1.5417
2013-06-23,1.53887
2013-06-24,1.5443
2013-06-25,1.5413
2013-06-26,1.5323
2013-06-27,1.52569
2013-06-28,1.52103
2013-06-29,1.5211
2013-06-30,1.5202
2013-07-01,1.5212
2013-07-02,1.5151
2013-07-03,1.5271
2013-07-04,1.5057
2013-07-05,1.4889
2013-07-06,1.4889
2013-07-07,1.4875
2013-07-08,1.495
2013-07-09,1.48585
2013-07-10,1.5164
2013-07-11,1.5175
2013-07-12,1.5109
2013-07-13,1.5109
2013-07-14,1.51
2013-07-15,1.5096
2013-07-16,1.5142
2013-07-17,1.52051
2013-07-18,1.522
2013-07-19,1.5268
2013-07-20,1.5268
2013-07-21,1.52649
2013-07-22,1.5358
2013-07-23,1.53719
2013-07-24,1.5315
2013-07-25,1.5392
2013-07-26,1.5382
2013-07-27,1.5382
2013-07-28,1.53914
2013-07-29,1.5337
2013-07-30,1.5234
2013-07-31,1.5178
2013-08-01,1.5116
2013-08-02,1.52837
2013-08-03,1.5286
2013-08-04,1.52846
2013-08-05,1.53444
2013-08-06,1.5346
2013-08-07,1.549
2013-08-08,1.55359
2013-08-09,1.55034
2013-08-10,1.5505
2013-08-11,1.5506
2013-08-12,1.5453
2013-08-13,1.54448
2013-08-14,1.5505
2013-08-15,1.5636
2013-08-16,1.5627
2013-08-17,1.5627
2013-08-18,1.562
2013-08-19,1.56479
2013-08-20,1.56643
2013-08-21,1.56218
2013-08-22,1.5591
2013-08-23,1.5568
2013-08-24,1.5568
2013-08-25,1.5572
2013-08-26,1.5579
2013-08-27,1.55479
2013-08-28,1.5532
2013-08-29,1.55025
2013-08-30,1.5508
2013-08-31,1.5508
2013-09-01,1.5514
2013-09-02,1.5543
2013-09-03,1.55594
2013-09-04,1.5622
2013-09-05,1.55855
2013-09-06,1.5632
2013-09-07,1.5632
2013-09-08,1.5628
2013-09-09,1.5693
2013-09-10,1.57285
2013-09-11,1.5817
2013-09-12,1.5802
2013-09-13,1.58725
2013-09-14,1.5874
2013-09-15,1.5944
2013-09-16,1.58983
2013-09-17,1.59058
2013-09-18,1.6127
2013-09-19,1.603
2013-09-20,1.60029
2013-09-21,1.6004
2013-09-22,1.60095
2013-09-23,1.604
2013-09-24,1.59989
2013-09-25,1.60745
2013-09-26,1.60362
2013-09-27,1.61357
2013-09-28,1.614
2013-09-29,1.616
2013-09-30,1.619
2013-10-01,1.61957
2013-10-02,1.62233
2013-10-03,1.61601
2013-10-04,1.6008
2013-10-05,1.6008
2013-10-06,1.6039
2013-10-07,1.609
2013-10-08,1.60869
2013-10-09,1.59565
2013-10-10,1.59729
2013-10-11,1.59515
2013-10-12,1.5954
2013-10-13,1.59666
2013-10-14,1.59728
2013-10-15,1.59909
2013-10-16,1.5945
2013-10-17,1.61577
2013-10-18,1.6164
2013-10-19,1.6164
2013-10-20,1.61719
2013-10-21,1.6146
2013-10-22,1.62336
2013-10-23,1.6162
2013-10-24,1.61973
2013-10-25,1.6163
2013-10-26,1.6164
2013-10-27,1.617
2013-10-28,1.61399
2013-10-29,1.6046
2013-10-30,1.6024
2013-10-31,1.60442
2013-11-01,1.5925
2013-11-02,1.5925
2013-11-03,1.59215
2013-11-04,1.59715
2013-11-05,1.6044
2013-11-06,1.60826
2013-11-07,1.6086
2013-11-08,1.60184
2013-11-09,1.601
2013-11-10,1.6001
2013-11-11,1.5985
2013-11-12,1.58874
2013-11-13,1.6041
2013-11-14,1.6051
2013-11-15,1.61151
2013-11-16,1.6111
2013-11-17,1.6112
2013-11-18,1.6114
2013-11-19,1.6133
2013-11-20,1.6097
2013-11-21,1.6186
2013-11-22,1.62224
2013-11-23,1.6223
2013-11-24,1.62305
2013-11-25,1.616
2013-11-26,1.62081
2013-11-27,1.6281
2013-11-28,1.63376
2013-11-29,1.63647
2013-11-30,1.6366
2013-12-01,1.63766
2013-12-02,1.6356
2013-12-03,1.6387
2013-12-04,1.6377
2013-12-05,1.6329
2013-12-06,1.63475
2013-12-07,1.6346
2013-12-08,1.6328
2013-12-09,1.64253
2013-12-10,1.6452
2013-12-11,1.63741
2013-12-12,1.63373
2013-12-13,1.6297
2013-12-14,1.6297
2013-12-15,1.6303
2013-12-16,1.6296
2013-12-17,1.62732
2013-12-18,1.63825
2013-12-19,1.6362
2013-12-20,1.6335
2013-12-21,1.6335
2013-12-22,1.6327
2013-12-23,1.63466
2013-12-24,1.6359
2013-12-25,1.635
2013-12-26,1.64121
2013-12-27,1.6479
2013-12-28,1.6479
2013-12-29,1.64791
2013-12-30,1.6491
2013-12-31,1.6557
2014-01-01,1.6575
2014-01-02,1.64444
2014-01-03,1.64164
2014-01-04,1.6414
2014-01-05,1.6411
2014-01-06,1.64153
2014-01-07,1.6395
2014-01-08,1.6441
2014-01-09,1.64771
2014-01-10,1.64817
2014-01-11,1.6479
2014-01-12,1.6487
2014-01-13,1.63877
2014-01-14,1.64319
2014-01-15,1.63589
2014-01-16,1.6353
2014-01-17,1.6424
2014-01-18,1.6424
2014-01-19,1.6413
2014-01-20,1.64209
2014-01-21,1.64737
2014-01-22,1.6561
2014-01-23,1.663
2014-01-24,1.6482
2014-01-25,1.6482
2014-01-26,1.649
2014-01-27,1.6572
2014-01-28,1.6567
2014-01-29,1.6556
2014-01-30,1.6496
2014-01-31,1.6435
2014-02-01,1.6435
2014-02-02,1.6432
2014-02-03,1.63071
2014-02-04,1.63293
2014-02-05,1.63206
2014-02-06,1.63191
2014-02-07,1.64059
2014-02-08,1.6409
2014-02-09,1.6406
2014-02-10,1.64077
2014-02-11,1.64453
2014-02-12,1.6608
2014-02-13,1.6655
2014-02-14,1.67449
2014-02-15,1.6745
2014-02-16,1.6758
2014-02-17,1.6718
2014-02-18,1.66828
2014-02-19,1.66755
2014-02-20,1.66586
2014-02-21,1.66155
2014-02-22,1.6616
2014-02-23,1.66309
2014-02-24,1.6654
2014-02-25,1.6673
2014-02-26,1.66672
2014-02-27,1.66896
2014-02-28,1.6743
2014-03-01,1.6743
2014-03-02,1.67288
2014-03-03,1.6666
2014-03-04,1.66615
2014-03-05,1.6715
2014-03-06,1.67397
2014-03-07,1.6713
2014-03-08,1.6713
2014-03-09,1.67279
2014-03-10,1.6638
2014-03-11,1.66171
2014-03-12,1.6618
2014-03-13,1.66222
2014-03-14,1.6646
2014-03-15,1.6646
2014-03-16,1.66422
2014-03-17,1.66377
2014-03-18,1.65944
2014-03-19,1.6534
2014-03-20,1.65044
2014-03-21,1.64862
2014-03-22,1.6485
2014-03-23,1.64877
2014-03-24,1.6496
2014-03-25,1.653
2014-03-26,1.65723
2014-03-27,1.66039
2014-03-28,1.66381
2014-03-29,1.6642
2014-03-30,1.66403
2014-03-31,1.66628
2014-04-01,1.6628
2014-04-02,1.66223
2014-04-03,1.65941
2014-04-04,1.6578
2014-04-05,1.6578
2014-04-06,1.65772
2014-04-07,1.66075
2014-04-08,1.6745
2014-04-09,1.67924
2014-04-10,1.6779
2014-04-11,1.67285
2014-04-12,1.6732
2014-04-13,1.6731
2014-04-14,1.67253
2014-04-15,1.6729
2014-04-16,1.67963
2014-04-17,1.67891
2014-04-18,1.6792
2014-04-19,1.6792
2014-04-20,1.6794
2014-04-21,1.6791
2014-04-22,1.68226
2014-04-23,1.6777
2014-04-24,1.68
2014-04-25,1.6804
2014-04-26,1.6799
2014-04-27,1.67987
2014-04-28,1.6809
2014-04-29,1.6822
2014-04-30,1.6874
2014-05-01,1.68892
2014-05-02,1.68726
2014-05-03,1.6873
2014-05-04,1.68752
2014-05-05,1.6866
2014-05-06,1.69735
2014-05-07,1.69529
2014-05-08,1.6932
2014-05-09,1.6852
2014-05-10,1.6852
2014-05-11,1.68564
2014-05-12,1.6866
2014-05-13,1.68277
2014-05-14,1.67655
2014-05-15,1.6791
2014-05-16,1.68131
2014-05-17,1.6815
2014-05-18,1.6823
2014-05-19,1.68112
2014-05-20,1.68348
2014-05-21,1.68973
2014-05-22,1.6867
2014-05-23,1.683
2014-05-24,1.683
2014-05-25,1.6834
2014-05-26,1.6838
2014-05-27,1.68093
2014-05-28,1.6714
2014-05-29,1.67194
2014-05-30,1.6754
2014-05-31,1.6759
2014-06-01,1.6753
2014-06-02,1.6745
2014-06-03,1.6744
2014-06-04,1.67355
2014-06-05,1.68092
2014-06-06,1.6799
2014-06-07,1.6799
2014-06-08,1.6799
2014-06-09,1.68017
2014-06-10,1.6752
2014-06-11,1.6789
2014-06-12,1.6927
2014-06-13,1.69591
2014-06-14,1.697
2014-06-15,1.69723
2014-06-16,1.6976
2014-06-17,1.69594
2014-06-18,1.69883
2014-06-19,1.70368
2014-06-20,1.7011
2014-06-21,1.7011
2014-06-22,1.70178
2014-06-23,1.70287
2014-06-24,1.69838
2014-06-25,1.6985
2014-06-26,1.7028
2014-06-27,1.7035
2014-06-28,1.7037
2014-06-29,1.70346
2014-06-30,1.71041
2014-07-01,1.71478
2014-07-02,1.71602
2014-07-03,1.71534
2014-07-04,1.71579
2014-07-05,1.7158
2014-07-06,1.71559
2014-07-07,1.71326
2014-07-08,1.71314
2014-07-09,1.7155
2014-07-10,1.7128
2014-07-11,1.7114
2014-07-12,1.7114
2014-07-13,1.712
2014-07-14,1.7086
2014-07-15,1.714
2014-07-16,1.7137
2014-07-17,1.7088
2014-07-18,1.7086
2014-07-19,1.7087
2014-07-20,1.7087
2014-07-21,1.7072
2014-07-22,1.70655
2014-07-23,1.7034
2014-07-24,1.69846
2014-07-25,1.6973
2014-07-26,1.6975
2014-07-27,1.6978
2014-07-28,1.698
2014-07-29,1.6944
2014-07-30,1.69103
2014-07-31,1.6886
2014-08-01,1.68178
2014-08-02,1.682
2014-08-03,1.6817
2014-08-04,1.68603
2014-08-05,1.6879
2014-08-06,1.6853
2014-08-07,1.6831
2014-08-08,1.6772
2014-08-09,1.6774
2014-08-10,1.6779
2014-08-11,1.6786
2014-08-12,1.6809
2014-08-13,1.6689
2014-08-14,1.6682
2014-08-15,1.6692
2014-08-16,1.6693
2014-08-17,1.67162
2014-08-18,1.6723
2014-08-19,1.6618
2014-08-20,1.6597
2014-08-21,1.6577
2014-08-22,1.6571
2014-08-23,1.6571
2014-08-24,1.654
2014-08-25,1.6567
2014-08-26,1.65448
2014-08-27,1.65733
2014-08-28,1.6582
2014-08-29,1.6596
2014-08-30,1.6601
2014-08-31,1.6589
2014-09-01,1.6611
2014-09-02,1.6471
2014-09-03,1.6461
2014-09-04,1.63208
2014-09-05,1.63247
2014-09-06,1.6326
2014-09-07,1.62164
2014-09-08,1.6093
2014-09-09,1.6107
2014-09-10,1.6202
2014-09-11,1.6253
2014-09-12,1.62634
2014-09-13,1.6267
2014-09-14,1.6256
2014-09-15,1.62298
2014-09-16,1.62491
2014-09-17,1.62465
2014-09-18,1.64454
2014-09-19,1.6287
2014-09-20,1.6287
2014-09-21,1.6303
2014-09-22,1.6364
2014-09-23,1.6389
2014-09-24,1.6331
2014-09-25,1.63225
2014-09-26,1.62418
2014-09-27,1.6244
2014-09-28,1.6237
2014-09-29,1.62404
2014-09-30,1.62151
2014-10-01,1.6185
2014-10-02,1.6149
2014-10-03,1.5963
2014-10-04,1.5974
2014-10-05,1.5959
2014-10-06,1.60829
2014-10-07,1.60943
2014-10-08,1.6157
2014-10-09,1.6116
2014-10-10,1.6074
2014-10-11,1.6075
2014-10-12,1.60916
2014-10-13,1.60722
2014-10-14,1.58874
2014-10-15,1.5995
2014-10-16,1.6078
2014-10-17,1.60902
2014-10-18,1.6089
2014-10-19,1.6088
2014-10-20,1.616
2014-10-21,1.6109
2014-10-22,1.6044
2014-10-23,1.6034
2014-10-24,1.60885
2014-10-25,1.6089
2014-10-26,1.6088
2014-10-27,1.61227
2014-10-28,1.6141
2014-10-29,1.6003
2014-10-30,1.5995
2014-10-31,1.5997
2014-11-01,1.59802
2014-11-02,1.597
2014-11-03,1.5976
2014-11-04,1.6003
2014-11-05,1.59617
2014-11-06,1.5839
2014-11-07,1.5871
2014-11-08,1.5869
2014-11-09,1.58804
2014-11-10,1.585
2014-11-11,1.5923
2014-11-12,1.5767
2014-11-13,1.5701
2014-11-14,1.56667
2014-11-15,1.5668
2014-11-16,1.5667
2014-11-17,1.56358
2014-11-18,1.56282
2014-11-19,1.5669
2014-11-20,1.56915
2014-11-21,1.5659
2014-11-22,1.5659
2014-11-23,1.5645
2014-11-24,1.5693
2014-11-25,1.57127
2014-11-26,1.57863
2014-11-27,1.5722
2014-11-28,1.5647
2014-11-29,1.5643
2014-11-30,1.561
2014-12-01,1.5731
2014-12-02,1.5645
2014-12-03,1.56924
2014-12-04,1.5676
2014-12-05,1.5582
2014-12-06,1.5582
2014-12-07,1.55642
2014-12-08,1.56485
2014-12-09,1.5685
2014-12-10,1.573
2014-12-11,1.57191
2014-12-12,1.57092
2014-12-13,1.5716
2014-12-14,1.57278
2014-12-15,1.56418
2014-12-16,1.5739
2014-12-17,1.55705
2014-12-18,1.5664
2014-12-19,1.5628
2014-12-20,1.5626
2014-12-21,1.56274
2014-12-22,1.55751
2014-12-23,1.552
2014-12-24,1.5548
2014-12-25,1.5558
2014-12-26,1.5558
2014-12-27,1.5557
2014-12-28,1.5551
2014-12-29,1.55132
2014-12-30,1.5565
2014-12-31,1.5575
2015-01-01,1.55798
2015-01-02,1.53252
2015-01-03,1.5325
2015-01-04,1.5284
2015-01-05,1.5256
2015-01-06,1.5136
2015-01-07,1.5104
2015-01-08,1.50848
2015-01-09,1.5159
2015-01-10,1.5157
2015-01-11,1.5187
2015-01-12,1.5166
2015-01-13,1.5167
2015-01-14,1.5231
2015-01-15,1.5178
2015-01-16,1.5149
2015-01-17,1.51526
2015-01-18,1.514
2015-01-19,1.5087
2015-01-20,1.5143
2015-01-21,1.51421
2015-01-22,1.50061
2015-01-23,1.4989
2015-01-24,1.499
2015-01-25,1.49926
2015-01-26,1.50838
2015-01-27,1.5185
2015-01-28,1.51408
2015-01-29,1.5077
2015-01-30,1.5067
2015-01-31,1.5067
2015-02-01,1.5084
2015-02-02,1.50251
2015-02-03,1.514
2015-02-04,1.5176
2015-02-05,1.5322
2015-02-06,1.5241
2015-02-07,1.5242
2015-02-08,1.5234
2015-02-09,1.52149
2015-02-10,1.5257
2015-02-11,1.5241
2015-02-12,1.5389
2015-02-13,1.5398
2015-02-14,1.5387
2015-02-15,1.5404
2015-02-16,1.5353
2015-02-17,1.53528
2015-02-18,1.5436
2015-02-19,1.5417
2015-02-20,1.5403
2015-02-21,1.539
2015-02-22,1.53861
2015-02-23,1.5452
2015-02-24,1.5437
2015-02-25,1.5526
2015-02-26,1.54153
2015-02-27,1.5433
2015-02-28,1.5432
2015-03-01,1.5404
2015-03-02,1.53575
2015-03-03,1.53652
2015-03-04,1.52626
2015-03-05,1.52461
2015-03-06,1.5034
2015-03-07,1.5032
2015-03-08,1.5057
2015-03-09,1.51021
2015-03-10,1.5077
2015-03-11,1.4933
2015-03-12,1.48916
2015-03-13,1.474
2015-03-14,1.474
2015-03-15,1.4752
2015-03-16,1.48227
2015-03-17,1.47507
2015-03-18,1.49597
2015-03-19,1.47593
2015-03-20,1.495
2015-03-21,1.4948
2015-03-22,1.49389
2015-03-23,1.4949
2015-03-24,1.4832
2015-03-25,1.48751
2015-03-26,1.4857
2015-03-27,1.4874
2015-03-28,1.4871
2015-03-29,1.4883
2015-03-30,1.4808
2015-03-31,1.4828
2015-04-01,1.48346
2015-04-02,1.48276
2015-04-03,1.4827
2015-04-04,1.4914
2015-04-05,1.4928
2015-04-06,1.48877
2015-04-07,1.4821
2015-04-08,1.4875
2015-04-09,1.4715
2015-04-10,1.46321
2015-04-11,1.4638
2015-04-12,1.46392
2015-04-13,1.46668
2015-04-14,1.477
2015-04-15,1.48266
2015-04-16,1.49228
2015-04-17,1.4962
2015-04-18,1.49609
2015-04-19,1.49652
2015-04-20,1.49084
2015-04-21,1.4932
2015-04-22,1.5036
2015-04-23,1.5051
2015-04-24,1.51863
2015-04-25,1.5178
2015-04-26,1.51747
2015-04-27,1.52224
2015-04-28,1.53323
2015-04-29,1.54246
2015-04-30,1.53531
2015-05-01,1.5351
2015-05-02,1.5138
2015-05-03,1.5145
2015-05-04,1.512
2015-05-05,1.5171
2015-05-06,1.5238
2015-05-07,1.54
2015-05-08,1.5439
2015-05-09,1.5459
2015-05-10,1.54341
2015-05-11,1.5576
2015-05-12,1.5667
2015-05-13,1.5734
2015-05-14,1.577
2015-05-15,1.5725
2015-05-16,1.5723
2015-05-17,1.5739
2015-05-18,1.5661
2015-05-19,1.5512
2015-05-20,1.55405
2015-05-21,1.5662
2015-05-22,1.5488
2015-05-23,1.54783
2015-05-25,1.54697
2015-05-26,1.5394
2015-05-27,1.5347
2015-05-28,1.5317
2015-05-29,1.529
2015-05-30,1.52868
2015-06-01,1.5196
2015-06-02,1.5337
2015-06-03,1.53253
2015-06-04,1.536
2015-06-05,1.527
2015-06-06,1.5268
2015-06-08,1.5341
2015-06-09,1.53887
2015-06-10,1.5496
2015-06-11,1.55107
2015-06-12,1.5557
2015-06-15,1.55933
2015-06-16,1.5634
2015-06-17,1.58454
2015-06-18,1.5875
2015-06-19,1.5882
2015-06-22,1.5826
2015-06-23,1.5736
2015-06-24,1.5705
2015-06-25,1.57436
2015-06-26,1.575
2015-06-29,1.5725
2015-06-30,1.5684
2015-07-01,1.5603
2015-07-02,1.5606
2015-07-03,1.5569
2015-07-06,1.55978
2015-07-07,1.546
2015-07-08,1.5367
2015-07-09,1.53702
2015-07-10,1.5524
2015-07-13,1.548
2015-07-14,1.5633
2015-07-15,1.5629
2015-07-16,1.56102
2015-07-17,1.5609
2015-07-18,1.55955
2015-07-20,1.5567
2015-07-21,1.5552
2015-07-22,1.5612
2015-07-23,1.5516
2015-07-24,1.5512
2015-07-27,1.5561
2015-07-28,1.56071
2015-07-29,1.55991
2015-07-30,1.56021
2015-07-31,1.5623
2015-08-01,1.562
2015-08-03,1.5587
2015-08-04,1.5563
2015-08-05,1.5602
2015-08-06,1.5512
2015-08-07,1.5495
2015-08-08,1.5492
2015-08-10,1.55835
2015-08-11,1.5579
2015-08-12,1.561
2015-08-13,1.5613
2015-08-14,1.5641
2015-08-17,1.5582
2015-08-18,1.56627
2015-08-19,1.5681
2015-08-20,1.5687
2015-08-21,1.5697
2015-08-22,1.5685
2015-08-24,1.5758
2015-08-25,1.56932
2015-08-26,1.5477
2015-08-27,1.5409
2015-08-28,1.5391
2015-08-29,1.53852
2015-08-31,1.53635
2015-09-01,1.53021
2015-09-02,1.5303
2015-09-03,1.52584
2015-09-04,1.5169
2015-09-05,1.51585
2015-09-07,1.52765
2015-09-08,1.5396
2015-09-09,1.5355
2015-09-10,1.54388
2015-09-11,1.54275
2015-09-14,1.5425
2015-09-15,1.5342
2015-09-16,1.5519
2015-09-17,1.5565
2015-09-18,1.5531
2015-09-19,1.5533
2015-09-21,1.5505
2015-09-22,1.535
2015-09-23,1.5246
2015-09-24,1.5226
2015-09-25,1.51794
2015-09-26,1.51795
2015-09-28,1.516
2015-09-29,1.5154
2015-09-30,1.5119
2015-10-01,1.5137
2015-10-02,1.5181
2015-10-03,1.5176
2015-10-05,1.5151
2015-10-06,1.5224
2015-10-07,1.5313
2015-10-08,1.5348
2015-10-09,1.5307
2015-10-12,1.5335
2015-10-13,1.5253
2015-10-14,1.5475
2015-10-15,1.547
2015-10-16,1.5434
2015-10-19,1.5467
2015-10-20,1.5444
2015-10-21,1.54216
2015-10-22,1.5381
2015-10-23,1.5313
2015-10-26,1.53563
2015-10-27,1.531
2015-10-28,1.5267
2015-10-29,1.5319
2015-10-30,1.5427
2015-10-31,1.54237
2015-11-02,1.54212
2015-11-03,1.54177
2015-11-04,1.53877
2015-11-05,1.52082
2015-11-06,1.5048
2015-11-07,1.5049
2015-11-09,1.51186
2015-11-10,1.51353
2015-11-11,1.522
2015-11-12,1.52314
2015-11-13,1.5233
2015-11-16,1.52001
2015-11-17,1.5215
2015-11-18,1.5238
2015-11-19,1.52841
2015-11-20,1.519
2015-11-21,1.5185
2015-11-22,1.51867
2015-11-23,1.51247
2015-11-24,1.5083
2015-11-25,1.51216
2015-11-26,1.50974
2015-11-27,1.50296
2015-11-28,1.5036
2015-11-30,1.5055
2015-12-01,1.5074
2015-12-02,1.49451
2015-12-03,1.5131
2015-12-04,1.511
2015-12-07,1.50479
2015-12-08,1.50076
2015-12-09,1.5179
2015-12-10,1.5157
2015-12-11,1.5216
2015-12-12,1.5218
2015-12-14,1.5156
2015-12-15,1.504
2015-12-16,1.4972
2015-12-17,1.4926
2015-12-18,1.48908
2015-12-19,1.4892
2015-12-21,1.4895
2015-12-22,1.4818
2015-12-23,1.48726
2015-12-24,1.49107
2015-12-25,1.4915
2015-12-26,1.46962
2015-12-28,1.4888
2015-12-29,1.48198
2015-12-30,1.4815
2015-12-31,1.47363
2016-01-01,1.4743
2016-01-02,1.47273
2016-01-03,1.4733
2016-01-04,1.47119
2016-01-05,1.46704
2016-01-06,1.4626
2016-01-07,1.4621
2016-01-08,1.45176
2016-01-09,1.4513
2016-01-10,1.4521
2016-01-11,1.454
2016-01-12,1.4434
2016-01-13,1.4405
2016-01-14,1.442
2016-01-15,1.42531
2016-01-16,1.4249
2016-01-17,1.4271
2016-01-18,1.4251
2016-01-19,1.4179
2016-01-20,1.4196
2016-01-21,1.42232
2016-01-22,1.42642
2016-01-23,1.4264
2016-01-24,1.42547
2016-01-25,1.42397
2016-01-26,1.4339
2016-01-27,1.4244
2016-01-28,1.4356
2016-01-29,1.4245
2016-01-31,1.4242
2016-02-01,1.4422
2016-02-02,1.4406
2016-02-03,1.45846
2016-02-04,1.45775
2016-02-05,1.45001
2016-02-06,1.45
2016-02-07,1.45082
2016-02-08,1.4433
2016-02-09,1.4462
2016-02-10,1.45217
2016-02-11,1.4476
2016-02-12,1.4502
2016-02-14,1.4513
2016-02-15,1.44495
2016-02-16,1.4301
2016-02-17,1.4278
2016-02-18,1.43298
2016-02-19,1.44037
2016-02-20,1.4405
2016-02-21,1.426
2016-02-22,1.4147
2016-02-23,1.401
2016-02-24,1.3927
2016-02-25,1.3963
2016-02-26,1.3869
2016-02-28,1.3861
2016-02-29,1.39263
2016-03-01,1.3959
2016-03-02,1.4077
2016-03-03,1.417
2016-03-04,1.4227
2016-03-06,1.42125
2016-03-07,1.4256
2016-03-08,1.4205
2016-03-09,1.42037
2016-03-10,1.4285
2016-03-11,1.43829
2016-03-13,1.4376
2016-03-14,1.42788
2016-03-15,1.41549
2016-03-16,1.42522
2016-03-17,1.4473
2016-03-18,1.448
2016-03-19,1.448
2016-03-20,1.4463
2016-03-21,1.43664
2016-03-22,1.4223
2016-03-23,1.41135
2016-03-24,1.4128
2016-03-25,1.4153
2016-03-27,1.4126
2016-03-28,1.4258
2016-03-29,1.43837
2016-03-30,1.4371
2016-03-31,1.43651
2016-04-01,1.4225
2016-04-02,1.4225
2016-04-03,1.42224
2016-04-04,1.42619
2016-04-05,1.41547
2016-04-06,1.41338
2016-04-07,1.40545
2016-04-08,1.41227
2016-04-09,1.4125
2016-04-10,1.41281
2016-04-11,1.423
2016-04-12,1.42647
2016-04-13,1.4189
2016-04-14,1.4141
2016-04-15,1.4194
2016-04-17,1.4174
2016-04-18,1.42899
2016-04-19,1.43875
2016-04-20,1.4336
2016-04-21,1.43211
2016-04-22,1.4401
2016-04-24,1.44422
2016-04-25,1.4486
2016-04-26,1.4572
2016-04-27,1.45383
2016-04-28,1.4608
2016-04-29,1.46075
2016-04-30,1.4614
2016-05-01,1.4598
2016-05-02,1.4662
2016-05-03,1.4547
2016-05-04,1.4503
2016-05-05,1.44907
2016-05-06,1.44286
2016-05-08,1.4428
2016-05-09,1.4413
2016-05-10,1.4448
2016-05-11,1.4435
2016-05-12,1.44439
2016-05-13,1.4365
2016-05-15,1.43461
2016-05-16,1.44439
2016-05-17,1.4452
2016-05-18,1.4593
2016-05-19,1.4597
2016-05-20,1.44974
2016-05-22,1.44894
2016-05-23,1.4478
2016-05-24,1.46095
2016-05-25,1.4694
2016-05-26,1.46631
2016-05-27,1.4617
2016-05-29,1.4623
2016-05-30,1.463
2016-05-31,1.448
2016-06-01,1.44172
2016-06-02,1.44058
2016-06-03,1.45129
2016-06-05,1.4381
2016-06-06,1.44564
2016-06-07,1.454
2016-06-08,1.4514
2016-06-09,1.44608
2016-06-10,1.4254
2016-06-12,1.4186
2016-06-13,1.42031
2016-06-14,1.4121
2016-06-15,1.4193
2016-06-16,1.42915
2016-06-17,1.4356
2016-06-19,1.45826
2016-06-20,1.4671
2016-06-21,1.46651
2016-06-22,1.4782
2016-06-23,1.4874
2016-06-24,1.3679
2016-06-26,1.34442
2016-06-27,1.3231
2016-06-28,1.3346
2016-06-29,1.34617
2016-06-30,1.3324
2016-07-01,1.3262
2016-07-02,1.3262
2016-07-03,1.328
2016-07-04,1.3278
2016-07-05,1.2952
2016-07-06,1.29216
2016-07-07,1.29135
2016-07-08,1.2946
2016-07-09,1.2946
2016-07-10,1.29428
2016-07-11,1.29798
2016-07-12,1.32762
2016-07-13,1.31161
2016-07-14,1.33531
2016-07-15,1.3191
2016-07-16,1.3189
2016-07-17,1.32267
2016-07-18,1.32652
2016-07-19,1.31054
2016-07-20,1.32576
2016-07-21,1.32382
2016-07-22,1.31114
2016-07-24,1.31267
2016-07-25,1.31044
2016-07-26,1.31497
2016-07-27,1.32347
2016-07-28,1.31577
2016-07-29,1.3228
2016-07-30,1.3228
2016-07-31,1.32134
2016-08-01,1.31813
2016-08-02,1.33357
2016-08-03,1.33246
2016-08-04,1.31256
2016-08-05,1.3071
2016-08-07,1.30839
2016-08-08,1.30312
2016-08-09,1.30038
2016-08-10,1.3017
2016-08-11,1.29512
2016-08-12,1.29158
2016-08-14,1.2908
2016-08-15,1.28806
2016-08-16,1.30305
2016-08-17,1.30426
2016-08-18,1.31611
2016-08-19,1.30747
2016-08-21,1.30545
2016-08-22,1.31321
2016-08-23,1.3192
2016-08-24,1.3235
2016-08-25,1.31924
2016-08-26,1.3137
2016-08-27,1.3137
2016-08-28,1.3128
2016-08-29,1.3107
2016-08-30,1.30907
2016-08-31,1.31319
2016-09-01,1.3272
2016-09-02,1.3293
2016-09-03,1.3293
2016-09-04,1.32932
2016-09-05,1.33106
2016-09-06,1.34189
2016-09-07,1.33386
2016-09-08,1.3306
2016-09-09,1.32643
2016-09-10,1.3269
2016-09-11,1.32718
2016-09-12,1.33371
2016-09-13,1.31924
2016-09-14,1.32631
2016-09-15,1.32443
2016-09-16,1.3
2016-09-17,1.3
2016-09-18,1.3013
2016-09-19,1.304
2016-09-20,1.29831
2016-09-21,1.30333
2016-09-22,1.30836
2016-09-23,1.2972
2016-09-24,1.2968
2016-09-25,1.29773
2016-09-26,1.29663
2016-09-27,1.30101
2016-09-28,1.30383
2016-09-29,1.29631
2016-09-30,1.2975
2016-10-01,1.2962
2016-10-02,1.29292
2016-10-03,1.28538
2016-10-04,1.27296
2016-10-05,1.27536
2016-10-06,1.23913
2016-10-07,1.24346
2016-10-09,1.24325
2016-10-10,1.2338
2016-10-11,1.22713
2016-10-12,1.21862
2016-10-13,1.22207
2016-10-14,1.21846
2016-10-15,1.2189
2016-10-16,1.21777
2016-10-17,1.2219
2016-10-18,1.23027
2016-10-19,1.22897
2016-10-20,1.22558
2016-10-21,1.2235
2016-10-22,1.2245
2016-10-23,1.22148
2016-10-24,1.22159
2016-10-25,1.2176
2016-10-26,1.2246
2016-10-27,1.21685
2016-10-28,1.2188
2016-10-29,1.2191
2016-10-30,1.22111
2016-10-31,1.22345
2016-11-01,1.22355
2016-11-02,1.23022
2016-11-03,1.2467
2016-11-04,1.2516
2016-11-05,1.2517
2016-11-06,1.24857
2016-11-07,1.23977
2016-11-08,1.23853
2016-11-09,1.24165
2016-11-10,1.25526
2016-11-11,1.26
2016-11-12,1.26
2016-11-13,1.25711
2016-11-14,1.25173
2016-11-15,1.24514
2016-11-16,1.24389
2016-11-17,1.24071
2016-11-18,1.2343
2016-11-19,1.2343
2016-11-20,1.23219
2016-11-21,1.24918
2016-11-22,1.24217
2016-11-23,1.24301
2016-11-24,1.24508
2016-11-25,1.2475
2016-11-26,1.2475
2016-11-27,1.24785
2016-11-28,1.24074
2016-11-29,1.24888
2016-11-30,1.2515
2016-12-01,1.25874
2016-12-02,1.27315
2016-12-03,1.2727
2016-12-04,1.26703
2016-12-05,1.27248
2016-12-06,1.26692
2016-12-07,1.26263
2016-12-08,1.2581
2016-12-09,1.25743
2016-12-10,1.2576
2016-12-11,1.25959
2016-12-12,1.2675
2016-12-13,1.26594
2016-12-14,1.25344
2016-12-15,1.24218
2016-12-16,1.2495
2016-12-17,1.2489
2016-12-18,1.24887
2016-12-19,1.2387
2016-12-20,1.23625
2016-12-21,1.2352
2016-12-22,1.22824
2016-12-23,1.22764
2016-12-24,1.2277
2016-12-25,1.22883
2016-12-26,1.2275
2016-12-27,1.2275
2016-12-28,1.22235
2016-12-29,1.22851
2016-12-30,1.2337
2016-12-31,1.2338
2017-01-01,1.23412
2017-01-02,1.2278
2017-01-03,1.2244
2017-01-04,1.23231
2017-01-05,1.24222
2017-01-06,1.2286
2017-01-07,1.2287
2017-01-08,1.2255
2017-01-09,1.21707
2017-01-10,1.21716
2017-01-11,1.22112
2017-01-12,1.2164
2017-01-13,1.2177
2017-01-14,1.2175
2017-01-15,1.20374
2017-01-16,1.2039
2017-01-17,1.23871
2017-01-18,1.2258
2017-01-19,1.23352
2017-01-20,1.23639
2017-01-21,1.2364
2017-01-22,1.23855
2017-01-23,1.2515
2017-01-24,1.25316
2017-01-25,1.26328
2017-01-26,1.25944
2017-01-27,1.25467
2017-01-28,1.2551
2017-01-29,1.25906
2017-01-30,1.24996
2017-01-31,1.2587
2017-02-01,1.26565
2017-02-02,1.25187
2017-02-03,1.24814
2017-02-04,1.2486
2017-02-05,1.2481
2017-02-06,1.24673
2017-02-07,1.24945
2017-02-08,1.25263
2017-02-09,1.24969
2017-02-10,1.249
2017-02-11,1.249
2017-02-12,1.24826
2017-02-13,1.25213
2017-02-14,1.24688
2017-02-15,1.24688
2017-02-16,1.24877
2017-02-17,1.24074
2017-02-18,1.2411
2017-02-19,1.24326
2017-02-20,1.24713
2017-02-21,1.24862
2017-02-22,1.24528
2017-02-23,1.25543
2017-02-24,1.2466
2017-02-25,1.2467
2017-02-26,1.23973
2017-02-27,1.2437
2017-02-28,1.23769
2017-03-01,1.22713
2017-03-02,1.22732
2017-03-03,1.22928
2017-03-04,1.2294
2017-03-05,1.2299
2017-03-06,1.2238
2017-03-07,1.2203
2017-03-08,1.2173
2017-03-09,1.2155
2017-03-10,1.217
2017-03-12,1.2169
2017-03-13,1.22057
2017-03-14,1.21563
2017-03-15,1.22802
2017-03-16,1.23493
2017-03-17,1.23944
2017-03-18,1.2398
2017-03-19,1.23831
2017-03-20,1.23685
2017-03-21,1.2479
2017-03-22,1.24737
2017-03-23,1.25164
2017-03-24,1.24739
2017-03-25,1.2474
2017-03-26,1.25134
2017-03-27,1.2557
2017-03-28,1.24205
2017-03-29,1.24388
2017-03-30,1.2477
2017-03-31,1.2543
2017-04-01,1.2542
2017-04-02,1.25385
2017-04-03,1.24901
2017-04-04,1.2438
2017-04-05,1.24868
2017-04-06,1.24674
2017-04-07,1.23729
2017-04-08,1.2372
2017-04-09,1.23741
2017-04-10,1.24235
2017-04-11,1.2491
2017-04-12,1.25487
2017-04-13,1.2503
2017-04-14,1.2517
2017-04-15,1.2521
2017-04-16,1.25333
2017-04-17,1.25563
2017-04-18,1.28434
2017-04-19,1.27809
2017-04-20,1.28006
2017-04-21,1.2812
2017-04-22,1.2815
2017-04-23,1.28246
2017-04-24,1.27757
2017-04-25,1.2831
2017-04-26,1.28456
2017-04-27,1.28927
2017-04-28,1.2948
2017-04-29,1.2948
2017-04-30,1.29305
2017-05-01,1.2895
2017-05-02,1.29404
2017-05-03,1.28713
2017-05-04,1.29246
2017-05-05,1.2979
2017-05-06,1.2981
2017-05-07,1.29646
2017-05-08,1.29406
2017-05-09,1.29478
2017-05-10,1.2929
2017-05-11,1.28891
2017-05-12,1.28858
2017-05-13,1.2887
2017-05-14,1.28838
2017-05-15,1.29003
2017-05-16,1.29159
2017-05-17,1.29683
2017-05-18,1.29552
2017-05-19,1.30365
2017-05-20,1.3034
2017-05-21,1.30108
2017-05-22,1.2994
2017-05-23,1.29558
2017-05-24,1.29781
2017-05-25,1.29305
2017-05-26,1.28052
2017-05-27,1.2805
2017-05-28,1.28129
2017-05-29,1.28131
2017-05-30,1.28085
2017-05-31,1.2874
2017-06-01,1.28859
2017-06-02,1.28881
2017-06-03,1.289
2017-06-04,1.28692
2017-06-05,1.29063
2017-06-06,1.29046
2017-06-07,1.29612
2017-06-08,1.27198
2017-06-09,1.27417
2017-06-10,1.2743
2017-06-11,1.2738
2017-06-12,1.26687
2017-06-13,1.27487
2017-06-14,1.27537
2017-06-15,1.27561
2017-06-16,1.27754
2017-06-17,1.278
2017-06-18,1.2776
2017-06-19,1.27302
2017-06-20,1.26315
2017-06-21,1.26746
2017-06-22,1.26771
2017-06-23,1.27189
2017-06-24,1.2717
2017-06-25,1.27424
2017-06-26,1.2723
2017-06-27,1.28119
2017-06-28,1.29403
2017-06-29,1.30102
2017-06-30,1.30263
2017-07-01,1.3027
2017-07-02,1.30153
2017-07-03,1.2945
2017-07-04,1.29354
2017-07-05,1.29308
2017-07-06,1.297
2017-07-07,1.28812
2017-07-08,1.2892
2017-07-09,1.2891
2017-07-10,1.28798
2017-07-11,1.28588
2017-07-12,1.28923
2017-07-13,1.2946
2017-07-14,1.3095
2017-07-15,1.3099
2017-07-16,1.31093
2017-07-17,1.30512
2017-07-18,1.30375
2017-07-19,1.30291
2017-07-20,1.29643
2017-07-21,1.29939
2017-07-22,1.2995
2017-07-23,1.30034
2017-07-24,1.30275
2017-07-25,1.30257
2017-07-26,1.31131
2017-07-27,1.30754
2017-07-28,1.3133
2017-07-29,1.3134
2017-07-30,1.31433
2017-07-31,1.31944
2017-08-01,1.32065
2017-08-02,1.32273
2017-08-03,1.3142
2017-08-04,1.30349
2017-08-05,1.3039
2017-08-06,1.30457
2017-08-07,1.30356
2017-08-08,1.29848
2017-08-09,1.3009
2017-08-10,1.29753
2017-08-11,1.30086
2017-08-12,1.3011
2017-08-13,1.3005
2017-08-14,1.2962
2017-08-15,1.2866
2017-08-16,1.28909
2017-08-17,1.2865
2017-08-18,1.28724
2017-08-19,1.2872
2017-08-20,1.28724
2017-08-21,1.28961
2017-08-22,1.28239
2017-08-23,1.28029
2017-08-24,1.28025
2017-08-25,1.28769
2017-08-26,1.2886
2017-08-27,1.29038
2017-08-28,1.2925
2017-08-29,1.29221
2017-08-30,1.29194
2017-08-31,1.29381
2017-09-01,1.2949
2017-09-02,1.2949
2017-09-03,1.29632
2017-09-04,1.29227
2017-09-05,1.30417
2017-09-06,1.30467
2017-09-07,1.31034
2017-09-08,1.3197
2017-09-09,1.3198
2017-09-10,1.31958
2017-09-11,1.31684
2017-09-12,1.32883
2017-09-13,1.32049
2017-09-14,1.33979
2017-09-15,1.3592
2017-09-16,1.3592
2017-09-17,1.3572
2017-09-18,1.3515
2017-09-19,1.35138
2017-09-20,1.34873
2017-09-21,1.35782
2017-09-22,1.3492
2017-09-23,1.35
2017-09-24,1.35062
2017-09-25,1.3476
2017-09-26,1.3443
2017-09-27,1.33975
2017-09-28,1.34291
2017-09-29,1.3396
2017-09-30,1.33917
2017-10-01,1.3396
2017-10-02,1.32741
2017-10-03,1.3241
2017-10-04,1.3233
2017-10-05,1.31111
2017-10-06,1.3064
2017-10-07,1.3064
2017-10-08,1.30822
2017-10-09,1.31414
2017-10-10,1.3208
2017-10-11,1.32383
2017-10-12,1.32622
2017-10-13,1.3285
2017-10-14,1.3286
2017-10-15,1.3286
2017-10-16,1.3252
2017-10-17,1.3192
2017-10-18,1.32115
2017-10-19,1.31492
2017-10-20,1.319
2017-10-21,1.3195
2017-10-22,1.31893
2017-10-23,1.3205
2017-10-24,1.31278
2017-10-25,1.32726
2017-10-26,1.3127
2017-10-27,1.3127
2017-10-28,1.3125
2017-10-29,1.31328
2017-10-30,1.32114
2017-10-31,1.32909
2017-11-01,1.32542
2017-11-02,1.30521
2017-11-03,1.3075
2017-11-04,1.3078
2017-11-05,1.30788
2017-11-06,1.317
2017-11-07,1.31716
2017-11-08,1.31121
2017-11-09,1.31432
2017-11-10,1.3188
2017-11-11,1.3188
2017-11-12,1.31189
2017-11-13,1.312
2017-11-14,1.31554
2017-11-15,1.31734
2017-11-16,1.31991
2017-11-17,1.3211
2017-11-18,1.3211
2017-11-19,1.32016
2017-11-20,1.32412
2017-11-21,1.32442
2017-11-22,1.3315
2017-11-23,1.3304
2017-11-24,1.3336
2017-11-25,1.3337
2017-11-26,1.3323
2017-11-27,1.3319
2017-11-28,1.3362
2017-11-29,1.34157
2017-11-30,1.3529
2017-12-01,1.3471
2017-12-02,1.3471
2017-12-03,1.34915
2017-12-04,1.34727
2017-12-05,1.34136
2017-12-06,1.33892
2017-12-07,1.34811
2017-12-08,1.3389
2017-12-09,1.3385
2017-12-10,1.3389
2017-12-11,1.33456
2017-12-12,1.33181
2017-12-13,1.34079
2017-12-14,1.34316
2017-12-15,1.332
2017-12-16,1.3322
2017-12-17,1.33156
2017-12-18,1.3378
2017-12-19,1.33852
2017-12-20,1.33706
2017-12-21,1.33789
2017-12-22,1.3361
2017-12-23,1.3358
2017-12-24,1.3363
2017-12-25,1.33738
2017-12-26,1.3373
2017-12-27,1.34024
2017-12-28,1.34391
2017-12-29,1.3512
2017-12-30,1.3514
2017-12-31,1.3514
2018-01-01,1.351
2018-01-02,1.3594
2018-01-03,1.35105
2018-01-04,1.355
2018-01-05,1.3568
2018-01-06,1.35666
2018-01-07,1.35748
2018-01-08,1.35694
2018-01-09,1.35316
2018-01-10,1.3512
2018-01-11,1.35403
2018-01-12,1.3728
2018-01-13,1.3732
2018-01-14,1.37316
2018-01-15,1.37954
2018-01-16,1.3797
2018-01-17,1.38264
2018-01-18,1.38912
2018-01-19,1.3858
2018-01-20,1.3858
2018-01-21,1.3889
2018-01-22,1.3981
2018-01-23,1.4013
2018-01-24,1.4217
2018-01-25,1.4149
2018-01-26,1.4169
2018-01-27,1.41462
2018-01-28,1.41478
2018-01-29,1.4074
2018-01-30,1.41547
2018-01-31,1.41992
2018-02-01,1.42658
2018-02-02,1.4122
2018-02-03,1.4122
2018-02-04,1.41101
2018-02-05,1.39423
2018-02-06,1.39562
2018-02-07,1.3877
2018-02-08,1.39335
2018-02-09,1.3829
2018-02-10,1.3829
2018-02-11,1.3823
2018-02-12,1.385
2018-02-13,1.3884
2018-02-14,1.40137
2018-02-15,1.41027
2018-02-16,1.4027
2018-02-17,1.4027
2018-02-18,1.40298
2018-02-19,1.39915
2018-02-20,1.39993
2018-02-21,1.39089
2018-02-22,1.3951
2018-02-23,1.3967
2018-02-24,1.3966
2018-02-25,1.39668
2018-02-26,1.39652
2018-02-27,1.3905
2018-02-28,1.3752
2018-03-01,1.3774
2018-03-02,1.3806
2018-03-03,1.3806
2018-03-04,1.379
2018-03-05,1.3847
2018-03-06,1.38986
2018-03-07,1.3902
2018-03-08,1.3804
2018-03-09,1.3852
2018-03-10,1.3852
2018-03-11,1.3854
2018-03-12,1.39067
2018-03-13,1.3968
2018-03-14,1.397
2018-03-15,1.3936
2018-03-16,1.3942
2018-03-17,1.3942
2018-03-18,1.39422
2018-03-19,1.40243
2018-03-20,1.40029
2018-03-21,1.41432
2018-03-22,1.41129
2018-03-23,1.4136
2018-03-24,1.4136
2018-03-25,1.41463
2018-03-26,1.42373
2018-03-27,1.41745
2018-03-28,1.40791
2018-03-29,1.4025
2018-03-30,1.4015
2018-03-31,1.4015
2018-04-01,1.40371
2018-04-02,1.40455
2018-04-03,1.40674
2018-04-04,1.40868
2018-04-05,1.40073
2018-04-06,1.4086
2018-04-07,1.4086
2018-04-08,1.40903
2018-04-09,1.4134
2018-04-10,1.4182
2018-04-11,1.4187
2018-04-12,1.42361
2018-04-13,1.4241
2018-04-14,1.4241
2018-04-15,1.4244
2018-04-16,1.4341
2018-04-17,1.42958
2018-04-18,1.4202
2018-04-19,1.40845
2018-04-20,1.4003
2018-04-21,1.4003
2018-04-22,1.40004
2018-04-23,1.39374
2018-04-24,1.39944
2018-04-25,1.3937
2018-04-26,1.39184
2018-04-27,1.3779
2018-04-28,1.3779
2018-04-29,1.3769
2018-04-30,1.377
2018-05-01,1.36085
2018-05-02,1.3572
2018-05-03,1.3571
2018-05-04,1.3528
2018-05-05,1.3534
2018-05-06,1.35311
2018-05-07,1.3568
2018-05-08,1.3552
2018-05-09,1.35435
2018-05-10,1.352
2018-05-11,1.3545
2018-05-12,1.3545
2018-05-13,1.35499
2018-05-14,1.35613
2018-05-15,1.34992
2018-05-16,1.35459
2018-05-17,1.35109
2018-05-18,1.347
2018-05-19,1.347
2018-05-20,1.3477
2018-05-21,1.34313
2018-05-22,1.3439
2018-05-23,1.33693
2018-05-24,1.33824
2018-05-25,1.3307
2018-05-26,1.3307
2018-05-27,1.3308
2018-05-28,1.3313
2018-05-29,1.3253
2018-05-30,1.32827
2018-05-31,1.32883
2018-06-01,1.3348
2018-06-02,1.3345
2018-06-03,1.33535
2018-06-04,1.33154
2018-06-05,1.3406
2018-06-06,1.34205
2018-06-07,1.3415
2018-06-08,1.3394
2018-06-09,1.341
2018-06-10,1.3412
2018-06-11,1.33721
2018-06-12,1.3372
2018-06-13,1.3381
2018-06-14,1.3256
2018-06-15,1.3278
2018-06-16,1.3278
2018-06-17,1.3272
2018-06-18,1.32576
2018-06-19,1.31723
2018-06-20,1.3171
2018-06-21,1.32465
2018-06-22,1.3267
2018-06-23,1.3267
2018-06-24,1.3261
2018-06-25,1.32775
2018-06-26,1.32199
2018-06-27,1.31193
2018-06-28,1.30739
2018-06-29,1.3208
2018-06-30,1.3208
2018-07-01,1.32066
2018-07-02,1.3142
2018-07-03,1.3191
2018-07-04,1.3228
2018-07-05,1.32214
2018-07-06,1.3287
2018-07-07,1.3284
2018-07-08,1.32946
2018-07-09,1.32542
2018-07-10,1.32563
2018-07-11,1.3206
2018-07-12,1.3177
2018-07-13,1.3229
2018-07-14,1.3229
2018-07-15,1.32267
2018-07-16,1.32354
2018-07-17,1.31035
2018-07-18,1.30769
2018-07-19,1.30219
2018-07-20,1.3132
2018-07-21,1.3138
2018-07-22,1.31461
2018-07-23,1.3102
2018-07-24,1.3151
2018-07-25,1.3197
2018-07-26,1.31076
2018-07-27,1.3105
2018-07-28,1.3105
2018-07-29,1.31109
2018-07-30,1.31344
2018-07-31,1.31184
2018-08-01,1.31251
2018-08-02,1.3017
2018-08-03,1.3
2018-08-04,1.3
2018-08-05,1.30024
2018-08-06,1.29427
2018-08-07,1.2945
2018-08-08,1.28781
2018-08-09,1.28275
2018-08-10,1.2768
2018-08-11,1.2768
2018-08-12,1.27574
2018-08-13,1.27615
2018-08-14,1.27175
2018-08-15,1.2691
2018-08-16,1.27119
2018-08-17,1.2755
2018-08-18,1.2755
2018-08-19,1.2745
2018-08-20,1.28033
2018-08-21,1.2905
2018-08-22,1.29035
2018-08-23,1.28083
2018-08-24,1.2844
2018-08-25,1.2844
2018-08-26,1.2859
2018-08-27,1.28957
2018-08-28,1.28667
2018-08-29,1.3036
2018-08-30,1.30098
2018-08-31,1.296
2018-09-01,1.296
2018-09-02,1.2922
2018-09-03,1.28678
2018-09-04,1.28574
2018-09-05,1.29129
2018-09-06,1.29242
2018-09-07,1.292
2018-09-08,1.292
2018-09-09,1.29288
2018-09-10,1.3024
2018-09-11,1.30143
2018-09-12,1.30442
2018-09-13,1.31103
2018-09-14,1.3069
2018-09-15,1.3069
2018-09-16,1.30719
2018-09-17,1.3144
2018-09-18,1.31675
2018-09-19,1.31401
2018-09-20,1.327
2018-09-21,1.3072
2018-09-22,1.3072
2018-09-23,1.30788
2018-09-24,1.31162
2018-09-25,1.31789
2018-09-26,1.317
2018-09-27,1.30744
2018-09-28,1.3029
2018-09-29,1.3029
2018-09-30,1.30374
2018-10-01,1.30427
2018-10-02,1.29789
2018-10-03,1.29395
2018-10-04,1.3023
2018-10-05,1.3119
2018-10-06,1.3122
2018-10-07,1.31255
2018-10-08,1.30918
2018-10-09,1.3154
2018-10-10,1.3206
2018-10-11,1.3233
2018-10-12,1.3153
2018-10-13,1.3153
2018-10-14,1.31029
2018-10-15,1.31536
2018-10-16,1.31862
2018-10-17,1.3101
2018-10-18,1.30196
2018-10-19,1.3071
2018-10-20,1.3071
2018-10-21,1.30645
2018-10-22,1.29648
2018-10-23,1.29801
2018-10-24,1.28857
2018-10-25,1.2824
2018-10-26,1.2832
2018-10-27,1.2832
2018-10-28,1.283
2018-10-29,1.28012
2018-10-30,1.27077
2018-10-31,1.27686
2018-11-01,1.30026
2018-11-02,1.2981
2018-11-03,1.2972
2018-11-04,1.30049
2018-11-05,1.30559
2018-11-06,1.31116
2018-11-07,1.31274
2018-11-08,1.30654
2018-11-09,1.2977
2018-11-10,1.2977
2018-11-11,1.29375
2018-11-12,1.2856
2018-11-13,1.30129
2018-11-14,1.29849
2018-11-15,1.27647
2018-11-16,1.2839
2018-11-17,1.284
2018-11-18,1.28317
2018-11-19,1.28578
2018-11-20,1.2788
2018-11-21,1.2774
2018-11-22,1.2876
2018-11-23,1.2821
2018-11-24,1.2821
2018-11-25,1.281
2018-11-26,1.28124
2018-11-27,1.274
2018-11-28,1.28218
2018-11-29,1.2782
2018-11-30,1.2761
2018-12-01,1.2751
2018-12-02,1.275
2018-12-03,1.27248
2018-12-04,1.27188
2018-12-05,1.27265
2018-12-06,1.27774
2018-12-07,1.273
2018-12-08,1.273
2018-12-09,1.272
2018-12-10,1.25584
2018-12-11,1.24917
2018-12-12,1.26274
2018-12-13,1.2653
2018-12-14,1.2587
2018-12-15,1.2587
2018-12-16,1.25836
2018-12-17,1.26142
2018-12-18,1.2653
2018-12-19,1.26265
2018-12-20,1.26672
2018-12-21,1.2657
2018-12-22,1.2657
2018-12-23,1.26478
2018-12-24,1.2714
2018-12-25,1.26853
2018-12-26,1.26467
2018-12-27,1.26444
2018-12-28,1.2707
2018-12-29,1.2703
2018-12-30,1.2689
2018-12-31,1.2736
2019-01-01,1.27527
2019-01-02,1.252
2019-01-03,1.2626
2019-01-04,1.2729
2019-01-05,1.2729
2019-01-06,1.27332
2019-01-07,1.2782
2019-01-08,1.27363
2019-01-09,1.2797
2019-01-10,1.2751
2019-01-11,1.2851
2019-01-12,1.2851
2019-01-13,1.2848
2019-01-14,1.28735
2019-01-15,1.28709
2019-01-16,1.28844
2019-01-17,1.29827
2019-01-18,1.2882
2019-01-19,1.2881
2019-01-20,1.28502
2019-01-21,1.289
2019-01-22,1.29563
2019-01-23,1.308
2019-01-24,1.31193
2019-01-25,1.3201
2019-01-26,1.3198
2019-01-27,1.3206
2019-01-28,1.31589
2019-01-29,1.3076
2019-01-30,1.31157
2019-01-31,1.31083
2019-02-01,1.309
2019-02-02,1.3089
2019-02-03,1.3076
2019-02-04,1.3028
2019-02-05,1.29558
2019-02-06,1.2933
2019-02-07,1.2948
2019-02-08,1.2943
2019-02-09,1.2949
2019-02-10,1.29354
2019-02-11,1.28624
2019-02-12,1.28911
2019-02-13,1.28542
2019-02-14,1.2797
2019-02-15,1.2895
2019-02-16,1.2895
2019-02-17,1.29047
2019-02-19,1.30592
2019-02-20,1.30441
2019-02-21,1.304
2019-02-22,1.3052
2019-02-23,1.3052
2019-02-24,1.3063
2019-02-25,1.31259
2019-02-26,1.32563
2019-02-27,1.33172
2019-02-28,1.3264
2019-03-01,1.3209
2019-03-03,1.32373
2019-03-04,1.31776
2019-03-05,1.31538
2019-03-06,1.3181
2019-03-07,1.3089
2019-03-08,1.3016
2019-03-09,1.3016
2019-03-10,1.29871
2019-03-11,1.32449
2019-03-12,1.3063
2019-03-13,1.3284
2019-03-14,1.3257
2019-03-15,1.3317
2019-03-16,1.3317
2019-03-17,1.32959
2019-03-18,1.3262
2019-03-19,1.32683
2019-03-20,1.3203
2019-03-21,1.31293
2019-03-22,1.321
2019-03-23,1.3215
2019-03-24,1.3205
2019-03-25,1.32143
2019-03-26,1.3209
2019-03-27,1.31523
2019-03-28,1.3053
2019-03-29,1.3043
2019-03-30,1.3043
2019-03-31,1.30214
2019-04-01,1.3067
2019-04-02,1.31263
2019-04-03,1.31751
2019-04-04,1.30725
2019-04-05,1.3037
2019-04-06,1.3037
2019-04-07,1.30364
2019-04-08,1.30607
2019-04-09,1.30559
2019-04-10,1.3096
2019-04-11,1.30545
2019-04-12,1.3082
2019-04-13,1.3079
2019-04-14,1.30828
2019-04-15,1.3098
2019-04-16,1.3042
2019-04-17,1.30376
2019-04-18,1.29907
2019-04-19,1.2995
2019-04-20,1.2995
2019-04-21,1.29922
2019-04-22,1.29802
2019-04-23,1.29367
2019-04-24,1.2901
2019-04-25,1.28946
2019-04-26,1.2916
2019-04-27,1.2914
2019-04-28,1.29187
2019-04-29,1.29311
2019-04-30,1.3038
2019-05-01,1.30522
2019-05-02,1.30319
2019-05-03,1.3172
2019-05-04,1.3172
2019-05-05,1.31498
2019-05-06,1.30966
2019-05-07,1.3066
2019-05-08,1.30107
2019-05-09,1.30083
2019-05-10,1.2995
2019-05-11,1.2995
2019-05-12,1.3008
2019-05-13,1.29619
2019-05-14,1.29058
2019-05-15,1.28462
2019-05-16,1.27964
2019-05-17,1.2717
2019-05-18,1.2717
2019-05-19,1.27301
2019-05-20,1.27283
2019-05-21,1.27067
2019-05-22,1.26628
2019-05-23,1.26625
2019-05-24,1.2712
2019-05-25,1.2713
2019-05-26,1.2724
2019-05-27,1.26799
2019-05-28,1.2657
2019-05-29,1.26283
2019-05-30,1.26082
2019-05-31,1.2637
2019-06-01,1.2637
2019-06-02,1.26382
2019-06-03,1.26628
2019-06-04,1.27008
2019-06-05,1.26872
2019-06-06,1.26953
2019-06-07,1.2739
2019-06-08,1.2739
2019-06-09,1.2722
2019-06-10,1.26899
2019-06-11,1.2724
2019-06-12,1.2692
2019-06-13,1.2677
2019-06-14,1.2588
2019-06-15,1.2592
2019-06-16,1.2594
2019-06-17,1.25405
2019-06-18,1.25656
2019-06-19,1.26524
2019-06-20,1.27072
2019-06-21,1.2741
2019-06-22,1.2729
2019-06-23,1.27496
2019-06-24,1.2737
2019-06-25,1.2688
2019-06-26,1.26941
2019-06-27,1.26728
2019-06-28,1.2694
2019-06-29,1.2694
2019-06-30,1.26931
2019-07-01,1.26434
2019-07-02,1.2596
2019-07-03,1.2581
2019-07-04,1.25811
2019-07-05,1.2521
2019-07-06,1.2521
2019-07-07,1.25241
2019-07-08,1.25146
2019-07-09,1.24574
2019-07-10,1.2507
2019-07-11,1.2521
2019-07-12,1.2571
2019-07-13,1.2571
2019-07-14,1.25706
2019-07-15,1.25173
2019-07-16,1.24107
2019-07-17,1.2431
2019-07-18,1.25409
2019-07-19,1.25
2019-07-20,1.2501
2019-07-21,1.251
2019-07-22,1.2472
2019-07-23,1.2437
2019-07-24,1.2484
2019-07-25,1.24524
2019-07-26,1.238
2019-07-27,1.238
2019-07-28,1.23755
2019-07-29,1.2215
2019-07-30,1.21604
2019-07-31,1.21525
2019-08-01,1.21232
2019-08-02,1.2158
2019-08-03,1.2158
2019-08-04,1.2148
2019-08-05,1.21569
2019-08-06,1.21671
2019-08-07,1.21424
2019-08-08,1.21426
2019-08-09,1.2036
2019-08-10,1.2036
2019-08-11,1.202
2019-08-12,1.2077
2019-08-13,1.20618
2019-08-14,1.2059
2019-08-15,1.20904
2019-08-16,1.215
2019-08-17,1.215
2019-08-18,1.2156
2019-08-19,1.2128
2019-08-20,1.21615
2019-08-21,1.21312
2019-08-22,1.225
2019-08-23,1.2277
2019-08-24,1.2277
2019-08-25,1.22605
2019-08-26,1.22212
2019-08-27,1.22823
2019-08-28,1.22172
2019-08-29,1.21851
2019-08-30,1.2157
2019-08-31,1.2157
2019-09-01,1.2157
2019-09-02,1.2063
2019-09-03,1.2089
2019-09-04,1.2245
2019-09-05,1.23227
2019-09-06,1.228
2019-09-07,1.2283
2019-09-08,1.22826
2019-09-09,1.23443
2019-09-10,1.2353
2019-09-11,1.23332
2019-09-12,1.23281
2019-09-13,1.2505
2019-09-14,1.2505
2019-09-15,1.24956
2019-09-16,1.24259
2019-09-17,1.25008
2019-09-18,1.24695
2019-09-19,1.25234
2019-09-20,1.2469
2019-09-21,1.2468
2019-09-22,1.2469
2019-09-23,1.24329
2019-09-24,1.2483
2019-09-25,1.23581
2019-09-26,1.2326
2019-09-27,1.22874
2019-09-28,1.2287
2019-09-29,1.2292
2019-09-30,1.2289
2019-10-01,1.22913
2019-10-02,1.23028
2019-10-03,1.2341
2019-10-04,1.2332
2019-10-05,1.2332
2019-10-06,1.23331
2019-10-07,1.22869
2019-10-08,1.22184
2019-10-09,1.22113
2019-10-10,1.24318
2019-10-11,1.2647
2019-10-12,1.265
2019-10-13,1.2617
2019-10-14,1.26094
2019-10-15,1.27588
2019-10-16,1.282
2019-10-17,1.28654
2019-10-18,1.2983
2019-10-19,1.2973
2019-10-20,1.28989
2019-10-21,1.29691
2019-10-22,1.28829
2019-10-23,1.2919
2019-10-24,1.28372
2019-10-25,1.2826
2019-10-26,1.2826
2019-10-27,1.2828
2019-10-28,1.28539
2019-10-29,1.28633
2019-10-30,1.29005
2019-10-31,1.29385
2019-11-01,1.2941
2019-11-03,1.29365
2019-11-04,1.28883
2019-11-05,1.288
2019-11-06,1.28561
2019-11-07,1.2819
2019-11-08,1.2774
2019-11-09,1.27815
2019-11-10,1.27936
2019-11-11,1.2853
2019-11-12,1.28509
2019-11-13,1.28522
2019-11-14,1.28805
2019-11-15,1.28859
2019-11-16,1.28959
2019-11-17,1.29192
2019-11-18,1.29488
2019-11-19,1.29279
2019-11-20,1.2925
2019-11-21,1.29183
2019-11-22,1.28294
2019-11-23,1.28294
2019-11-24,1.2849
2019-11-25,1.2896
2019-11-26,1.286
2019-11-27,1.2928
2019-11-28,1.29099
2019-11-29,1.29092
2019-11-30,1.29102
2019-12-01,1.29118
2019-12-02,1.29379
2019-12-03,1.29966
2019-12-04,1.31089
2019-12-05,1.31579
2019-12-06,1.31322
2019-12-07,1.31322
2019-12-08,1.31383
2019-12-09,1.31446
2019-12-10,1.3128
2019-12-11,1.3199
2019-12-12,1.34736
2019-12-13,1.3329
2019-12-14,1.3329
2019-12-15,1.33522
2019-12-16,1.32708
2019-12-17,1.31211
2019-12-18,1.30839
2019-12-19,1.30171
2019-12-20,1.29965
2019-12-21,1.29965
2019-12-22,1.30042
2019-12-23,1.294
2019-12-24,1.2932
2019-12-25,1.2972
2019-12-26,1.29977
2019-12-27,1.3078
2019-12-28,1.3078
2019-12-29,1.30907
2019-12-30,1.31117
2019-12-31,1.326
2020-01-01,1.3249
2020-01-02,1.31477
2020-01-03,1.30646
2020-01-04,1.30646
2020-01-05,1.30783
2020-01-06,1.31704
2020-01-07,1.31126
2020-01-08,1.31038
2020-01-09,1.3069
2020-01-10,1.3057
2020-01-11,1.3063
2020-01-12,1.30432
2020-01-13,1.29869
2020-01-14,1.30215
2020-01-15,1.30401
2020-01-16,1.3076
2020-01-17,1.3016
2020-01-18,1.3016
2020-01-19,1.30062
2020-01-20,1.3003
2020-01-21,1.3044
2020-01-22,1.31428
2020-01-23,1.3119
2020-01-24,1.30697
2020-01-25,1.30697
2020-01-26,1.30599
2020-01-27,1.30591
2020-01-28,1.3022
2020-01-29,1.3019
2020-01-30,1.3084
2020-01-31,1.32052
2020-02-01,1.32052
2020-02-02,1.31806
2020-02-03,1.29959
2020-02-04,1.30302
2020-02-05,1.29944
2020-02-06,1.29292
2020-02-07,1.2884
2020-02-08,1.2884
2020-02-09,1.28896
2020-02-10,1.2915
2020-02-11,1.29553
2020-02-12,1.29562
2020-02-13,1.3047
2020-02-14,1.30459
2020-02-15,1.30459
2020-02-16,1.30511
2020-02-17,1.3005
2020-02-18,1.29989
2020-02-19,1.29256
2020-02-20,1.28815
2020-02-21,1.2954
2020-02-22,1.2954
2020-02-23,1.29511
2020-02-24,1.2924
2020-02-25,1.30023
2020-02-26,1.29053
2020-02-27,1.28878
2020-02-28,1.2818
2020-02-29,1.2818
2020-03-01,1.28055
2020-03-02,1.27651
2020-03-03,1.28187
2020-03-04,1.287
2020-03-05,1.29492
2020-03-06,1.3047
2020-03-07,1.3048
2020-03-08,1.30948
2020-03-09,1.30725
2020-03-10,1.29077
2020-03-11,1.28161
2020-03-12,1.2565
2020-03-13,1.2269
2020-03-14,1.2269
2020-03-15,1.23963
2020-03-16,1.22637
2020-03-17,1.21194
2020-03-18,1.16219
2020-03-19,1.14899
2020-03-20,1.1649
2020-03-21,1.1649
2020-03-22,1.16194
2020-03-23,1.15917
2020-03-24,1.17902
2020-03-25,1.18481
2020-03-26,1.21967
2020-03-27,1.2454
2020-03-28,1.2454
2020-03-29,1.24505
2020-03-30,1.237
2020-03-31,1.24054
2020-04-01,1.23803
2020-04-02,1.23921
2020-04-03,1.2264
2020-04-04,1.2264
2020-04-05,1.2216
2020-04-06,1.22381
2020-04-07,1.23362
2020-04-08,1.239
2020-04-09,1.2454
2020-04-10,1.2449
2020-04-11,1.2449
2020-04-12,1.24585
2020-04-13,1.25223
2020-04-14,1.26244
2020-04-15,1.252
2020-04-16,1.2487
2020-04-17,1.25
2020-04-18,1.2499
2020-04-19,1.24849
2020-04-20,1.2442
2020-04-21,1.22973
2020-04-22,1.23209
2020-04-23,1.235
2020-04-24,1.23647
2020-04-25,1.23647
2020-04-26,1.2365
2020-04-27,1.24209
2020-04-28,1.24344
2020-04-29,1.24701
2020-04-30,1.25801
2020-05-01,1.2501
2020-05-02,1.2501
2020-05-03,1.24525
2020-05-04,1.24444
2020-05-05,1.2443
2020-05-06,1.2323
2020-05-07,1.23745
2020-05-08,1.2405
2020-05-09,1.2405
2020-05-10,1.2414
2020-05-11,1.233
2020-05-12,1.22515
2020-05-13,1.22401
2020-05-14,1.22317
2020-05-15,1.21
2020-05-16,1.21
2020-05-17,1.20843
2020-05-18,1.21988
2020-05-19,1.22544
2020-05-20,1.2236
2020-05-21,1.22212
2020-05-22,1.21654
2020-05-23,1.21654
2020-05-24,1.21851
2020-05-25,1.22
2020-05-26,1.23314
2020-05-27,1.22632
2020-05-28,1.23199
2020-05-29,1.23428
2020-05-30,1.23428
2020-05-31,1.2345
2020-06-01,1.24855
2020-06-02,1.25793
2020-06-03,1.25724
2020-06-04,1.26068
2020-06-05,1.2666
2020-06-06,1.2666
2020-06-07,1.2724
2020-06-08,1.27342
2020-06-09,1.2711
2020-06-10,1.27087
2020-06-11,1.25737
2020-06-12,1.25406
2020-06-13,1.25406
2020-06-14,1.2506
2020-06-15,1.26362
2020-06-16,1.25836
2020-06-17,1.25507
2020-06-18,1.24248
2020-06-19,1.2348
2020-06-20,1.2348
2020-06-21,1.23465
2020-06-22,1.24996
2020-06-23,1.25233
2020-06-24,1.24116
2020-06-25,1.2423
2020-06-26,1.2337
2020-06-27,1.2337
2020-06-28,1.234
2020-06-29,1.23089
2020-06-30,1.2386
2020-07-01,1.24631
2020-07-02,1.24646
2020-07-03,1.2484
2020-07-04,1.2484
2020-07-05,1.24744
2020-07-06,1.24943
2020-07-07,1.25407
2020-07-08,1.26121
2020-07-09,1.26039
2020-07-10,1.26053
2020-07-11,1.2621
2020-07-12,1.2626
2020-07-13,1.25508
2020-07-14,1.25679
2020-07-15,1.259
2020-07-16,1.2559
2020-07-17,1.2567
2020-07-18,1.2567
2020-07-19,1.25701
2020-07-20,1.2659
2020-07-21,1.273
2020-07-22,1.2729
2020-07-23,1.273
2020-07-24,1.2793
2020-07-25,1.2793
2020-07-26,1.2796
2020-07-27,1.2887
2020-07-28,1.29225
2020-07-29,1.29808
2020-07-30,1.31167
2020-07-31,1.30803
2020-08-01,1.30803
2020-08-02,1.31
2020-08-03,1.3077
2020-08-04,1.30843
2020-08-05,1.31253
2020-08-06,1.31366
2020-08-07,1.305
2020-08-08,1.3052
2020-08-09,1.30507
2020-08-10,1.30758
2020-08-11,1.30497
2020-08-12,1.3044
2020-08-13,1.30697
2020-08-14,1.3086
2020-08-15,1.3086
2020-08-16,1.3105
2020-08-17,1.3104
2020-08-18,1.32526
2020-08-19,1.31092
2020-08-20,1.32192
2020-08-21,1.3088
2020-08-22,1.3088
2020-08-23,1.30928
2020-08-24,1.30696
2020-08-25,1.315
2020-08-26,1.32173
2020-08-27,1.31971
2020-08-28,1.33506
2020-08-29,1.33506
2020-08-30,1.3355
2020-08-31,1.33635
2020-09-01,1.3399
2020-09-02,1.3348
2020-09-03,1.32597
2020-09-04,1.3276
2020-09-05,1.3276
2020-09-06,1.32443
2020-09-07,1.3159
2020-09-08,1.29661
2020-09-09,1.2998
2020-09-10,1.28065
2020-09-11,1.2794
2020-09-12,1.2794
2020-09-13,1.28054
2020-09-14,1.28478
2020-09-15,1.2882
2020-09-16,1.29578
2020-09-17,1.29742
2020-09-18,1.2919
2020-09-19,1.2919
2020-09-20,1.2931
2020-09-21,1.2818
2020-09-22,1.27425
2020-09-23,1.2714
2020-09-24,1.27548
2020-09-25,1.27284
2020-09-26,1.27284
2020-09-27,1.2764
2020-09-28,1.28718
2020-09-29,1.28638
2020-09-30,1.2916
2020-10-01,1.2884
2020-10-02,1.29315
2020-10-03,1.29315
2020-10-04,1.29297
2020-10-05,1.29912
2020-10-06,1.28828
2020-10-07,1.2916
2020-10-08,1.29389
2020-10-09,1.3044
2020-10-10,1.3044
2020-10-11,1.30306
2020-10-12,1.3063
2020-10-13,1.29323
2020-10-14,1.30046
2020-10-15,1.29006
2020-10-16,1.29052
2020-10-17,1.29052
2020-10-18,1.2927
2020-10-19,1.2948
2020-10-20,1.2951
2020-10-21,1.3131
2020-10-22,1.30759
2020-10-23,1.304
2020-10-24,1.304
2020-10-25,1.3052
2020-10-26,1.30149
2020-10-27,1.30294
2020-10-28,1.29888
2020-10-29,1.29306
2020-10-30,1.2947
2020-11-01,1.29253
2020-11-02,1.29222
2020-11-03,1.31172
2020-11-04,1.29641
2020-11-05,1.31376
2020-11-06,1.31423
2020-11-07,1.31423
2020-11-08,1.31792
2020-11-09,1.31684
2020-11-10,1.326
2020-11-11,1.3223
2020-11-12,1.31212
2020-11-13,1.31589
2020-11-14,1.31589
2020-11-15,1.32195
2020-11-16,1.3219
2020-11-17,1.32555
2020-11-18,1.32556
2020-11-19,1.32476
2020-11-20,1.32347
2020-11-22,1.33036
2020-11-23,1.33273
2020-11-24,1.33624
2020-11-25,1.33839
2020-11-26,1.33534
2020-11-27,1.3313
2020-11-28,1.3313
2020-11-29,1.333
2020-11-30,1.3335
2020-12-01,1.3421
2020-12-02,1.33687
2020-12-03,1.34535
2020-12-04,1.3437
2020-12-05,1.3437
2020-12-06,1.34155
2020-12-07,1.33552
2020-12-08,1.33636
2020-12-09,1.33638
2020-12-10,1.33034
2020-12-11,1.3224
2020-12-12,1.3224
2020-12-13,1.33164
2020-12-14,1.33279
2020-12-15,1.3442
2020-12-16,1.35012
2020-12-17,1.35683
2020-12-18,1.3521
2020-12-19,1.3521
2020-12-20,1.34011
2020-12-21,1.34485
2020-12-22,1.33991
2020-12-23,1.3502
2020-12-24,1.3555
2020-12-25,1.3563
2020-12-26,1.3563
2020-12-27,1.35741
2020-12-28,1.34615
2020-12-29,1.34985
2020-12-30,1.36283
2020-12-31,1.3657
2021-01-01,1.3667
2021-01-02,1.3667
2021-01-03,1.36829
2021-01-04,1.35686
2021-01-05,1.36278
2021-01-06,1.3624
2021-01-07,1.35674
2021-01-08,1.3566
2021-01-09,1.3568
2021-01-10,1.35144
2021-01-11,1.35218
2021-01-12,1.36678
2021-01-13,1.3647
2021-01-14,1.3682
2021-01-15,1.3584
2021-01-16,1.3581
2021-01-17,1.35734
2021-01-18,1.35796
2021-01-19,1.36426
2021-01-20,1.36666
2021-01-21,1.37269
2021-01-22,1.3681
2021-01-23,1.3681
2021-01-24,1.36878
2021-01-25,1.3677
2021-01-26,1.374
2021-01-27,1.36681
2021-01-28,1.3723
2021-01-29,1.37
2021-01-30,1.3702
2021-01-31,1.3697
2021-02-01,1.36765
2021-02-02,1.36595
2021-02-03,1.36475
2021-02-04,1.3674
2021-02-05,1.3734
2021-02-06,1.3734
2021-02-07,1.37368
2021-02-08,1.37443
2021-02-09,1.3816
2021-02-10,1.38296
2021-02-11,1.38096
2021-02-12,1.38528
2021-02-13,1.38488
2021-02-14,1.38687
2021-02-15,1.39121
2021-02-16,1.3888
2021-02-17,1.38644
2021-02-18,1.3968
2021-02-19,1.4005
2021-02-20,1.4012
2021-02-21,1.40304
2021-02-22,1.40698
2021-02-23,1.41176
2021-02-24,1.41466
2021-02-25,1.4006
2021-02-26,1.39222
2021-02-27,1.39222
2021-02-28,1.39708
2021-03-01,1.3928
2021-03-02,1.39533
2021-03-03,1.39252
2021-03-04,1.38925
2021-03-05,1.3833
2021-03-06,1.3833
2021-03-07,1.38523
2021-03-08,1.38219
2021-03-09,1.38872
2021-03-10,1.39298
2021-03-11,1.39885
2021-03-12,1.3915
2021-03-13,1.3915
2021-03-14,1.39279
2021-03-15,1.38976
2021-03-16,1.39002
2021-03-17,1.3975
2021-03-18,1.39235
2021-03-19,1.3869
2021-03-20,1.3869
2021-03-21,1.38314
2021-03-22,1.386
2021-03-23,1.37293
2021-03-24,1.36875
2021-03-25,1.3747
2021-03-26,1.379
2021-03-27,1.379
2021-03-28,1.37899
2021-03-29,1.37736
2021-03-30,1.37452
2021-03-31,1.37843
2021-04-01,1.3832
2021-04-02,1.383
2021-04-03,1.383
2021-04-04,1.38293
2021-04-05,1.39115
2021-04-06,1.3831
2021-04-07,1.3741
2021-04-08,1.37329
2021-04-09,1.3704
2021-04-10,1.3705
2021-04-11,1.37109
2021-04-12,1.37521
2021-04-13,1.37584
2021-04-14,1.37768
2021-04-15,1.37819
2021-04-16,1.3834
2021-04-17,1.3832
2021-04-18,1.38169
2021-04-19,1.3991
2021-04-20,1.39369
2021-04-21,1.39303
2021-04-22,1.38371
2021-04-23,1.3875
2021-04-24,1.3875
2021-04-25,1.38632
2021-04-26,1.38939
2021-04-27,1.3901
2021-04-28,1.39533
2021-04-29,1.3949
2021-04-30,1.381
2021-05-01,1.3816
2021-05-02,1.3818
2021-05-03,1.39022
2021-05-04,1.38868
2021-05-05,1.39081
2021-05-06,1.3894
2021-05-07,1.39888
2021-05-08,1.398
2021-05-09,1.40399
2021-05-10,1.4129
2021-05-11,1.41347
2021-05-12,1.406
2021-05-13,1.40456
2021-05-14,1.40966
2021-05-15,1.40966
2021-05-16,1.41
2021-05-17,1.41467
2021-05-18,1.41869
2021-05-19,1.4104
2021-05-20,1.4183
2021-05-21,1.4148
2021-05-22,1.4148
2021-05-23,1.4142
2021-05-24,1.41545
2021-05-25,1.41417
2021-05-26,1.4114
2021-05-27,1.4201
2021-05-28,1.41881
2021-05-29,1.41881
2021-05-30,1.4179
2021-05-31,1.4226
2021-06-01,1.41539
2021-06-02,1.4169
2021-06-03,1.41082
2021-06-04,1.41547
2021-06-05,1.41547
2021-06-06,1.4164
2021-06-07,1.41745
2021-06-08,1.41486
2021-06-09,1.41109
2021-06-10,1.4167
2021-06-11,1.40846
2021-06-12,1.40846
2021-06-13,1.4116
2021-06-14,1.41088
2021-06-15,1.40799
2021-06-16,1.3988
2021-06-17,1.39372
2021-06-18,1.37731
2021-06-19,1.37731
2021-06-20,1.38157
2021-06-21,1.39235
2021-06-22,1.39486
2021-06-23,1.39662
2021-06-24,1.39154
2021-06-25,1.38791
2021-06-26,1.38791
2021-06-27,1.38936
2021-06-28,1.38776
2021-06-29,1.384
2021-06-30,1.3827
2021-07-01,1.37586
2021-07-02,1.38298
2021-07-03,1.3831
2021-07-04,1.383
2021-07-05,1.38528
2021-07-06,1.3803
2021-07-07,1.37982
2021-07-08,1.3788
2021-07-09,1.38996
2021-07-10,1.39
2021-07-11,1.3897
2021-07-12,1.3887
2021-07-13,1.3804
2021-07-14,1.3855
2021-07-15,1.38268
2021-07-16,1.37611
2021-07-17,1.37711
2021-07-18,1.37628
2021-07-19,1.36682
2021-07-20,1.36335
2021-07-21,1.37109
2021-07-22,1.37725
2021-07-23,1.37158
2021-07-24,1.37338
2021-07-25,1.37564
2021-07-26,1.38258
2021-07-27,1.38813
2021-07-28,1.39045
2021-07-29,1.39633
2021-07-30,1.3902
2021-07-31,1.3902
2021-08-01,1.38949
2021-08-02,1.38903
2021-08-03,1.39163
2021-08-04,1.38887
2021-08-05,1.39264
2021-08-06,1.38727
2021-08-07,1.3874
2021-08-08,1.3866
2021-08-09,1.3848
2021-08-10,1.38349
2021-08-11,1.3865
2021-08-12,1.38106
2021-08-13,1.3866
2021-08-14,1.3866
2021-08-15,1.3863
2021-08-16,1.384
2021-08-17,1.3738
2021-08-18,1.37427
2021-08-19,1.36297
2021-08-20,1.3621
2021-08-21,1.3624
2021-08-22,1.3623
2021-08-23,1.37216
2021-08-24,1.37235
2021-08-25,1.3762
2021-08-26,1.36998
2021-08-27,1.3753
2021-08-28,1.3753
2021-08-29,1.3761
2021-08-30,1.37572
2021-08-31,1.37517
2021-09-01,1.37704
2021-09-02,1.38355
2021-09-03,1.38583
2021-09-04,1.38583
2021-09-05,1.38583
2021-09-06,1.3838
2021-09-07,1.37784
2021-09-08,1.37659
2021-09-09,1.38387
2021-09-10,1.3844
2021-09-11,1.3844
2021-09-12,1.3838
2021-09-13,1.3837
2021-09-14,1.3808
2021-09-15,1.38475
2021-09-16,1.37971
2021-09-17,1.37388
2021-09-18,1.37388
2021-09-19,1.37282
2021-09-20,1.36614
2021-09-21,1.3656
2021-09-22,1.36155
2021-09-23,1.37196
2021-09-24,1.3668
2021-09-26,1.36679
2021-09-27,1.36999
2021-09-28,1.3541
2021-09-29,1.3427
2021-09-30,1.3467
2021-10-01,1.35434
2021-10-02,1.35434
2021-10-03,1.35692
2021-10-04,1.36059
2021-10-05,1.36253
2021-10-06,1.35902
2021-10-07,1.3619
2021-10-08,1.3614
2021-10-09,1.3611
2021-10-10,1.3615
2021-10-11,1.359
2021-10-12,1.3578
2021-10-13,1.3667
2021-10-14,1.3666
2021-10-15,1.37143
2021-10-16,1.37143
2021-10-17,1.37603
2021-10-18,1.37352
2021-10-19,1.3793
2021-10-20,1.3822
2021-10-21,1.37909
2021-10-22,1.37537
2021-10-23,1.375
2021-10-24,1.376
2021-10-25,1.37628
2021-10-26,1.37649
2021-10-27,1.37307
2021-10-28,1.3798
2021-10-29,1.36941
2021-10-30,1.36941
2021-10-31,1.36819
2021-11-01,1.36536
2021-11-02,1.36144
2021-11-03,1.36935
2021-11-04,1.35055
2021-11-05,1.3502
2021-11-06,1.3502
2021-11-07,1.34901
2021-11-08,1.3563
2021-11-09,1.3559
2021-11-10,1.34114
2021-11-11,1.33633
2021-11-12,1.34143
2021-11-13,1.34143
2021-11-14,1.34153
2021-11-15,1.34072
2021-11-16,1.34238
2021-11-17,1.34874
2021-11-18,1.34982
2021-11-19,1.34434
2021-11-20,1.34434
2021-11-21,1.34331
2021-11-22,1.3396
2021-11-23,1.3374
2021-11-24,1.33284
2021-11-25,1.33103
2021-11-26,1.3339
2021-11-28,1.33398
2021-11-29,1.33129
2021-11-30,1.32941
2021-12-01,1.3275
2021-12-02,1.32984
2021-12-03,1.32314
2021-12-04,1.3232
2021-12-05,1.32352
2021-12-06,1.3262
2021-12-07,1.32449
2021-12-08,1.32082
2021-12-09,1.32234
2021-12-10,1.32643
2021-12-11,1.3267
2021-12-12,1.32555
2021-12-13,1.32123
2021-12-14,1.32289
2021-12-15,1.32607
2021-12-16,1.3321
2021-12-17,1.32353
2021-12-18,1.32363
2021-12-19,1.32283
2021-12-20,1.32079
2021-12-21,1.32669
2021-12-22,1.3349
2021-12-23,1.34047
2021-12-24,1.33843
2021-12-25,1.33843
2021-12-26,1.34035
2021-12-27,1.34407
2021-12-28,1.34316
2021-12-29,1.34957
2021-12-30,1.34964
2021-12-31,1.3522
2022-01-01,1.3522
2022-01-02,1.35209
2022-01-03,1.34808
2022-01-04,1.35277
2022-01-05,1.35538
2022-01-06,1.35318
2022-01-07,1.35885
2022-01-08,1.35875
2022-01-09,1.35912
2022-01-10,1.35793
2022-01-11,1.3632
2022-01-12,1.37041
2022-01-13,1.3713
2022-01-14,1.3678
2022-01-15,1.3678
2022-01-16,1.36722
2022-01-17,1.3647
2022-01-18,1.35996
2022-01-19,1.3607
2022-01-20,1.35954
2022-01-21,1.35473
2022-01-22,1.35473
2022-01-23,1.35548
2022-01-24,1.34876
2022-01-25,1.3506
2022-01-26,1.34661
2022-01-27,1.33867
2022-01-28,1.33927
2022-01-29,1.33927
2022-01-30,1.34022
2022-01-31,1.3444
2022-02-01,1.35224
2022-02-02,1.35621
2022-02-03,1.35968
2022-02-04,1.35312
2022-02-05,1.35312
2022-02-06,1.35321
2022-02-07,1.3536
2022-02-08,1.35462
2022-02-09,1.35312
2022-02-10,1.355
2022-02-11,1.35603
2022-02-12,1.35613
2022-02-13,1.35683
2022-02-14,1.35309
2022-02-15,1.35399
2022-02-16,1.35823
2022-02-17,1.3616
2022-02-18,1.35872
2022-02-19,1.35872
2022-02-20,1.35917
2022-02-21,1.35932
2022-02-22,1.35871
2022-02-23,1.35434
2022-02-24,1.33716
2022-02-25,1.34133
2022-02-26,1.3412
2022-02-27,1.3371
2022-02-28,1.34218
2022-03-01,1.33338
2022-03-02,1.33949
2022-03-03,1.33492
2022-03-04,1.3228
2022-03-05,1.3228
2022-03-06,1.3211
2022-03-07,1.3111
2022-03-08,1.3098
2022-03-09,1.31834
2022-03-10,1.3101
2022-03-11,1.3039
2022-03-12,1.3039
2022-03-13,1.30491
2022-03-14,1.30088
2022-03-15,1.30436
2022-03-16,1.31381
2022-03-17,1.31566
2022-03-18,1.318
2022-03-19,1.318
2022-03-20,1.31591
2022-03-21,1.31678
2022-03-22,1.3264
2022-03-23,1.32051
2022-03-24,1.31936
2022-03-25,1.3201
2022-03-26,1.32
2022-03-27,1.31724
2022-03-28,1.31016
2022-03-29,1.30923
2022-03-30,1.3136
2022-03-31,1.31459
2022-04-01,1.31101
2022-04-02,1.31141
2022-04-03,1.3104
2022-04-04,1.31125
2022-04-05,1.30765
2022-04-06,1.30679
2022-04-07,1.30685
2022-04-08,1.30348
2022-04-09,1.30348
2022-04-10,1.30309
2022-04-11,1.30213
2022-04-12,1.30015
2022-04-13,1.31192
2022-04-14,1.30645
2022-04-15,1.30589
2022-04-16,1.30589
2022-04-17,1.30563
2022-04-18,1.3009
2022-04-19,1.30117
2022-04-20,1.30679
2022-04-21,1.30249
2022-04-22,1.27929
2022-04-23,1.28589
2022-04-24,1.2829
2022-04-25,1.2739
2022-04-26,1.25822
2022-04-27,1.2541
2022-04-28,1.2463
2022-04-29,1.2573
2022-04-30,1.2573
2022-05-01,1.2573
2022-05-02,1.24971
2022-05-03,1.24993
2022-05-04,1.26162
2022-05-05,1.23629
2022-05-06,1.2334
2022-05-07,1.2334
2022-05-08,1.23253
2022-05-09,1.23376
2022-05-10,1.23064
2022-05-11,1.22322
2022-05-12,1.22044
2022-05-13,1.22559
2022-05-14,1.22559
2022-05-15,1.22575
2022-05-16,1.23238
2022-05-17,1.24848
2022-05-18,1.23445
2022-05-19,1.2459
2022-05-20,1.2486
2022-05-21,1.2486
2022-05-22,1.25029
2022-05-23,1.25654
2022-05-24,1.254
2022-05-25,1.25831
2022-05-26,1.2616
2022-05-27,1.26243
2022-05-28,1.26243
2022-05-29,1.2627
2022-05-30,1.26459
2022-05-31,1.26058
2022-06-01,1.2482
2022-06-02,1.25782
2022-06-03,1.24887
2022-06-04,1.2489
2022-06-05,1.24911
2022-06-06,1.2523
2022-06-07,1.25861
2022-06-08,1.2539
2022-06-09,1.24917
2022-06-10,1.23169
2022-06-11,1.23159
2022-06-12,1.22735
2022-06-13,1.2142
2022-06-14,1.20107
2022-06-15,1.2173
2022-06-16,1.23518
2022-06-17,1.2219
2022-06-18,1.2221
2022-06-19,1.22268
2022-06-20,1.22495
2022-06-21,1.22654
2022-06-22,1.22497
2022-06-23,1.22596
2022-06-24,1.227
2022-06-25,1.227
2022-06-26,1.22813
2022-06-27,1.2267
2022-06-28,1.21875
2022-06-29,1.21289
2022-06-30,1.2158
2022-07-01,1.20933
2022-07-02,1.20933
2022-07-03,1.21015
2022-07-04,1.21121
2022-07-05,1.19475
2022-07-06,1.19209
2022-07-07,1.20262
2022-07-08,1.20295
2022-07-09,1.2032
2022-07-10,1.20151
2022-07-11,1.1898
2022-07-12,1.18757
2022-07-13,1.1861
2022-07-14,1.18374
2022-07-15,1.18681
2022-07-16,1.18671
2022-07-17,1.18871
2022-07-18,1.1947
2022-07-19,1.20011
2022-07-20,1.19685
2022-07-21,1.19948
2022-07-22,1.20061
2022-07-23,1.20051
2022-07-24,1.19853
2022-07-25,1.20528
2022-07-26,1.20356
2022-07-27,1.21609
2022-07-28,1.2173
2022-07-29,1.2173
2022-07-30,1.2173
2022-07-31,1.2167
2022-08-01,1.2252
2022-08-02,1.21414
2022-08-03,1.2138
2022-08-04,1.21569
2022-08-05,1.2063
2022-08-06,1.2067
2022-08-07,1.20584
2022-08-08,1.20835
2022-08-09,1.20699
2022-08-10,1.22091
2022-08-11,1.21946
2022-08-12,1.21412
2022-08-13,1.21412
2022-08-14,1.21271
2022-08-15,1.2055
2022-08-16,1.2095
2022-08-17,1.20431
2022-08-18,1.19305
2022-08-19,1.18281
2022-08-20,1.183
2022-08-21,1.1816
2022-08-22,1.17645
2022-08-23,1.18293
2022-08-24,1.17892
2022-08-25,1.18216
2022-08-26,1.1729
2022-08-27,1.173
2022-08-28,1.1692
2022-08-29,1.1722
2022-08-30,1.1657
2022-08-31,1.15971
2022-09-01,1.15469
2022-09-02,1.15055
2022-09-03,1.15055
2022-09-04,1.14737
2022-09-05,1.1565
2022-09-06,1.15106
2022-09-07,1.15179
2022-09-08,1.1518
2022-09-09,1.16
2022-09-10,1.16
2022-09-11,1.1618
2022-09-12,1.1689
2022-09-13,1.15051
2022-09-14,1.1542
2022-09-15,1.1452
2022-09-16,1.1422
2022-09-17,1.1422
2022-09-18,1.14319
2022-09-19,1.14421
2022-09-20,1.1379
2022-09-21,1.12537
2022-09-22,1.1263
2022-09-23,1.0848
2022-09-24,1.0847
2022-09-25,1.0794
2022-09-26,1.07699
2022-09-27,1.07248
2022-09-28,1.0833
2022-09-29,1.1167
2022-09-30,1.11654
2022-10-01,1.11654
2022-10-02,1.11376
2022-10-03,1.13316
2022-10-04,1.14498
2022-10-05,1.13536
2022-10-06,1.11602
2022-10-07,1.1088
2022-10-08,1.1089
2022-10-09,1.1071
2022-10-10,1.10747
2022-10-11,1.0966
2022-10-12,1.1102
2022-10-13,1.1301
2022-10-14,1.1178
2022-10-15,1.1178
2022-10-16,1.12424
2022-10-17,1.1351
2022-10-18,1.13421
2022-10-19,1.12093
2022-10-20,1.12201
2022-10-21,1.1301
2022-10-22,1.1307
2022-10-23,1.13424
2022-10-24,1.1308
2022-10-25,1.1461
2022-10-26,1.16368
2022-10-27,1.15646
2022-10-28,1.1612
2022-10-29,1.1612
2022-10-30,1.15942
2022-10-31,1.14669
2022-11-01,1.1488
2022-11-02,1.1384
2022-11-03,1.11696
2022-11-04,1.1379
2022-11-05,1.1378
2022-11-06,1.13303
2022-11-07,1.15166
2022-11-08,1.155
2022-11-09,1.13668
2022-11-10,1.16939
2022-11-11,1.1811
2022-11-12,1.1812
2022-11-13,1.17977
2022-11-14,1.17484
2022-11-15,1.18786
2022-11-16,1.19133
2022-11-17,1.18585
2022-11-18,1.1894
2022-11-19,1.1894
2022-11-20,1.18836
2022-11-21,1.18255
2022-11-22,1.18919
2022-11-23,1.207
2022-11-24,1.21114
2022-11-25,1.209
2022-11-26,1.209
2022-11-27,1.2053
2022-11-28,1.1959
2022-11-29,1.1945
2022-11-30,1.20734
2022-12-01,1.22577
2022-12-02,1.2299
2022-12-03,1.2299
2022-12-04,1.22951
2022-12-05,1.21909
2022-12-06,1.21308
2022-12-07,1.22096
2022-12-08,1.22339
2022-12-09,1.2258
2022-12-10,1.2259
2022-12-11,1.22371
2022-12-12,1.22676
2022-12-13,1.23537
2022-12-14,1.24182
2022-12-15,1.2187
2022-12-16,1.2143
2022-12-17,1.2142
2022-12-18,1.21585
2022-12-19,1.21519
2022-12-20,1.21876
2022-12-21,1.20754
2022-12-22,1.2039
2022-12-23,1.2052
2022-12-24,1.2052
2022-12-25,1.2063
2022-12-26,1.20817
2022-12-27,1.2025
2022-12-28,1.20271
2022-12-29,1.20547
2022-12-30,1.2102
2022-12-31,1.21
2023-01-01,1.20837
2023-01-02,1.20615
2023-01-03,1.19677
2023-01-04,1.20556
2023-01-05,1.19095
2023-01-06,1.2092
2023-01-07,1.2092
2023-01-08,1.21145
2023-01-09,1.21832
2023-01-10,1.21531
2023-01-11,1.21578
2023-01-12,1.22159
2023-01-13,1.223
2023-01-14,1.2229
2023-01-15,1.22245
2023-01-16,1.22058
2023-01-17,1.2283
2023-01-18,1.2345
2023-01-19,1.23917
2023-01-20,1.2388
2023-01-21,1.2388
2023-01-22,1.24046
2023-01-23,1.23782
2023-01-24,1.23278
2023-01-25,1.2411
2023-01-26,1.2414
2023-01-27,1.238
2023-01-28,1.2381
2023-01-29,1.23984
2023-01-30,1.23477
2023-01-31,1.2308
2023-02-01,1.2386
2023-02-02,1.222
2023-02-03,1.2047
2023-02-04,1.2048
2023-02-05,1.20432
2023-02-06,1.20251
2023-02-07,1.20526
2023-02-08,1.20687
2023-02-09,1.21147
2023-02-10,1.2063
2023-02-11,1.2062
2023-02-12,1.20506
2023-02-13,1.21507
2023-02-14,1.21732
2023-02-15,1.20362
2023-02-16,1.19732
2023-02-17,1.2043
2023-02-18,1.2042
2023-02-19,1.20284
2023-02-20,1.20366
2023-02-21,1.21081
2023-02-22,1.20463
2023-02-23,1.20157
2023-02-24,1.1944
2023-02-25,1.1943
2023-02-26,1.19502
2023-02-27,1.20603
2023-02-28,1.2031
2023-03-01,1.20257
2023-03-02,1.19498
2023-03-03,1.2034
2023-03-04,1.2034
2023-03-05,1.20271
2023-03-06,1.20244
2023-03-07,1.1825
2023-03-08,1.1849
2023-03-09,1.19207
2023-03-10,1.2035
2023-03-11,1.203
2023-03-12,1.20764
2023-03-13,1.21687
2023-03-14,1.215
2023-03-15,1.2068
2023-03-16,1.21078
2023-03-17,1.2181
2023-03-18,1.2181
2023-03-19,1.21856
2023-03-20,1.2274
2023-03-21,1.22235
2023-03-22,1.22783
2023-03-23,1.22802
2023-03-24,1.2226
2023-03-25,1.2226
2023-03-26,1.22428
2023-03-27,1.22963
2023-03-28,1.23294
2023-03-29,1.23111
2023-03-30,1.23851
2023-03-31,1.2344
2023-04-01,1.2344
2023-04-02,1.22857
2023-04-03,1.24219
2023-04-04,1.24983
2023-04-05,1.24619
2023-04-06,1.24357
2023-04-07,1.242
2023-04-08,1.2421
2023-04-09,1.24301
2023-04-10,1.23902
2023-04-11,1.24292
2023-04-12,1.24899
2023-04-13,1.25228
2023-04-14,1.2422
2023-04-15,1.2421
2023-04-16,1.23989
2023-04-17,1.23733
2023-04-18,1.2425
2023-04-19,1.24279
2023-04-20,1.24388
2023-04-21,1.2434
2023-04-22,1.2434
2023-04-23,1.2447
2023-04-24,1.24969
2023-04-25,1.24137
2023-04-26,1.24692
2023-04-27,1.24954
2023-04-28,1.2568
2023-04-29,1.2567
2023-04-30,1.25565
2023-05-01,1.24821
2023-05-02,1.24758
2023-05-03,1.25663
2023-05-04,1.25824
2023-05-05,1.2638
2023-05-06,1.2638
2023-05-07,1.26295
2023-05-08,1.26106
2023-05-09,1.26237
2023-05-10,1.2625
2023-05-11,1.2508
2023-05-12,1.2451
2023-05-13,1.245
2023-05-14,1.245
2023-05-15,1.2524
2023-05-16,1.2484
2023-05-17,1.24819
2023-05-18,1.24111
2023-05-19,1.2447
2023-05-20,1.2446
2023-05-21,1.24602
2023-05-22,1.24327
2023-05-23,1.24163
2023-05-24,1.23685
2023-05-25,1.23157
2023-05-26,1.2345
2023-05-27,1.2345
2023-05-28,1.23461
2023-05-29,1.23482
2023-05-30,1.24107
2023-05-31,1.2444
2023-06-01,1.25233
2023-06-02,1.245
2023-06-03,1.2452
2023-06-04,1.2429
2023-06-05,1.24306
2023-06-06,1.2426
2023-06-07,1.24434
2023-06-08,1.25585
2023-06-09,1.2564
2023-06-10,1.2565
2023-06-11,1.25799
2023-06-12,1.25144
2023-06-13,1.2606
2023-06-14,1.2669
2023-06-15,1.27845
2023-06-16,1.2823
2023-06-17,1.2823
2023-06-18,1.2828
2023-06-19,1.27924
2023-06-20,1.27644
2023-06-21,1.27693
2023-06-22,1.27462
2023-06-23,1.2713
2023-06-24,1.2715
2023-06-25,1.27287
2023-06-26,1.2711
2023-06-27,1.2743
2023-06-28,1.26402
2023-06-29,1.26131
2023-06-30,1.25845
2023-07-01,1.25845
2023-07-02,1.26924
2023-07-03,1.2691
2023-07-04,1.27167
2023-07-05,1.27029
2023-07-06,1.2742
2023-07-07,1.2841
2023-07-08,1.2838
2023-07-09,1.28381
2023-07-10,1.28638
2023-07-11,1.29338
2023-07-12,1.29954
2023-07-13,1.31272
2023-07-14,1.309
2023-07-15,1.3092
2023-07-16,1.30891
2023-07-17,1.30708
2023-07-18,1.30339
2023-07-19,1.29368
2023-07-20,1.28715
2023-07-21,1.2855
2023-07-22,1.2853
2023-07-23,1.2853
2023-07-24,1.28116
2023-07-25,1.2894
2023-07-26,1.2927
2023-07-27,1.27929
2023-07-28,1.2845
2023-07-29,1.2845
2023-07-30,1.28528
2023-07-31,1.28332
2023-08-01,1.27947
2023-08-02,1.2719
2023-08-03,1.27146
2023-08-04,1.2747
2023-08-05,1.2747
2023-08-06,1.27471
2023-08-07,1.27802
2023-08-08,1.27408
2023-08-09,1.2719
2023-08-10,1.26689
2023-08-11,1.2693
2023-08-12,1.2693
2023-08-13,1.26942
2023-08-14,1.26844
2023-08-15,1.26995
2023-08-16,1.27269
2023-08-17,1.2747
2023-08-18,1.2733
2023-08-19,1.2733
2023-08-20,1.27409
2023-08-21,1.27598
2023-08-22,1.2732
2023-08-23,1.27194
2023-08-24,1.2591
2023-08-25,1.258
2023-08-26,1.258
2023-08-27,1.25888
2023-08-28,1.26093
2023-08-29,1.2636
2023-08-30,1.27103
2023-08-31,1.26719
2023-09-01,1.2586
2023-09-02,1.2586
2023-09-03,1.25901
2023-09-04,1.26213
2023-09-05,1.25685
2023-09-06,1.24979
2023-09-07,1.24739
2023-09-08,1.2464
2023-09-09,1.2464
2023-09-10,1.2488
2023-09-11,1.25073
2023-09-12,1.249
2023-09-13,1.24885
2023-09-14,1.24007
2023-09-15,1.2385
2023-09-16,1.2385
2023-09-17,1.23967
2023-09-18,1.23828
2023-09-19,1.23925
2023-09-20,1.23267
2023-09-21,1.2293
2023-09-22,1.224
2023-09-23,1.224
2023-09-24,1.2241
2023-09-25,1.22102
2023-09-26,1.21456
2023-09-27,1.21332
2023-09-28,1.22038
2023-09-29,1.2201
2023-09-30,1.2201
2023-10-01,1.219
2023-10-02,1.20902
2023-10-03,1.2078
2023-10-04,1.2135
2023-10-05,1.21854
2023-10-06,1.2239
2023-10-07,1.2239
2023-10-08,1.222
2023-10-09,1.225
2023-10-10,1.22879
2023-10-11,1.23143
2023-10-12,1.21812
2023-10-13,1.2123
2023-10-14,1.2123
2023-10-15,1.21525
2023-10-16,1.22118
2023-10-17,1.2177
2023-10-18,1.21417
2023-10-19,1.21356
2023-10-20,1.215
2023-10-21,1.215
2023-10-22,1.2163
2023-10-23,1.22475
2023-10-24,1.2159
2023-10-25,1.21012
2023-10-26,1.21345
2023-10-27,1.2124
2023-10-28,1.2124
2023-10-29,1.21125
2023-10-30,1.21649
2023-10-31,1.21491
2023-11-01,1.21804
2023-11-02,1.21897
2023-11-03,1.2374
2023-11-04,1.2374
2023-11-05,1.23716
2023-11-06,1.23434
2023-11-07,1.22897
2023-11-08,1.2284
2023-11-09,1.2214
2023-11-10,1.2222
2023-11-11,1.2222
2023-11-12,1.2227
2023-11-13,1.22798
2023-11-14,1.24929
2023-11-15,1.24208
2023-11-16,1.24129
2023-11-17,1.2456
2023-11-18,1.2456
2023-11-19,1.24528
2023-11-20,1.25075
2023-11-21,1.254
2023-11-22,1.24878
2023-11-23,1.25318
2023-11-24,1.26
2023-11-25,1.26
2023-11-26,1.25988
2023-11-27,1.26331
2023-11-28,1.2711
2023-11-29,1.26947
2023-11-30,1.26299
2023-12-01,1.2698
2023-12-02,1.2698
2023-12-03,1.27113
2023-12-04,1.26327
2023-12-05,1.25931
2023-12-06,1.2556
2023-12-07,1.25865
2023-12-08,1.255
2023-12-09,1.255
2023-12-10,1.25534
2023-12-11,1.2553
2023-12-12,1.25689
2023-12-13,1.2621
2023-12-14,1.27686
2023-12-15,1.2688
2023-12-16,1.2688
2023-12-17,1.26707
2023-12-18,1.265
2023-12-19,1.27309
2023-12-20,1.26393
2023-12-21,1.26818
2023-12-22,1.2698
2023-12-23,1.27
2023-12-24,1.269
2023-12-25,1.2703
2023-12-26,1.27255
2023-12-27,1.2798
2023-12-28,1.2732
2023-12-29,1.2739
2023-12-30,1.2739
2023-12-31,1.2728
2024-01-01,1.2727
2024-01-02,1.26219
2024-01-03,1.26719
2024-01-04,1.26826
2024-01-05,1.2724
2024-01-06,1.2724
2024-01-07,1.27168
2024-01-08,1.2743
2024-01-09,1.27103
2024-01-10,1.2745
2024-01-11,1.27763
2024-01-12,1.2745
2024-01-13,1.2745
2024-01-14,1.27353
2024-01-15,1.27149
2024-01-16,1.2636
2024-01-17,1.26747
2024-01-18,1.2708
2024-01-19,1.2703
2024-01-20,1.2703
2024-01-21,1.2699
2024-01-22,1.27057
2024-01-23,1.26897
2024-01-24,1.27172
2024-01-25,1.2708
2024-01-26,1.271
2024-01-27,1.271
2024-01-28,1.26963
2024-01-29,1.27116
2024-01-30,1.2692
2024-01-31,1.2677
2024-02-01,1.2744
2024-02-02,1.2632
2024-02-03,1.2632
2024-02-04,1.26206
2024-02-05,1.25322
2024-02-06,1.26024
2024-02-07,1.2626
2024-02-08,1.26188
2024-02-09,1.2628
2024-02-10,1.2628
2024-02-11,1.26359
2024-02-12,1.2625
2024-02-13,1.25879
2024-02-14,1.25671
2024-02-15,1.25977
2024-02-16,1.2601
2024-02-17,1.2601
2024-02-18,1.261
2024-02-19,1.2586
2024-02-20,1.26251
2024-02-21,1.26368
2024-02-22,1.26626
2024-02-23,1.2678
2024-02-24,1.2678
2024-02-25,1.26714
2024-02-26,1.2683
2024-02-27,1.26802
2024-02-28,1.26593
2024-02-29,1.26244
2024-03-01,1.2656
2024-03-02,1.2656
2024-03-03,1.26594
2024-03-04,1.2689
2024-03-05,1.2703
2024-03-06,1.27342
2024-03-07,1.28124
2024-03-08,1.2857
2024-03-09,1.2857
2024-03-10,1.28542
2024-03-11,1.28189
2024-03-12,1.27947
2024-03-13,1.28009
2024-03-14,1.27449
2024-03-15,1.273
2024-03-16,1.273
2024-03-17,1.27304
2024-03-18,1.27257
2024-03-19,1.27185
2024-03-20,1.27972
2024-03-21,1.26599
2024-03-22,1.26
2024-03-23,1.26
2024-03-24,1.25971
2024-03-25,1.26368
2024-03-26,1.26276
2024-03-27,1.26162
2024-03-28,1.26235
2024-03-29,1.2625
2024-03-30,1.2625
2024-03-31,1.2634
2024-04-01,1.2546
2024-04-02,1.25759
2024-04-03,1.26509
2024-04-04,1.26395
2024-04-05,1.2637
2024-04-06,1.2637
2024-04-07,1.26241
2024-04-08,1.26569
2024-04-09,1.26762
2024-04-10,1.25362
2024-04-11,1.25541
2024-04-12,1.2456
2024-04-13,1.2456
2024-04-14,1.2461
2024-04-15,1.2446
2024-04-16,1.24299
2024-04-17,1.24528
2024-04-18,1.24358
2024-04-19,1.2368
2024-04-20,1.2368
2024-04-21,1.23746
2024-04-22,1.23494
2024-04-23,1.24519
2024-04-24,1.24587
2024-04-25,1.25078
2024-04-26,1.2487
2024-04-27,1.2484
2024-04-28,1.25083
2024-04-29,1.25586
2024-04-30,1.24892
2024-05-01,1.2538
2024-05-02,1.254
2024-05-03,1.2548
2024-05-04,1.2547
2024-05-05,1.25401
2024-05-06,1.25592
2024-05-07,1.25005
2024-05-08,1.24923
2024-05-09,1.25246
2024-05-10,1.2523
2024-05-11,1.2524
2024-05-12,1.2522
2024-05-13,1.25606
2024-05-14,1.25844
2024-05-15,1.26885
2024-05-16,1.26706
2024-05-17,1.2704
2024-05-18,1.2707
2024-05-19,1.2705
2024-05-20,1.27095
2024-05-21,1.27103
2024-05-22,1.27197
2024-05-23,1.26933
2024-05-24,1.274
2024-05-25,1.2739
2024-05-26,1.2734
2024-05-27,1.27707
2024-05-28,1.2757
2024-05-29,1.26969
2024-05-30,1.27281
2024-05-31,1.2736
2024-06-01,1.2737
2024-06-02,1.27439
2024-06-03,1.281
2024-06-04,1.277
2024-06-05,1.2792
2024-06-06,1.27915
2024-06-07,1.2727
2024-06-08,1.273
2024-06-09,1.2728
2024-06-10,1.27254
2024-06-11,1.27395
2024-06-12,1.2796
2024-06-13,1.2754
2024-06-14,1.2671
2024-06-15,1.2672
2024-06-16,1.26818
2024-06-17,1.2714
2024-06-18,1.27066
2024-06-19,1.2719
2024-06-20,1.26594
2024-06-21,1.265
2024-06-22,1.2651
2024-06-23,1.2637
2024-06-24,1.26819
2024-06-26,1.26208
2024-06-27,1.26448
2024-06-28,1.2648
2024-06-29,1.2648
2024-06-30,1.26477
2024-07-01,1.26444
2024-07-02,1.2688
2024-07-03,1.27463
2024-07-04,1.27546
2024-07-05,1.2808
2024-07-06,1.2809
2024-07-07,1.2806
2024-07-08,1.28151
2024-07-09,1.27882
2024-07-10,1.28522
2024-07-11,1.29213
2024-07-12,1.2978
2024-07-13,1.2981
2024-07-14,1.2966
2024-07-15,1.29687
2024-07-16,1.29761
2024-07-17,1.30064
2024-07-18,1.29497
2024-07-19,1.2916
2024-07-20,1.2919
2024-07-21,1.29321
2024-07-22,1.29317
2024-07-23,1.29003
2024-07-24,1.28989
2024-07-25,1.2854
2024-07-26,1.2867
2024-07-27,1.2867
2024-07-28,1.2867
2024-07-29,1.28589
2024-07-30,1.2836
2024-07-31,1.2852
2024-08-01,1.27281
2024-08-02,1.2805
2024-08-03,1.2805
2024-08-04,1.2787
2024-08-05,1.27877
2024-08-06,1.2683
2024-08-07,1.26782
2024-08-08,1.27466
2024-08-09,1.2731
2024-08-10,1.273
2024-08-11,1.27487
2024-08-12,1.27685
2024-08-13,1.28655
2024-08-14,1.2825
2024-08-15,1.28582
2024-08-16,1.2953
2024-08-17,1.2953
2024-08-18,1.29457
2024-08-19,1.29889
2024-08-20,1.3034
2024-08-21,1.30918
2024-08-22,1.30961
2024-08-23,1.3211
2024-08-24,1.3216
2024-08-25,1.3211
2024-08-26,1.31907
2024-08-27,1.3256
2024-08-28,1.31926
2024-08-29,1.31646
2024-08-30,1.3129
2024-08-31,1.3131
2024-09-01,1.31286
2024-09-02,1.31407
2024-09-03,1.31126
2024-09-04,1.3143
2024-09-05,1.31761
2024-09-06,1.3131
2024-09-07,1.3134
2024-09-08,1.31315
2024-09-09,1.30703
2024-09-10,1.30794
2024-09-11,1.30379
2024-09-12,1.31315
2024-09-13,1.3122
2024-09-14,1.3121
2024-09-15,1.3136
2024-09-16,1.321
2024-09-17,1.31665
2024-09-18,1.32004
2024-09-19,1.32809
2024-09-20,1.3316
2024-09-21,1.3315
2024-09-22,1.33128
2024-09-23,1.33489
2024-09-24,1.34264
2024-09-25,1.33149
2024-09-26,1.34102
2024-09-27,1.337
2024-09-28,1.337
2024-09-29,1.33821
2024-09-30,1.33752
2024-10-01,1.3272
2024-10-02,1.32643
2024-10-03,1.31284
2024-10-04,1.3125
2024-10-05,1.3125
2024-10-06,1.31234
2024-10-07,1.30835
2024-10-08,1.30935
2024-10-09,1.30669
2024-10-10,1.30607
2024-10-11,1.3068
2024-10-12,1.3069
2024-10-13,1.30477
2024-10-14,1.30652
2024-10-15,1.30651
2024-10-16,1.29885
2024-10-17,1.30135
2024-10-18,1.3052
2024-10-19,1.3053
2024-10-20,1.30515
2024-10-21,1.29814
2024-10-22,1.29819
2024-10-23,1.29132
2024-10-24,1.2972
2024-10-25,1.296
2024-10-26,1.296
2024-10-27,1.29568
2024-10-28,1.2971
2024-10-29,1.30126
2024-10-30,1.2958
2024-10-31,1.28968
2024-11-01,1.2926
2024-11-02,1.2927
2024-11-03,1.29522
2024-11-04,1.29537
2024-11-05,1.30416
2024-11-06,1.2882
2024-11-07,1.29805
2024-11-08,1.2918
2024-11-09,1.292
2024-11-10,1.29157
2024-11-11,1.28722
2024-11-12,1.2738
2024-11-13,1.27059
2024-11-14,1.26667
2024-11-15,1.2617
2024-11-16,1.2618
2024-11-17,1.26168
2024-11-18,1.2678
2024-11-19,1.26939
2024-11-20,1.26535
2024-11-21,1.25837
2024-11-22,1.2529
2024-11-23,1.2528
2024-11-24,1.25923
2024-11-25,1.25318
2024-11-26,1.25724
2024-11-27,1.26768
2024-11-28,1.26947
2024-11-29,1.2732
2024-11-30,1.2734
2024-12-01,1.26998
2024-12-02,1.26573
2024-12-03,1.26734
2024-12-04,1.27003
2024-12-05,1.27585
2024-12-06,1.2744
2024-12-07,1.2743
2024-12-08,1.27476
2024-12-09,1.27482
2024-12-10,1.27792
2024-12-11,1.27652
2024-12-12,1.26745
2024-12-13,1.2619
2024-12-14,1.2618
2024-12-15,1.26259
2024-12-16,1.26913
2024-12-17,1.271
2024-12-18,1.25669
2024-12-19,1.2497
2024-12-20,1.2569
2024-12-21,1.257
2024-12-22,1.25684
2024-12-23,1.25328
2024-12-24,1.2532
2024-12-25,1.2543
2024-12-26,1.25279
2024-12-27,1.2569
2024-12-28,1.257
2024-12-29,1.25776
2024-12-30,1.25479
2024-12-31,1.25162
2025-01-01,1.25179
2025-01-02,1.2379
2025-01-03,1.242
2025-01-04,1.2421
2025-01-05,1.24255
2025-01-06,1.25099
2025-01-07,1.24766
2025-01-08,1.23589
2025-01-09,1.22983
2025-01-10,1.2208
2025-01-11,1.2214
2025-01-12,1.22035
2025-01-13,1.2231
2025-01-14,1.22104
2025-01-15,1.22423
2025-01-16,1.22351
2025-01-17,1.2177
2025-01-18,1.2167
2025-01-19,1.21699
2025-01-20,1.23305
2025-01-21,1.23346
2025-01-22,1.23135
2025-01-23,1.23511
2025-01-24,1.2479
2025-01-25,1.2483
2025-01-26,1.24571
2025-01-27,1.24593
2025-01-28,1.24389
2025-01-29,1.24541
2025-01-30,1.24219
2025-01-31,1.24
2025-02-01,1.2401
2025-02-02,1.22898
2025-02-03,1.24301
2025-02-04,1.24761
2025-02-05,1.25026
2025-02-06,1.24349
2025-02-07,1.2404
2025-02-08,1.2407
2025-02-09,1.23902
2025-02-10,1.23583
2025-02-11,1.24507
2025-02-12,1.2449
2025-02-13,1.25625
2025-02-14,1.2594
2025-02-15,1.2595
2025-02-16,1.25831
2025-02-17,1.26196
2025-02-18,1.26244
2025-02-19,1.25819
2025-02-20,1.26694
2025-02-21,1.2631
2025-02-22,1.263
2025-02-23,1.2649
2025-02-24,1.26164
2025-02-25,1.26723
2025-02-26,1.268
2025-02-27,1.25977
2025-02-28,1.2572
2025-03-01,1.2572
2025-03-02,1.26028
2025-03-03,1.27
2025-03-04,1.27921
2025-03-05,1.28905
2025-03-06,1.28841
2025-03-07,1.2909
2025-03-08,1.291
2025-03-09,1.29314
2025-03-10,1.2874
2025-03-11,1.29437
2025-03-12,1.2963
2025-03-13,1.29561
2025-03-14,1.2942
2025-03-15,1.2941
2025-03-16,1.29292
2025-03-17,1.29838
2025-03-18,1.29992
2025-03-19,1.3008
2025-03-20,1.29665
2025-03-21,1.2917
2025-03-22,1.2916
2025-03-23,1.29237
2025-03-24,1.29227
2025-03-25,1.2944
2025-03-26,1.28768
2025-03-27,1.29506
2025-03-28,1.2944
2025-03-29,1.2944
2025-03-30,1.29371
2025-03-31,1.29197
2025-04-01,1.29221
2025-04-02,1.30448
2025-04-03,1.30873
2025-04-04,1.2883
2025-04-05,1.2884
2025-04-06,1.29085
2025-04-07,1.2733
2025-04-08,1.27875
2025-04-09,1.28244
2025-04-10,1.29902
2025-04-11,1.3081
2025-04-12,1.3082
2025-04-13,1.30833
2025-04-14,1.31728
2025-04-15,1.32292
2025-04-16,1.3232
2025-04-17,1.32648
2025-04-21,1.33769
2025-04-22,1.32719
2025-04-23,1.32636
2025-04-24,1.3325
2025-04-25,1.3312
2025-04-26,1.3312
2025-04-27,1.32892
2025-04-28,1.34346
2025-04-29,1.34096
2025-04-30,1.33224
2025-05-01,1.3284
2025-05-02,1.3273
2025-05-03,1.3274
2025-05-04,1.32706
2025-05-05,1.32908
2025-05-06,1.3354
2025-05-07,1.3291
2025-05-08,1.32344
2025-05-09,1.3303
2025-05-10,1.3301
2025-05-11,1.32871
2025-05-12,1.31761
2025-05-13,1.33026
2025-05-14,1.32626
2025-05-15,1.33045
2025-05-16,1.3281
2025-05-17,1.3281
2025-05-18,1.33038
2025-05-19,1.3359
2025-05-20,1.33961
2025-05-21,1.34175
2025-05-22,1.3418
2025-05-23,1.3541
2025-05-24,1.3541
2025-05-25,1.35342
2025-05-26,1.35637
2025-05-27,1.3512
2025-05-28,1.34296
2025-05-29,1.3497
2025-05-30,1.3461
2025-05-31,1.3461
2025-06-01,1.3466
2025-06-02,1.35552
2025-06-03,1.35299
2025-06-04,1.35509
2025-06-05,1.35798
2025-06-06,1.3527
2025-06-07,1.3531
2025-06-08,1.35368
2025-06-09,1.35554
2025-06-10,1.35071
2025-06-11,1.3565
2025-06-12,1.3625
2025-06-13,1.3561
2025-06-14,1.3561
2025-06-16,1.35638
2025-06-17,1.34287
2025-06-18,1.34149
2025-06-19,1.34753
2025-06-20,1.3457
2025-06-21,1.3459
2025-06-22,1.34344
2025-06-23,1.35441
2025-06-24,1.36136
2025-06-25,1.36908
2025-06-26,1.37237
2025-06-27,1.3722
2025-06-28,1.3725
2025-06-29,1.3718
2025-06-30,1.37299
2025-07-01,1.3745
2025-07-02,1.36494
2025-07-03,1.36663
2025-07-04,1.3652
2025-07-05,1.3653
2025-07-06,1.365
2025-07-07,1.36217
2025-07-08,1.35839
2025-07-09,1.3592
2025-07-10,1.35779
2025-07-11,1.3498
2025-07-12,1.3523
2025-07-13,1.34924
2025-07-14,1.3427
2025-07-15,1.33922
2025-07-16,1.34095
2025-07-17,1.34313
2025-07-18,1.3411
2025-07-19,1.3411
2025-07-20,1.34143
2025-07-21,1.34881
2025-07-22,1.35206
2025-07-23,1.3579
2025-07-24,1.35085
2025-07-25,1.3435
2025-07-26,1.3434
2025-07-27,1.34376
2025-07-28,1.3359
2025-07-29,1.3352
2025-07-30,1.32561
2025-07-31,1.32081
2025-08-01,1.3281
2025-08-02,1.3279
2025-08-03,1.32882
2025-08-04,1.32961
2025-08-05,1.3298
2025-08-06,1.33567
2025-08-07,1.34504
2025-08-08,1.3448
2025-08-09,1.3446
2025-08-10,1.3441
2025-08-11,1.3434
2025-08-12,1.3502
2025-08-13,1.35841
2025-08-14,1.35293
2025-08-15,1.3554
2025-08-16,1.3554
2025-08-17,1.35546
2025-08-18,1.35072
2025-08-19,1.3486
2025-08-20,1.34655
2025-08-21,1.34179
2025-08-22,1.3523
2025-08-23,1.3526
2025-08-24,1.35098
2025-08-25,1.34523
2025-08-26,1.34776
2025-08-27,1.35028
2025-08-28,1.35102
2025-08-29,1.3499
2025-08-30,1.3503
2025-08-31,1.35027
2025-09-01,1.35469
2025-09-02,1.33821
2025-09-03,1.34401
2025-09-04,1.34432
2025-09-05,1.35051
2025-09-06,1.3508
2025-09-07,1.34919
2025-09-08,1.3552
2025-09-09,1.35198
2025-09-10,1.35334
2025-09-11,1.35755
2025-09-12,1.3556
2025-09-13,1.3557
2025-09-14,1.35523
2025-09-15,1.36017
2025-09-16,1.3652
2025-09-17,1.3629
2025-09-18,1.35551
2025-09-19,1.3474
2025-09-20,1.3473
2025-09-21,1.34633
2025-09-22,1.35138
2025-09-23,1.35222
2025-09-24,1.3452
2025-09-25,1.33352
2025-09-26,1.33951
2025-09-27,1.3396
2025-09-28,1.34072
2025-09-29,1.3437
2025-09-30,1.3441
2025-10-01,1.3479
2025-10-02,1.34458
2025-10-03,1.3477
2025-10-04,1.3477
2025-10-05,1.34322
2025-10-06,1.34836
2025-10-07,1.34196
2025-10-08,1.34
2025-10-09,1.33038
2025-10-10,1.3349
2025-10-11,1.335
2025-10-12,1.33352
2025-10-13,1.33317
2025-10-14,1.33202
2025-10-15,1.34038
2025-10-16,1.34447
2025-10-17,1.3426
2025-10-18,1.3424
2025-10-19,1.34246
2025-10-20,1.34041
2025-10-21,1.33641
2025-10-22,1.33509
2025-10-23,1.33261
2025-10-24,1.3307
2025-10-25,1.3307
2025-10-26,1.33212
2025-10-27,1.33398
2025-10-28,1.32778
2025-10-29,1.3192
2025-10-30,1.31582
2025-10-31,1.3154
2025-11-01,1.315
2025-11-02,1.31336
2025-11-03,1.3134
2025-11-04,1.30207
2025-11-05,1.30515
2025-11-06,1.31395
2025-11-07,1.3159
2025-11-08,1.3159
2025-11-09,1.31408
2025-11-10,1.31713
2025-11-11,1.31515
2025-11-12,1.31269
2025-11-13,1.31506
2025-11-14,1.3156
2025-11-15,1.3149
2025-11-16,1.31585
2025-11-17,1.31548
2025-11-18,1.31465
2025-11-19,1.30598
2025-11-20,1.30837
2025-11-21,1.31
2025-11-22,1.3102
2025-11-23,1.30955
2025-11-24,1.31048
2025-11-25,1.31574
2025-11-26,1.32441
2025-11-27,1.324
2025-11-28,1.3242
2025-11-29,1.3242
2025-11-30,1.32383
2025-12-01,1.32084
2025-12-02,1.32184
2025-12-03,1.33473
2025-12-04,1.33205
2025-12-05,1.3341
2025-12-06,1.334
2025-12-07,1.33235
2025-12-08,1.33254
2025-12-09,1.3302
2025-12-10,1.33873
2025-12-11,1.339
2025-12-12,1.337
2025-12-13,1.3371
2025-12-14,1.33664
2025-12-15,1.33788
2025-12-16,1.34238
2025-12-17,1.3372
2025-12-18,1.33839
2025-12-19,1.3377
2025-12-20,1.3378
2025-12-21,1.33743
2025-12-22,1.34682
2025-12-23,1.35122
2025-12-24,1.3495
2025-12-25,1.3507
2025-12-26,1.3497
2025-12-27,1.3498
2025-12-28,1.34952
2025-12-29,1.3509
2025-12-30,1.34658
2025-12-31,1.34475
2026-01-01,1.34722
2026-01-02,1.3468
2026-01-03,1.3467
2026-01-04,1.3437
2026-01-05,1.35323
2026-01-06,1.34993
2026-01-07,1.34574
2026-01-08,1.34354
2026-01-09,1.3406
2026-01-10,1.3406
2026-01-11,1.33928
2026-01-12,1.3464
2026-01-13,1.34251
2026-01-14,1.344
2026-01-15,1.33803
2026-01-16,1.3381
2026-01-17,1.338
2026-01-18,1.3402
2026-01-19,1.34172
2026-01-20,1.34395
2026-01-21,1.34177
2026-01-22,1.34996
2026-01-23,1.3647
2026-01-24,1.3642
2026-01-25,1.36612
2026-01-26,1.36763
2026-01-27,1.38232
2026-01-28,1.38236
2026-01-29,1.38047
2026-01-30,1.369
2026-01-31,1.369
2026-02-01,1.36775
2026-02-02,1.36718
2026-02-03,1.3696
2026-02-04,1.36429
2026-02-05,1.35205
2026-02-06,1.3612
2026-02-07,1.3612
2026-02-08,1.36075
2026-02-09,1.36818
2026-02-10,1.3633
2026-02-11,1.36225
2026-02-12,1.3617
2026-02-13,1.365
2026-02-14,1.3651
2026-02-15,1.36467
2026-02-16,1.3626
2026-02-17,1.3563
2026-02-18,1.3494
2026-02-19,1.34602
2026-02-20,1.3478
2026-02-21,1.3477
2026-02-22,1.35322
2026-02-23,1.34958
2026-02-24,1.34959
2026-02-25,1.35571
2026-02-26,1.3491
2026-02-27,1.3482
2026-02-28,1.3484
2026-03-01,1.34052
2026-03-02,1.34092
2026-03-03,1.3351
2026-03-04,1.33683
2026-03-05,1.33561
2026-03-06,1.3412
2026-03-07,1.3411
2026-03-08,1.32996
2026-03-09,1.3423
2026-03-10,1.34181
2026-03-11,1.33809
2026-03-12,1.3351
2026-03-13,1.3236
2026-03-14,1.3239
2026-03-15,1.32454
2026-03-16,1.3313
2026-03-17,1.3357
2026-03-18,1.32639
2026-03-19,1.34245
2026-03-20,1.3338
2026-03-21,1.3337
2026-03-22,1.333
2026-03-23,1.3422
2026-03-24,1.3414
2026-03-25,1.33621
2026-03-26,1.33339
2026-03-27,1.3266
2026-03-28,1.3263
2026-03-29,1.32374
2026-03-30,1.31715
2026-03-31,1.32429
2026-04-01,1.33011
2026-04-02,1.32289
2026-04-03,1.3201
2026-04-04,1.3201
2026-04-05,1.3186
2026-04-06,1.32333
2026-04-07,1.34004
2026-04-08,1.33923
2026-04-09,1.34288
2026-04-10,1.3455
2026-04-11,1.3456
2026-04-12,1.33936
2026-04-13,1.3515
2026-04-14,1.35744
2026-04-15,1.35722
2026-04-16,1.3525
2026-04-17,1.3523
2026-04-18,1.3523
2026-04-19,1.3482
2026-04-20,1.35303
2026-04-21,1.35085
2026-04-22,1.34994
2026-04-23,1.34654
2026-04-24,1.3533
2026-04-25,1.3531
2026-04-26,1.3513
2026-04-27,1.35373
2026-04-28,1.35236
2026-04-29,1.34878
2026-04-30,1.3601
2026-05-01,1.3577
2026-05-02,1.3577
2026-05-03,1.3579
2026-05-04,1.35303
2026-05-05,1.35678
2026-05-06,1.3591
2026-05-07,1.3555
2026-05-08,1.3633
2026-05-09,1.3629
2026-05-10,1.35937
2026-05-11,1.36037
2026-05-12,1.35348
2026-05-13,1.35259
2026-05-14,1.33903
2026-05-15,1.3327
2026-05-16,1.3326
2026-05-17,1.33091
2026-05-18,1.3431
2026-05-19,1.3395
2026-05-20,1.3433
2026-05-21,1.34317
2026-05-22,1.3443
2026-05-23,1.3444
2026-05-24,1.34804
2026-05-25,1.34917
2026-05-26,1.34544
2026-05-27,1.34154
2026-05-28,1.3442
2026-05-29,1.3455
2026-05-30,1.3456
2026-05-31,1.34501
2026-06-01,1.3456
2026-06-02,1.34533
2026-06-03,1.34262
2026-06-04,1.34205
2026-06-05,1.334
2026-06-06,1.334
2026-06-07,1.33347
2026-06-08,1.33333
2026-06-09,1.337
2026-06-10,1.33587
2026-06-11,1.34139
2026-06-12,1.3408
2026-06-13,1.3408
2026-06-14,1.34489
2026-06-15,1.34151
2026-06-16,1.34249
2026-06-17,1.33003
2026-06-18,1.32012
2026-06-19,1.3233
2026-06-20,1.3229
2026-06-21,1.32067
2026-06-22,1.32432
2026-06-23,1.31994
2026-06-24,1.3164
2026-06-25,1.3187
2026-06-26,1.32
2026-06-27,1.3201
2026-06-28,1.31963
2026-06-29,1.3253
2026-06-30,1.32498
2026-07-01,1.32782
2026-07-02,1.333815
2026-07-03,1.3355
